Date,Time,CO(GT),PT08.S1(CO),NMHC(GT),C6H6(GT),PT08.S2(NMHC),NOx(GT),PT08.S3(NOx),NO2(GT),PT08.S4(NO2),PT08.S5(O3),T,RH,AH
01/01/2025,00.00.00,0.65,848.7,140.9,2.74,946.2,43.9,1099.5,36.5,1077.8,833.5,25.6,80.7,0.0195
01/01/2025,03.00.00,0.56,935.1,168.6,3.75,1065.2,41.2,1190.4,35.1,1151.8,864.6,25.5,78.8,0.019
01/01/2025,06.00.00,0.48,827.4,80.1,0.29,672.6,24.3,1170.8,22.6,1010.9,774.0,29.4,78.5,0.0201
01/01/2025,09.00.00,0.62,899.8,115.3,1.59,842.6,32.2,1181.8,32.4,856.0,783.8,28.8,55.3,0.0177
01/01/2025,12.00.00,0.93,902.4,95.6,2.66,852.8,64.6,1057.3,44.2,1213.4,895.8,21.8,62.1,0.014
01/01/2025,15.00.00,0.93,915.3,113.5,3.18,1005.0,62.9,1052.0,-200.0,1008.1,868.5,20.8,61.1,0.0182
01/01/2025,18.00.00,0.83,906.4,146.4,3.27,998.1,52.4,1196.2,44.6,1089.6,965.6,22.3,56.1,0.0158
01/01/2025,21.00.00,1.21,914.0,182.6,5.15,1095.6,80.6,937.8,62.8,1158.1,960.8,22.5,77.3,0.0172
02/01/2025,00.00.00,0.54,778.2,77.8,0.2,698.2,21.3,1096.1,5.0,936.9,729.8,25.2,73.4,0.0184
02/01/2025,03.00.00,0.68,935.5,122.3,2.86,981.3,52.9,1000.7,24.9,1002.9,732.1,25.9,78.7,0.0196
02/01/2025,06.00.00,0.59,982.7,101.6,1.49,796.3,53.0,1133.5,22.6,994.9,845.2,29.7,80.2,0.0173
02/01/2025,09.00.00,0.99,1034.7,141.6,3.26,914.5,58.5,1060.6,55.3,1028.8,835.1,28.7,61.4,0.0184
02/01/2025,12.00.00,0.55,827.6,116.6,3.96,1036.2,42.5,1088.6,42.9,1252.7,784.5,25.4,58.7,0.0182
02/01/2025,15.00.00,0.2,772.7,90.6,0.2,699.4,13.5,1489.1,5.0,965.6,806.5,25.0,60.8,0.0175
02/01/2025,18.00.00,1.09,892.3,139.9,3.3,918.1,63.1,1150.9,62.8,1154.6,894.8,23.0,70.4,0.0173
02/01/2025,21.00.00,1.05,914.1,126.1,2.35,818.2,68.5,1052.7,51.4,1234.4,787.8,21.7,69.7,0.0171
03/01/2025,00.00.00,0.6,868.4,121.9,2.43,909.7,50.0,1168.9,41.1,989.4,893.2,26.0,71.0,0.0196
03/01/2025,03.00.00,0.59,801.2,99.0,2.21,905.3,21.2,1272.9,18.2,1033.6,652.8,25.9,80.4,0.0174
03/01/2025,06.00.00,0.4,744.6,96.6,1.84,942.8,36.3,1118.1,36.9,1008.8,857.5,29.9,70.3,0.0196
03/01/2025,09.00.00,0.72,889.5,149.0,2.57,930.4,42.4,1270.7,36.4,1073.6,793.8,27.4,53.9,0.0167
03/01/2025,12.00.00,0.57,621.5,143.7,4.08,970.6,55.1,1192.4,20.5,1011.9,871.5,25.0,54.9,0.0168
03/01/2025,15.00.00,0.8,889.3,143.1,2.83,1031.5,54.2,970.9,32.5,866.6,860.8,22.1,70.0,0.0162
03/01/2025,18.00.00,1.3,889.9,171.8,6.0,1278.1,93.7,949.5,71.3,1084.8,970.8,24.4,66.4,0.0178
03/01/2025,21.00.00,1.39,1021.5,181.6,5.66,1077.3,88.9,982.4,61.0,1254.9,981.4,23.0,67.8,0.0188
04/01/2025,00.00.00,0.9,981.5,77.0,0.2,612.3,64.1,1053.7,46.3,1067.7,898.1,24.8,74.3,0.0171
04/01/2025,03.00.00,0.88,981.0,115.5,2.21,833.1,51.2,1311.8,31.1,1164.5,984.5,27.0,74.3,0.0193
04/01/2025,06.00.00,0.58,844.8,84.5,0.54,746.9,40.6,1355.9,19.2,1068.7,837.6,29.4,72.4,0.0186
04/01/2025,09.00.00,1.25,870.9,178.5,4.27,924.9,99.3,873.5,58.7,1119.3,1015.1,28.2,56.7,0.0163
04/01/2025,12.00.00,0.5,803.3,166.3,3.19,946.3,31.5,1224.6,15.6,940.9,744.9,26.2,-200.0,0.0181
04/01/2025,15.00.00,0.65,898.3,113.6,1.67,851.4,47.1,1137.5,31.2,1140.3,867.9,24.1,62.3,0.015
04/01/2025,18.00.00,1.0,804.6,193.1,6.63,1123.5,79.0,956.2,37.4,1196.7,865.3,26.1,62.7,0.0181
04/01/2025,21.00.00,1.33,1057.2,123.8,3.54,1027.4,98.4,834.1,61.2,1124.9,1075.8,22.7,74.7,0.0207
05/01/2025,00.00.00,-200.0,878.7,89.5,1.69,858.5,66.5,1108.0,21.3,1092.8,795.6,24.7,69.0,0.0199
05/01/2025,03.00.00,1.08,964.0,171.0,3.85,968.9,65.2,1231.1,34.2,1109.0,836.4,26.3,76.5,0.0194
05/01/2025,06.00.00,0.39,722.7,63.5,0.31,615.7,15.9,1444.4,21.8,1071.6,633.7,29.6,74.0,0.0183
05/01/2025,09.00.00,1.35,897.7,172.2,5.49,1124.1,96.0,983.0,55.7,1129.8,1017.4,29.6,64.9,0.0171
05/01/2025,12.00.00,0.58,736.0,108.3,1.44,640.2,35.1,1032.1,28.8,968.0,775.5,25.4,61.5,0.0172
05/01/2025,15.00.00,0.89,977.8,103.9,3.5,964.2,81.5,843.3,79.0,1142.3,992.5,22.1,62.0,0.0182
05/01/2025,18.00.00,0.6,860.4,97.5,2.01,853.3,35.1,1309.8,44.3,985.8,736.9,21.2,62.7,0.0167
05/01/2025,21.00.00,1.09,971.3,132.7,4.04,967.2,67.3,1193.0,51.1,1238.1,939.2,24.6,70.0,0.0192
06/01/2025,00.00.00,0.66,883.1,117.3,2.63,953.2,41.3,1237.8,34.2,1037.5,864.5,27.0,79.7,0.0217
06/01/2025,03.00.00,0.8,928.9,167.6,4.65,1097.7,60.4,1073.7,23.7,914.8,895.9,28.8,72.3,0.0184
06/01/2025,06.00.00,0.61,850.0,124.7,1.63,819.0,41.6,1300.2,10.1,1010.4,826.9,27.6,65.6,0.0163
06/01/2025,09.00.00,1.03,909.3,127.7,3.2,932.0,63.8,1141.1,47.9,1058.0,901.1,28.2,61.0,0.0159
06/01/2025,12.00.00,0.5,853.1,87.9,0.82,769.0,32.2,1329.9,24.0,950.3,732.9,25.9,61.4,0.0185
06/01/2025,15.00.00,0.77,920.9,149.0,3.93,1094.5,48.2,1010.6,40.8,1208.0,769.3,24.0,59.2,0.0173
06/01/2025,18.00.00,1.13,965.6,155.0,4.84,1087.0,71.3,1071.1,46.5,992.9,951.9,24.2,67.0,0.0191
06/01/2025,21.00.00,1.5,1176.9,140.5,3.01,978.1,99.8,1042.9,71.8,1203.7,973.6,24.0,73.4,0.018
07/01/2025,00.00.00,1.07,1046.7,96.3,0.53,742.8,63.6,1124.3,41.0,1022.7,922.5,27.0,77.9,0.02
07/01/2025,03.00.00,0.72,762.3,54.7,0.86,754.9,41.3,1269.4,24.3,944.6,932.5,28.1,80.5,0.0191
07/01/2025,06.00.00,0.48,847.1,106.0,0.91,828.7,14.1,1332.5,8.0,829.6,710.2,29.3,73.7,0.0178
07/01/2025,09.00.00,0.88,877.0,144.3,3.46,939.1,60.1,1108.1,36.7,1051.0,838.2,29.0,58.2,0.0168
07/01/2025,12.00.00,0.95,1003.7,162.9,4.39,1043.9,83.8,1093.0,54.8,1057.9,928.8,23.4,57.8,0.0158
07/01/2025,15.00.00,1.05,903.9,158.3,3.37,927.1,79.5,948.9,51.2,1146.4,941.2,23.2,61.3,0.0199
07/01/2025,18.00.00,0.57,900.9,121.9,3.82,1052.5,29.8,1189.7,22.1,985.0,832.3,22.0,64.0,0.0176
07/01/2025,21.00.00,1.2,780.6,147.4,4.79,1090.0,68.1,1021.5,56.9,1105.5,902.2,22.6,66.2,0.0187
08/01/2025,00.00.00,0.93,805.5,142.1,3.51,945.2,75.9,1022.2,57.4,1068.6,1073.3,25.5,72.4,0.0179
08/01/2025,03.00.00,0.51,1007.2,96.2,2.84,1010.9,32.5,1108.8,26.9,1107.8,826.9,30.6,69.1,0.017
08/01/2025,06.00.00,0.61,876.6,80.4,0.2,768.5,37.3,1271.8,12.7,1002.4,866.6,27.5,66.8,-200.0
08/01/2025,09.00.00,-200.0,845.5,154.0,3.41,955.5,60.2,1086.0,46.3,1037.5,878.0,29.7,60.8,0.0188
08/01/2025,12.00.00,0.9,925.0,142.5,3.14,873.4,66.2,1137.4,31.9,932.5,969.4,23.1,68.4,0.0175
08/01/2025,15.00.00,0.67,806.2,129.1,2.66,1005.4,43.1,1014.9,27.7,878.6,815.0,23.3,62.6,0.0166
08/01/2025,18.00.00,1.45,954.3,127.0,2.8,942.3,90.3,1017.2,54.9,1199.2,925.7,23.2,77.7,0.0192
08/01/2025,21.00.00,1.28,852.4,141.9,3.8,1033.9,73.6,1139.1,66.4,1229.2,984.1,24.8,71.0,0.019
09/01/2025,00.00.00,0.45,799.1,103.0,1.68,815.5,26.7,1301.7,24.4,1070.8,776.0,27.3,71.8,0.0204
09/01/2025,03.00.00,0.83,870.7,146.6,3.51,939.4,65.3,1076.1,52.0,1099.6,913.0,29.5,72.3,0.0189
09/01/2025,06.00.00,0.6,950.6,104.0,2.63,876.7,26.7,1335.6,27.1,1064.8,848.9,28.5,70.7,0.0191
09/01/2025,09.00.00,0.92,942.5,185.8,4.66,1129.8,65.4,1174.5,45.9,1155.4,906.0,27.4,66.3,0.0188
09/01/2025,12.00.00,0.6,916.8,87.7,1.04,724.2,24.7,1318.1,11.1,939.4,763.8,27.5,69.6,0.0169
09/01/2025,15.00.00,1.16,937.0,165.0,4.26,1078.5,76.7,1064.5,64.9,1134.7,892.5,23.6,57.1,0.016
09/01/2025,18.00.00,1.22,1003.8,146.7,3.64,996.3,68.4,1190.5,48.8,1026.7,979.6,20.9,71.4,0.0171
09/01/2025,21.00.00,0.56,806.6,96.8,1.89,771.7,20.4,1359.0,7.1,958.2,737.2,22.0,73.3,0.017
10/01/2025,00.00.00,0.44,801.4,152.2,2.94,1018.1,44.1,1115.7,37.4,1088.7,828.6,24.6,67.3,0.019
10/01/2025,03.00.00,0.72,914.4,141.3,2.5,920.3,56.8,1217.3,36.7,1018.2,890.5,-200.0,76.5,0.0192
10/01/2025,06.00.00,-200.0,872.2,104.7,2.68,922.6,49.9,1140.8,46.0,1063.7,869.4,29.4,75.0,0.0188
10/01/2025,09.00.00,1.25,949.2,187.9,6.06,1256.0,91.2,946.7,67.0,1152.7,1044.5,29.5,58.3,0.0141
10/01/2025,12.00.00,0.82,886.6,148.5,3.63,896.2,61.7,1100.2,38.0,1107.5,880.1,25.5,60.7,0.0199
10/01/2025,15.00.00,0.74,976.8,115.2,3.68,972.7,48.9,1232.8,45.6,986.2,943.2,24.3,52.1,0.0156
10/01/2025,18.00.00,0.82,989.9,154.3,5.89,1125.8,51.1,1284.5,24.3,919.8,835.9,24.3,58.3,0.0197
10/01/2025,21.00.00,1.2,900.0,168.8,5.63,1191.6,88.6,959.2,57.0,1052.2,991.6,23.6,76.4,0.0171
11/01/2025,00.00.00,0.64,753.1,78.7,1.02,764.8,35.0,1363.7,12.8,940.8,792.0,27.1,-200.0,0.0174
11/01/2025,03.00.00,0.58,819.5,102.6,2.12,859.6,33.6,1245.4,5.0,942.1,947.2,27.3,68.4,0.0155
11/01/2025,06.00.00,0.52,799.8,98.8,2.14,917.9,35.0,1337.1,30.4,946.9,780.5,28.7,70.4,0.0188
11/01/2025,09.00.00,0.98,976.4,151.9,4.1,957.1,57.0,1131.1,37.7,1114.6,852.6,27.8,61.2,0.0162
11/01/2025,12.00.00,0.6,936.2,131.4,3.6,948.1,40.1,1159.9,33.9,1138.1,828.5,24.3,59.3,0.016
11/01/2025,15.00.00,0.82,826.3,100.3,0.2,691.8,47.7,1315.4,33.5,1062.8,824.4,25.0,64.0,0.0161
11/01/2025,18.00.00,1.17,887.9,192.5,6.1,1244.2,-200.0,965.8,62.1,1226.9,954.3,22.5,60.1,0.0183
11/01/2025,21.00.00,1.07,824.6,193.3,5.63,1112.7,58.0,1057.5,39.4,993.6,960.1,24.2,66.1,0.0188
12/01/2025,00.00.00,0.2,833.4,78.7,1.33,842.5,14.5,1227.1,5.0,857.6,753.7,27.3,74.0,0.0208
12/01/2025,03.00.00,0.27,829.5,89.3,1.04,833.5,7.3,1465.0,-200.0,957.6,734.7,29.3,77.3,0.0181
12/01/2025,06.00.00,0.52,917.1,105.3,1.29,796.1,35.1,1344.5,31.0,1021.2,789.4,30.6,74.0,0.0189
12/01/2025,09.00.00,0.91,944.2,153.2,3.69,917.7,64.1,1109.4,47.2,1026.4,856.9,28.4,60.1,0.0159
12/01/2025,12.00.00,0.8,938.3,123.4,2.95,939.0,46.9,1086.6,22.1,1088.1,847.6,25.7,65.2,0.0175
12/01/2025,15.00.00,0.56,759.0,110.9,2.13,871.4,30.5,1246.9,6.9,948.6,792.1,24.2,57.0,0.0165
12/01/2025,18.00.00,0.96,871.6,165.2,5.06,1115.7,75.4,998.6,56.8,1176.4,1008.4,20.6,76.5,0.0194
12/01/2025,21.00.00,1.31,1023.1,170.5,5.28,1225.6,82.8,903.5,53.8,1068.0,881.3,21.9,66.8,0.0192
13/01/2025,00.00.00,0.64,839.4,161.3,2.71,901.2,36.3,1179.4,21.8,1104.7,910.7,24.3,82.1,0.0206
13/01/2025,03.00.00,0.71,771.5,146.0,3.41,1089.3,54.7,1167.0,31.5,1015.2,853.8,27.0,71.0,0.0174
13/01/2025,06.00.00,0.68,938.6,100.8,1.12,799.4,52.2,1090.6,27.9,1083.0,867.0,30.2,78.1,0.0202
13/01/2025,09.00.00,0.7,843.8,135.3,4.12,1056.8,51.6,1165.2,42.9,1031.0,780.3,27.1,67.3,0.018
13/01/2025,12.00.00,0.75,964.9,148.1,4.81,1157.8,57.4,971.0,41.1,1076.3,911.5,25.9,55.3,0.0166
13/01/2025,15.00.00,0.67,879.3,115.9,2.17,940.5,49.0,1289.5,50.0,1139.1,779.7,26.6,56.4,0.0162
13/01/2025,18.00.00,0.86,884.2,180.1,4.62,1138.3,44.9,1144.2,43.4,1213.3,860.8,22.9,69.4,0.0176
13/01/2025,21.00.00,1.11,1029.2,127.8,2.82,914.0,69.4,1122.6,67.0,1137.1,927.5,25.7,74.8,0.0208
14/01/2025,00.00.00,0.55,774.6,112.1,1.92,795.7,43.4,1198.3,18.7,989.0,807.3,25.1,74.5,0.0191
14/01/2025,03.00.00,0.81,998.2,99.5,1.7,749.9,54.9,1157.7,18.0,1013.6,720.2,28.4,73.4,0.0188
14/01/2025,06.00.00,0.47,811.3,108.0,3.01,801.3,30.0,1159.3,18.5,874.8,941.3,28.1,73.5,0.0183
14/01/2025,09.00.00,0.77,904.1,179.0,5.13,1147.3,52.6,1076.4,49.2,944.5,783.9,28.2,64.2,0.0207
14/01/2025,12.00.00,0.73,899.4,127.6,2.86,900.0,66.1,1010.4,48.0,1022.3,917.4,28.1,52.3,0.0183
14/01/2025,15.00.00,1.18,911.6,180.2,5.2,1125.2,84.2,980.9,64.3,1225.0,901.6,21.6,58.7,0.0164
14/01/2025,18.00.00,1.37,911.2,205.8,6.86,1358.5,90.7,1052.6,38.9,1175.6,1045.5,24.4,65.6,0.0176
14/01/2025,21.00.00,0.97,890.9,123.8,3.24,951.4,55.0,1159.5,54.7,1054.0,838.5,25.0,76.2,0.0186
15/01/2025,00.00.00,0.77,821.2,133.0,2.75,1015.9,57.7,1039.3,39.2,971.5,820.6,25.8,82.4,0.0196
15/01/2025,03.00.00,0.61,1010.0,106.7,2.56,861.4,37.3,1220.7,7.7,1038.1,853.4,26.4,78.5,0.0182
15/01/2025,06.00.00,0.61,840.1,107.4,1.34,723.8,52.2,1132.4,39.6,1018.9,767.6,29.9,69.8,0.0188
15/01/2025,09.00.00,0.68,962.5,132.0,2.94,860.0,44.6,1149.0,37.3,1023.3,804.9,28.0,67.4,0.0198
15/01/2025,12.00.00,0.23,899.7,158.0,3.05,979.3,10.6,1345.9,10.4,1043.6,780.1,27.2,56.1,0.0155
15/01/2025,15.00.00,0.39,872.7,73.8,0.38,749.1,21.7,1352.5,23.5,1084.4,870.6,24.7,59.7,0.016
15/01/2025,18.00.00,0.96,905.9,153.6,5.19,1110.8,74.9,968.0,58.7,1200.3,857.3,26.5,58.7,0.0167
15/01/2025,21.00.00,0.93,924.9,153.4,4.42,1011.4,66.5,1039.9,34.5,918.2,856.6,24.3,64.4,0.0173
16/01/2025,00.00.00,0.79,934.8,132.1,2.39,960.8,57.4,1191.6,34.1,948.5,896.8,25.2,76.5,0.0213
16/01/2025,03.00.00,0.61,880.1,68.5,1.69,731.2,31.8,1278.7,5.0,998.4,655.4,29.3,73.4,0.0198
16/01/2025,06.00.00,0.56,757.1,165.4,4.01,1086.7,42.4,1290.2,32.8,1053.4,922.3,30.3,71.5,0.0196
16/01/2025,09.00.00,1.07,801.3,158.7,4.55,1050.7,68.5,1172.2,64.5,1103.4,835.6,31.3,63.9,0.0174
16/01/2025,12.00.00,0.52,968.3,104.5,2.31,891.6,32.5,1128.7,7.7,906.8,766.8,28.3,59.8,0.017
16/01/2025,15.00.00,0.72,701.5,151.4,4.28,1115.4,52.3,1161.4,25.7,1080.7,875.2,25.4,62.8,0.0159
16/01/2025,18.00.00,1.3,970.1,147.5,4.37,1091.0,87.0,924.5,53.1,1219.3,964.5,26.4,62.7,0.0186
16/01/2025,21.00.00,0.98,901.5,111.8,2.79,898.5,72.1,943.8,48.1,1092.1,848.7,22.8,73.8,0.0192
17/01/2025,00.00.00,0.69,893.8,131.4,4.47,1151.6,52.2,1075.8,36.5,997.9,977.1,-200.0,70.6,0.0199
17/01/2025,03.00.00,0.92,830.3,137.0,2.56,908.8,53.2,1110.1,28.5,994.8,679.2,27.6,75.7,0.0186
17/01/2025,06.00.00,0.76,915.3,123.0,2.86,1123.9,39.6,1178.2,31.1,1118.4,740.4,29.4,72.1,0.0183
17/01/2025,09.00.00,0.94,926.9,114.1,2.22,767.1,51.9,1092.1,50.8,1195.9,811.0,26.8,61.2,0.0177
17/01/2025,12.00.00,0.75,1082.7,136.8,2.45,788.1,44.1,1178.5,38.3,1067.0,765.8,28.1,59.0,0.0184
17/01/2025,15.00.00,0.48,866.4,94.7,0.77,778.0,46.4,1363.8,17.6,933.3,924.6,24.5,57.5,0.0154
17/01/2025,18.00.00,0.89,1001.5,123.2,3.7,999.5,62.7,948.5,60.7,1218.7,772.0,21.5,64.0,0.0186
17/01/2025,21.00.00,0.88,801.2,136.2,2.56,937.0,56.4,1208.8,57.7,1244.2,978.3,23.2,65.8,0.0179
18/01/2025,00.00.00,0.91,980.5,118.7,0.91,676.4,43.7,1179.9,42.6,968.8,811.7,27.7,79.3,0.0179
18/01/2025,03.00.00,0.69,898.3,120.1,1.81,825.0,48.3,1123.4,28.4,997.3,749.7,30.7,76.8,0.0164
18/01/2025,06.00.00,0.51,879.7,70.6,0.2,694.2,25.8,1109.7,8.5,1014.7,630.2,33.5,68.3,0.018
18/01/2025,09.00.00,0.4,867.9,61.5,0.2,639.1,9.9,1411.5,5.0,925.2,714.6,34.2,68.9,0.0199
18/01/2025,12.00.00,0.82,1018.4,129.6,3.51,995.8,57.0,999.5,24.3,963.2,822.0,27.8,58.0,0.0192
18/01/2025,15.00.00,0.85,920.3,137.5,3.11,870.6,59.9,1166.9,37.2,1061.9,896.1,23.3,76.7,0.0193
18/01/2025,18.00.00,0.67,825.8,129.9,1.59,822.3,46.1,1308.8,45.1,1106.2,806.7,20.5,66.2,0.0203
18/01/2025,21.00.00,0.94,869.8,159.9,5.07,1211.2,80.3,896.0,70.8,1104.5,1007.8,25.5,71.0,0.0183
19/01/2025,00.00.00,0.67,937.3,78.9,0.48,627.6,34.1,1322.9,16.3,971.5,792.3,25.9,72.3,0.0197
19/01/2025,03.00.00,0.83,931.0,162.1,3.71,930.9,63.2,1086.2,38.8,1080.8,859.8,28.7,74.8,0.0182
19/01/2025,06.00.00,0.41,742.0,102.3,1.6,867.8,38.7,1038.9,23.0,957.5,884.3,29.2,73.0,0.018
19/01/2025,09.00.00,0.52,897.9,129.3,1.31,701.9,20.0,1203.8,14.0,901.5,775.9,29.1,62.3,0.0168
19/01/2025,12.00.00,0.71,809.9,113.0,1.96,882.3,46.0,1184.5,35.8,1005.7,892.1,29.1,66.9,0.0155
19/01/2025,15.00.00,0.71,916.3,188.3,5.04,1132.3,43.9,1212.8,30.8,955.3,912.0,25.4,61.2,0.0191
19/01/2025,18.00.00,1.08,873.0,132.9,2.62,875.8,-200.0,970.3,47.0,1147.6,861.4,24.0,66.1,0.0172
19/01/2025,21.00.00,0.83,880.1,156.0,3.63,1075.8,56.9,1117.9,46.9,1018.7,873.5,23.4,66.8,0.017
20/01/2025,00.00.00,0.53,825.7,126.7,2.74,961.3,40.0,1265.7,31.0,1037.2,879.2,24.5,77.4,0.0175
20/01/2025,03.00.00,0.57,974.3,89.1,0.6,722.4,39.0,1284.9,30.2,994.7,645.4,28.7,72.3,0.0183
20/01/2025,06.00.00,0.4,875.6,89.9,0.2,550.6,16.3,1285.3,5.0,870.6,741.9,30.3,65.0,0.02
20/01/2025,09.00.00,0.92,999.2,155.0,3.5,1021.8,76.1,1054.8,64.1,1252.5,912.4,32.5,56.4,0.0196
20/01/2025,12.00.00,0.65,1080.4,138.3,2.8,857.4,42.0,1275.6,28.6,1005.3,852.3,27.6,72.5,0.0165
20/01/2025,15.00.00,0.76,894.1,83.9,1.69,798.5,46.7,1234.6,24.6,951.6,784.1,26.9,57.5,0.0168
20/01/2025,18.00.00,0.89,1011.5,131.9,2.67,904.1,47.7,1232.6,39.9,1006.2,919.9,23.5,57.8,0.016
20/01/2025,21.00.00,1.39,918.2,177.1,5.94,1318.9,90.0,959.1,67.2,1192.7,918.3,23.2,-200.0,0.0193
21/01/2025,00.00.00,0.51,949.6,75.4,0.2,655.1,22.9,1277.8,25.0,1058.0,736.7,25.8,74.0,0.019
21/01/2025,03.00.00,0.5,804.0,128.3,2.3,790.5,53.5,1154.1,22.7,1079.9,814.1,28.4,75.9,0.0181
21/01/2025,06.00.00,0.7,883.2,109.1,0.2,749.8,35.0,1163.7,35.0,1028.2,891.2,34.1,68.0,0.0182
21/01/2025,09.00.00,0.9,945.4,140.0,3.53,1025.1,52.1,1228.6,40.5,1046.1,710.2,28.2,66.9,0.0174
21/01/2025,12.00.00,0.69,931.2,145.4,1.99,880.7,38.0,1087.4,-200.0,983.2,939.2,28.9,54.9,0.0189
21/01/2025,15.00.00,0.53,774.6,116.8,2.96,1013.0,44.6,1136.9,22.3,1000.7,936.8,23.8,62.9,0.0183
21/01/2025,18.00.00,0.76,830.6,136.1,2.09,943.3,59.2,1101.1,34.7,984.7,838.1,26.1,58.8,0.0181
21/01/2025,21.00.00,1.21,988.3,150.3,3.55,938.1,66.2,1106.6,31.6,1128.9,970.5,26.0,66.2,0.0148
22/01/2025,00.00.00,0.53,837.7,89.1,0.33,605.0,41.5,1245.3,32.5,1031.5,833.5,27.3,68.6,0.0181
22/01/2025,03.00.00,0.65,780.4,133.5,1.82,868.9,46.9,1284.4,48.9,1133.1,956.5,29.6,66.3,0.0205
22/01/2025,06.00.00,0.76,886.5,141.3,3.94,1009.7,48.0,1166.2,13.6,984.1,910.6,29.5,74.0,0.0202
22/01/2025,09.00.00,0.71,876.5,133.1,1.89,819.7,32.7,1179.1,18.8,1003.3,951.6,30.5,65.3,0.0157
22/01/2025,12.00.00,0.79,907.5,85.8,0.49,635.3,47.4,1151.3,36.9,977.4,732.9,26.8,64.6,0.0174
22/01/2025,15.00.00,0.53,901.2,82.7,0.69,747.4,33.4,1207.4,20.3,980.6,813.6,23.4,61.7,0.0161
22/01/2025,18.00.00,1.0,952.2,97.5,2.08,869.7,71.4,1084.6,60.6,1302.1,793.5,-200.0,69.8,0.0203
22/01/2025,21.00.00,1.15,884.8,147.9,2.45,874.2,71.2,958.6,51.1,1215.6,877.3,25.8,60.7,0.0178
23/01/2025,00.00.00,0.59,842.4,137.6,2.25,787.4,32.1,1225.4,14.1,967.4,953.8,30.4,75.2,0.0178
23/01/2025,03.00.00,0.32,903.9,76.4,0.2,735.5,31.2,1373.6,17.1,942.8,826.5,30.1,72.8,0.0186
23/01/2025,06.00.00,0.96,877.7,141.8,2.98,947.0,57.9,1125.1,12.1,793.0,942.5,30.5,71.0,0.0153
23/01/2025,09.00.00,0.94,885.5,161.4,4.42,1131.1,79.7,917.3,46.0,1049.1,975.1,30.3,63.9,0.0164
23/01/2025,12.00.00,0.26,725.6,78.3,0.2,553.3,5.0,1347.8,12.6,944.8,746.5,29.9,52.4,-200.0
23/01/2025,15.00.00,0.3,833.4,117.3,1.27,773.5,22.1,1110.9,25.6,980.2,729.7,25.9,52.1,0.0177
23/01/2025,18.00.00,1.32,982.0,133.2,3.48,941.1,84.5,972.6,74.5,1180.6,904.0,24.0,61.2,0.0152
23/01/2025,21.00.00,1.14,798.1,136.3,4.95,1122.4,69.8,1182.7,55.7,1166.4,871.1,27.5,71.1,0.0179
24/01/2025,00.00.00,0.86,828.2,117.9,1.89,881.3,60.6,1002.1,15.0,890.0,690.6,28.5,75.7,0.02
24/01/2025,03.00.00,0.64,777.9,105.5,1.36,799.5,40.5,1081.0,18.8,994.1,815.8,32.5,63.2,0.0159
24/01/2025,06.00.00,0.68,936.9,99.1,1.56,798.9,48.1,1107.3,43.1,1064.5,861.0,31.1,62.5,0.0179
24/01/2025,09.00.00,0.81,763.8,130.6,3.56,988.4,42.8,1259.5,50.8,1041.4,785.2,27.8,60.2,0.0175
24/01/2025,12.00.00,0.97,910.6,111.8,3.06,855.3,53.6,1268.5,46.8,1204.5,851.6,25.5,58.9,0.0194
24/01/2025,15.00.00,0.32,889.1,78.2,0.2,619.1,30.6,1283.1,16.6,1018.7,828.4,28.5,50.8,0.0163
24/01/2025,18.00.00,0.84,914.1,150.3,4.64,1152.1,78.5,904.8,43.6,1019.3,997.3,27.7,54.8,0.0167
24/01/2025,21.00.00,-200.0,877.5,118.8,1.35,750.7,58.8,1104.2,44.1,1112.4,792.6,25.4,65.7,0.0189
25/01/2025,00.00.00,0.37,868.8,99.7,0.67,776.1,23.9,1423.6,15.0,862.6,716.1,27.3,73.7,0.017
25/01/2025,03.00.00,0.67,953.4,110.6,2.1,895.4,49.7,1126.9,46.4,1039.3,901.7,32.5,64.2,0.0175
25/01/2025,06.00.00,0.79,887.3,131.5,2.43,928.9,63.3,1094.6,41.5,1159.1,931.2,29.0,68.4,0.0176
25/01/2025,09.00.00,1.0,763.9,149.1,-200.0,1041.6,56.2,1138.4,43.0,1096.6,962.6,28.5,68.6,0.018
25/01/2025,12.00.00,0.45,934.4,125.0,2.72,884.6,41.3,1069.9,26.3,1024.3,915.1,29.0,51.6,0.0177
25/01/2025,15.00.00,0.79,923.4,105.9,1.48,782.7,53.6,1211.8,37.2,1118.0,1029.9,25.1,59.1,0.018
25/01/2025,18.00.00,1.31,954.7,171.0,3.58,1025.3,83.4,1051.4,66.0,1206.6,929.6,24.9,69.2,0.0173
25/01/2025,21.00.00,0.71,746.0,132.4,2.38,758.9,36.0,1060.5,23.1,973.7,918.5,25.5,67.6,0.0182
26/01/2025,00.00.00,0.72,865.0,79.1,0.2,737.4,45.2,1067.6,17.4,1035.3,771.2,28.6,69.4,0.02
26/01/2025,03.00.00,0.61,811.7,108.6,0.84,702.4,31.4,1165.3,33.2,914.5,961.8,32.5,75.9,0.0178
26/01/2025,06.00.00,0.9,822.4,174.1,4.51,1074.0,64.3,1138.1,23.5,947.2,924.9,31.2,65.8,0.0181
26/01/2025,09.00.00,0.72,877.2,100.7,0.93,734.4,-200.0,1124.2,51.1,1097.7,867.3,31.2,66.8,0.0178
26/01/2025,12.00.00,0.67,842.5,101.8,1.48,788.6,42.0,1222.1,6.9,966.1,895.3,24.5,63.6,0.0176
26/01/2025,15.00.00,0.94,880.2,113.8,2.21,787.6,64.9,1061.0,34.4,1014.8,799.8,25.8,57.9,0.0153
26/01/2025,18.00.00,1.03,975.9,169.1,5.85,1213.8,58.7,1112.3,54.1,991.5,800.8,-200.0,67.5,0.0198
26/01/2025,21.00.00,0.97,934.0,145.4,3.48,1013.7,74.0,1069.7,53.9,980.8,930.1,23.8,72.5,0.0176
27/01/2025,00.00.00,0.26,796.0,74.5,0.2,556.6,11.0,1366.8,5.0,915.2,757.2,26.6,78.8,0.0203
27/01/2025,03.00.00,0.31,794.2,77.0,0.2,597.5,24.7,1275.1,-200.0,944.8,919.8,29.7,69.5,0.0175
27/01/2025,06.00.00,0.29,803.0,97.3,0.44,741.2,9.6,1378.4,6.6,862.7,662.2,32.7,66.4,0.0172
27/01/2025,09.00.00,0.89,888.9,164.6,3.29,1002.0,48.2,1176.2,35.7,967.6,952.5,28.0,63.4,0.0192
27/01/2025,12.00.00,0.51,901.7,95.0,0.52,716.0,35.2,1207.1,15.6,971.8,787.1,28.2,62.2,0.0188
27/01/2025,15.00.00,0.73,814.7,147.3,3.83,976.1,58.7,1072.0,36.0,1135.3,856.5,25.2,55.0,0.0172
27/01/2025,18.00.00,0.85,1004.5,137.0,3.18,991.8,45.7,1321.8,30.5,1031.5,825.7,24.6,69.4,0.0192
27/01/2025,21.00.00,1.08,970.0,186.7,4.98,1057.0,70.2,1013.7,75.9,1295.5,889.2,27.7,70.4,0.018
28/01/2025,00.00.00,0.57,676.7,99.6,0.77,715.4,25.8,1380.3,13.6,928.2,811.5,29.2,65.2,0.0179
28/01/2025,03.00.00,0.86,909.4,125.1,2.35,801.0,45.6,1117.0,24.6,1029.3,809.3,32.6,76.0,0.018
28/01/2025,06.00.00,0.64,949.3,106.1,1.23,757.7,33.0,1300.1,15.0,1054.7,700.1,31.0,78.7,-200.0
28/01/2025,09.00.00,0.76,918.2,137.7,4.4,1011.1,41.1,1337.3,51.2,1093.9,804.5,29.2,67.8,0.0173
28/01/2025,12.00.00,0.82,869.1,123.1,2.07,888.3,42.9,1158.4,10.2,942.7,860.7,27.9,66.1,0.0197
28/01/2025,15.00.00,0.88,901.2,117.5,2.81,941.1,62.3,1035.2,42.2,1042.6,788.7,26.5,59.5,0.017
28/01/2025,18.00.00,1.0,933.0,146.6,3.37,938.9,69.4,1018.8,48.6,1135.9,948.8,25.5,55.3,0.017
28/01/2025,21.00.00,0.79,948.7,114.6,2.53,950.7,52.3,1137.0,26.2,1067.9,939.5,24.3,61.4,0.0184
29/01/2025,00.00.00,0.54,766.1,126.5,2.09,795.8,-200.0,1225.4,16.6,991.2,923.8,28.5,73.6,0.0187
29/01/2025,03.00.00,0.2,781.6,99.5,1.21,762.9,5.0,1371.8,6.3,909.0,738.6,30.9,68.4,0.0178
29/01/2025,06.00.00,0.42,965.2,66.4,0.2,635.2,22.3,1255.1,5.2,815.6,640.5,35.6,59.5,0.0173
29/01/2025,09.00.00,0.59,873.1,126.9,2.85,961.2,42.1,1346.0,36.7,1043.4,871.6,33.7,59.1,0.0184
29/01/2025,12.00.00,0.35,949.5,136.4,1.3,808.6,23.9,1264.5,32.1,1015.0,839.4,26.9,62.7,0.0168
29/01/2025,15.00.00,0.52,1071.1,80.8,1.94,905.5,33.5,1183.0,22.5,1006.3,751.6,25.7,52.5,0.0166
29/01/2025,18.00.00,1.1,897.7,114.2,1.76,821.8,66.9,1132.0,-200.0,1047.9,895.6,22.9,63.4,0.0177
29/01/2025,21.00.00,1.24,865.4,125.8,3.39,809.2,82.2,1056.7,50.5,1212.0,980.4,25.2,77.5,0.02
30/01/2025,00.00.00,1.02,903.9,130.3,1.65,782.7,73.0,1147.9,42.4,1020.9,1044.2,29.0,66.6,0.0179
30/01/2025,03.00.00,0.2,900.9,99.4,0.4,773.9,8.0,1514.4,5.0,809.7,706.0,32.6,74.4,0.0209
30/01/2025,06.00.00,0.46,942.5,92.9,0.56,685.4,36.5,1245.2,24.1,916.6,871.9,30.2,65.7,0.0177
30/01/2025,09.00.00,0.86,1062.8,140.2,2.58,789.5,52.8,1113.1,43.8,1031.0,880.4,29.5,65.3,0.0176
30/01/2025,12.00.00,0.97,914.4,112.1,1.58,824.8,66.9,913.1,58.8,1211.0,914.8,24.8,66.7,0.0178
30/01/2025,15.00.00,0.79,928.9,115.5,1.96,865.5,54.4,1052.9,33.7,944.0,956.4,26.1,63.2,0.0161
30/01/2025,18.00.00,0.99,868.9,117.1,2.56,853.1,69.1,1071.4,39.3,975.7,849.0,23.6,69.6,0.017
30/01/2025,21.00.00,1.12,758.5,166.4,5.1,1121.2,75.4,928.5,66.3,1194.1,942.3,25.4,64.0,0.0171
31/01/2025,00.00.00,0.67,877.8,108.9,1.99,792.9,31.5,1115.5,32.2,1088.2,796.5,27.1,78.9,0.0205
31/01/2025,03.00.00,0.96,834.3,136.3,3.12,974.9,65.3,1078.9,42.8,962.7,790.3,30.5,67.3,0.018
31/01/2025,06.00.00,0.47,901.9,69.6,1.0,748.1,30.3,1310.8,16.3,841.2,877.1,28.6,70.6,0.0178
31/01/2025,09.00.00,0.79,763.0,110.1,0.81,663.1,54.6,1107.2,48.1,1037.3,921.9,28.2,64.8,0.0193
31/01/2025,12.00.00,0.45,801.8,127.2,1.0,744.4,34.4,1299.6,19.2,1022.9,805.6,32.2,58.1,0.0191
31/01/2025,15.00.00,0.89,925.9,109.7,2.01,800.7,65.0,1124.3,19.7,989.0,876.7,24.2,62.5,0.0191
31/01/2025,18.00.00,0.99,944.4,166.6,3.83,1094.3,60.8,1188.2,51.3,1052.7,882.3,23.7,60.8,0.0164
31/01/2025,21.00.00,1.16,936.1,165.0,4.83,1158.3,73.1,1208.4,62.2,1200.7,968.8,29.6,59.9,0.0168
01/02/2025,00.00.00,0.59,1001.2,106.1,1.95,828.9,34.8,1435.3,36.0,1052.5,808.0,33.6,72.8,0.0207
01/02/2025,03.00.00,0.74,998.3,144.8,3.92,1026.8,53.4,1191.4,25.8,995.7,813.5,28.8,73.8,0.0189
01/02/2025,06.00.00,0.77,844.3,115.5,1.9,886.1,57.3,1076.5,37.8,938.2,835.8,31.0,73.2,0.0183
01/02/2025,09.00.00,0.91,1021.4,102.3,1.84,815.1,39.3,1208.2,34.9,985.5,817.2,31.4,60.9,0.0183
01/02/2025,12.00.00,0.69,1006.2,155.9,3.71,1044.3,54.8,1251.9,34.8,1176.3,799.1,31.6,49.1,0.0176
01/02/2025,15.00.00,0.69,873.6,122.9,2.82,998.8,58.1,1037.8,37.2,1025.3,897.8,24.9,65.2,0.0172
01/02/2025,18.00.00,0.62,877.6,110.2,2.57,867.5,46.0,1285.8,36.9,980.6,782.5,25.2,62.0,0.0178
01/02/2025,21.00.00,0.83,896.2,175.9,5.35,1248.3,51.8,1127.6,42.2,1042.1,788.5,27.9,69.6,0.0194
02/02/2025,00.00.00,0.61,827.7,108.4,2.16,929.4,32.5,1255.5,27.6,1018.6,1021.1,29.5,68.3,0.0168
02/02/2025,03.00.00,0.7,845.6,112.3,2.07,859.9,51.0,1080.5,43.8,1137.1,988.7,30.2,80.0,0.0192
02/02/2025,06.00.00,0.92,1003.1,109.1,1.66,783.3,55.2,1018.2,26.7,1050.1,875.6,31.5,62.7,0.0163
02/02/2025,09.00.00,0.83,930.3,143.5,4.64,1104.1,50.0,1127.6,37.3,1001.8,909.7,28.5,61.6,0.0164
02/02/2025,12.00.00,0.88,866.4,150.8,2.72,895.0,54.9,1229.6,29.8,1108.3,936.3,28.4,59.1,0.0166
02/02/2025,15.00.00,0.58,805.2,130.7,2.14,809.4,46.8,1109.7,23.4,1050.5,835.2,26.2,53.9,0.0174
02/02/2025,18.00.00,1.06,873.7,159.9,4.96,1150.8,74.5,1156.5,38.0,1020.9,943.3,26.2,64.8,0.0174
02/02/2025,21.00.00,0.9,896.5,155.7,4.22,994.7,52.6,1091.4,40.8,1054.3,839.3,25.7,77.6,0.0182
03/02/2025,00.00.00,0.71,948.8,137.5,2.67,884.6,44.6,1091.7,32.4,1071.7,921.6,29.7,69.0,0.0183
03/02/2025,03.00.00,0.48,797.3,127.1,2.44,863.9,30.7,1267.0,17.5,1045.1,880.8,32.7,71.9,0.0171
03/02/2025,06.00.00,0.35,905.0,133.1,1.38,706.4,18.7,1360.7,11.5,839.8,865.5,32.1,52.9,0.0173
03/02/2025,09.00.00,0.79,909.0,136.9,3.36,1005.4,42.1,1204.6,38.3,1058.1,844.9,31.6,60.8,0.0188
03/02/2025,12.00.00,0.55,876.1,122.0,1.34,764.8,49.3,1165.6,44.7,1076.5,999.6,29.0,56.5,0.017
03/02/2025,15.00.00,0.62,946.6,136.8,4.27,1126.8,46.6,1295.5,24.7,958.7,834.3,26.7,54.9,0.0167
03/02/2025,18.00.00,0.94,972.3,100.7,2.13,839.4,62.6,1094.8,35.1,1000.0,1031.0,24.6,69.7,0.0187
03/02/2025,21.00.00,1.17,841.9,192.2,4.83,1086.3,81.3,956.0,57.5,1203.7,911.4,27.3,66.7,0.0156
04/02/2025,00.00.00,0.27,757.1,77.1,0.2,619.2,8.8,1265.3,-200.0,1034.6,635.6,28.8,71.2,0.0191
04/02/2025,03.00.00,0.74,872.3,105.4,2.38,878.7,55.6,1223.8,22.9,1138.9,1008.8,34.6,66.6,0.0217
04/02/2025,06.00.00,0.2,848.9,82.9,0.2,671.5,18.1,1275.6,17.7,930.9,800.4,34.6,55.2,0.0168
04/02/2025,09.00.00,1.0,1015.1,170.4,3.97,1067.6,66.7,1040.0,61.0,1153.4,936.6,31.7,55.2,0.0168
04/02/2025,12.00.00,0.41,854.4,103.4,1.93,837.4,33.9,1314.8,5.0,941.7,776.4,27.7,63.9,0.0186
04/02/2025,15.00.00,0.47,975.5,83.0,0.2,784.2,27.4,1427.2,21.1,1047.2,723.1,25.0,49.8,0.0185
04/02/2025,18.00.00,1.14,887.0,122.1,3.89,1044.3,69.4,1073.3,57.0,1223.3,855.6,28.0,57.9,0.0184
04/02/2025,21.00.00,1.09,893.4,189.7,6.48,1211.8,89.2,943.2,60.6,1149.0,977.2,27.3,66.4,0.0154
05/02/2025,00.00.00,0.41,827.5,98.6,0.2,610.1,28.4,1257.4,11.2,868.0,774.8,29.9,80.0,0.0199
05/02/2025,03.00.00,0.64,819.4,81.1,0.72,747.5,38.7,1170.0,18.1,922.6,680.3,28.2,77.2,0.022
05/02/2025,06.00.00,0.45,934.7,111.5,2.81,861.2,39.5,1173.8,21.2,994.9,937.2,33.6,62.7,0.0184
05/02/2025,09.00.00,1.15,743.8,140.4,-200.0,1062.7,69.0,1026.8,47.8,1169.7,877.7,32.0,67.2,0.0167
05/02/2025,12.00.00,0.48,822.3,92.7,1.21,814.3,22.9,1358.5,9.3,835.9,855.3,27.2,55.7,0.0174
05/02/2025,15.00.00,0.74,968.7,156.5,3.61,1043.8,53.0,1127.8,29.4,935.8,809.7,26.1,64.5,0.0163
05/02/2025,18.00.00,0.77,870.9,125.4,2.21,812.0,52.5,1246.4,52.4,1162.8,868.3,26.5,56.1,0.0185
05/02/2025,21.00.00,0.27,907.0,108.2,1.09,804.4,20.3,1289.1,8.5,843.3,829.0,27.0,73.9,0.0175
06/02/2025,00.00.00,0.72,1039.8,100.9,1.14,775.8,42.4,1158.6,8.8,856.4,885.6,28.7,70.1,0.0184
06/02/2025,03.00.00,1.12,939.7,117.0,2.57,861.1,66.5,1169.7,53.3,1192.7,880.7,31.1,66.0,0.0169
06/02/2025,06.00.00,0.58,951.0,116.1,2.65,893.2,23.2,1285.7,12.5,934.4,805.3,31.7,65.9,0.0173
06/02/2025,09.00.00,1.05,1094.8,120.4,1.88,854.7,69.4,1042.9,47.1,1067.7,955.5,31.5,62.4,0.0194
06/02/2025,12.00.00,0.52,890.2,113.8,0.55,665.7,44.2,1181.9,26.3,1100.9,822.1,31.7,53.6,0.0169
06/02/2025,15.00.00,0.68,878.0,69.5,0.2,685.6,39.8,1318.3,26.8,932.7,741.5,22.7,64.8,0.0172
06/02/2025,18.00.00,0.92,973.8,157.0,5.13,1216.6,58.8,1130.6,39.2,968.3,832.6,25.8,60.5,0.0161
06/02/2025,21.00.00,0.77,974.8,95.8,-200.0,876.3,39.1,1304.2,37.3,1163.4,790.9,27.3,71.4,0.0162
07/02/2025,00.00.00,0.52,860.1,109.8,0.96,745.7,30.1,1231.0,9.0,952.4,792.0,29.8,73.6,0.0171
07/02/2025,03.00.00,0.86,869.4,93.3,0.78,736.5,60.3,1185.7,34.4,1085.0,992.3,30.7,71.1,0.0185
07/02/2025,06.00.00,0.65,998.8,111.8,1.31,744.5,36.0,1238.9,5.0,898.2,871.6,29.3,-200.0,0.0192
07/02/2025,09.00.00,1.12,915.2,158.2,4.77,1075.0,65.1,1145.2,60.1,1132.8,838.1,31.9,61.5,0.0169
07/02/2025,12.00.00,0.51,945.2,125.8,2.03,758.3,38.4,1285.5,22.0,938.8,943.7,32.2,58.4,0.0191
07/02/2025,15.00.00,0.93,930.6,134.1,3.24,971.9,74.9,950.0,53.2,1134.9,919.3,24.5,70.9,0.0175
07/02/2025,18.00.00,0.69,1010.4,84.5,1.54,833.5,58.1,1115.2,48.8,1153.4,921.4,27.7,66.7,0.0177
07/02/2025,21.00.00,1.26,892.3,171.8,4.33,1057.5,87.2,1040.5,67.6,1184.0,895.9,26.6,73.8,0.0173
08/02/2025,00.00.00,0.52,802.6,114.4,1.94,786.0,39.2,1293.4,24.2,1071.1,785.9,29.2,87.2,0.021
08/02/2025,03.00.00,0.98,977.0,107.9,1.81,825.4,66.6,1167.1,45.2,1127.2,972.6,29.7,74.8,0.0212
08/02/2025,06.00.00,0.31,758.5,113.3,1.62,877.5,18.5,1315.9,5.0,846.6,694.0,31.8,69.3,0.0161
08/02/2025,09.00.00,0.87,912.1,136.1,4.32,1109.8,54.6,1250.1,30.2,1010.5,867.7,33.7,62.9,0.0172
08/02/2025,12.00.00,0.55,974.2,100.3,0.77,721.3,31.1,1191.7,18.3,941.8,826.4,30.3,52.0,-200.0
08/02/2025,15.00.00,0.54,739.3,113.6,2.36,987.1,33.2,1114.7,13.8,1007.8,727.8,30.2,54.2,0.0151
08/02/2025,18.00.00,1.17,968.8,154.3,4.26,1203.0,79.8,978.9,71.7,1219.2,814.9,28.4,59.0,0.018
08/02/2025,21.00.00,-200.0,1023.4,186.1,4.95,1093.5,61.6,1187.9,49.9,1108.6,948.2,28.0,71.1,0.0199
09/02/2025,00.00.00,0.77,891.0,172.5,4.6,1073.6,48.0,1073.1,22.6,1061.3,1044.4,32.4,68.5,0.0183
09/02/2025,03.00.00,0.39,781.8,81.0,0.2,707.1,25.2,1156.2,12.9,821.2,807.9,32.3,70.9,0.019
09/02/2025,06.00.00,0.42,832.0,117.4,2.16,805.0,27.5,1125.0,18.4,931.2,828.0,33.9,70.8,0.0205
09/02/2025,09.00.00,1.02,863.5,131.5,4.99,1171.1,58.4,1166.9,43.5,1037.8,813.3,31.1,65.7,-200.0
09/02/2025,12.00.00,0.56,872.6,76.5,0.49,702.3,36.8,1100.1,25.5,1019.8,913.3,29.6,56.8,0.017
09/02/2025,15.00.00,0.46,836.1,102.0,1.09,773.6,39.5,1246.6,25.2,1039.3,792.0,26.1,56.1,0.0164
09/02/2025,18.00.00,0.95,877.7,111.9,2.41,847.0,51.3,1117.1,25.9,1003.6,935.5,28.1,67.3,0.017
09/02/2025,21.00.00,1.18,974.1,125.6,3.64,952.6,66.7,1005.0,27.8,919.3,942.5,25.3,73.7,0.0198
10/02/2025,00.00.00,0.7,994.8,111.3,1.34,668.2,39.3,1123.6,20.6,1011.0,862.1,30.9,62.5,0.016
10/02/2025,03.00.00,0.84,923.7,133.2,1.86,908.8,46.7,1182.9,34.6,1047.3,881.7,31.3,69.4,0.0179
10/02/2025,06.00.00,0.61,967.6,106.7,2.08,899.7,23.9,1219.9,11.2,842.1,811.1,34.5,65.7,0.018
10/02/2025,09.00.00,1.13,1046.1,115.3,1.23,804.2,60.2,1098.7,57.7,1110.0,900.4,32.9,63.9,0.0171
10/02/2025,12.00.00,0.86,862.5,118.5,1.53,814.9,60.1,1131.8,36.8,1073.3,948.0,32.6,59.9,0.0177
10/02/2025,15.00.00,0.59,889.7,113.7,2.69,778.5,41.8,1239.8,39.5,1173.8,774.7,28.7,58.9,0.0204
10/02/2025,18.00.00,1.0,889.8,158.7,4.98,1081.6,78.1,1084.2,67.9,1095.6,917.6,23.9,67.8,0.018
10/02/2025,21.00.00,1.37,860.9,174.7,3.76,992.8,93.9,943.6,76.7,1262.3,1084.5,27.3,68.7,0.0177
11/02/2025,00.00.00,0.59,896.2,103.5,2.23,802.8,34.7,1142.3,9.5,862.7,816.3,27.6,69.6,0.0195
11/02/2025,03.00.00,0.78,819.4,143.1,4.01,938.0,53.8,1168.4,33.5,945.1,838.5,30.9,70.0,0.0186
11/02/2025,06.00.00,0.4,881.6,140.2,1.71,758.3,39.2,1256.4,36.5,961.3,890.1,35.2,64.4,0.0195
11/02/2025,09.00.00,0.84,791.4,107.1,1.98,840.8,53.1,1120.0,43.6,1116.9,917.9,32.8,59.9,0.0176
11/02/2025,12.00.00,0.71,897.5,157.0,3.15,952.0,46.7,1143.6,-200.0,1047.0,749.0,28.4,49.1,0.0161
11/02/2025,15.00.00,0.62,764.6,143.8,4.39,1117.3,51.7,1339.6,18.2,950.7,906.2,25.8,57.7,0.0151
11/02/2025,18.00.00,1.22,993.8,142.9,3.38,1084.6,81.0,891.7,77.4,1241.6,952.5,26.7,63.0,0.0157
11/02/2025,21.00.00,0.66,852.1,137.0,2.26,902.7,31.5,1282.2,19.6,981.2,844.2,25.4,68.3,0.0159
12/02/2025,00.00.00,0.8,861.9,134.5,3.42,964.8,46.8,1249.6,9.1,944.1,841.2,28.6,71.0,0.0188
12/02/2025,03.00.00,-200.0,955.4,106.7,1.4,881.8,28.0,1232.8,13.8,934.1,816.5,32.4,72.6,0.0169
12/02/2025,06.00.00,0.37,821.3,94.8,0.2,582.0,24.7,1263.1,5.0,848.1,645.9,34.7,59.3,0.0188
12/02/2025,09.00.00,1.14,944.6,151.8,4.74,985.9,75.7,989.3,44.1,1194.8,864.5,32.9,51.9,0.0167
12/02/2025,12.00.00,0.46,841.5,117.2,0.2,620.2,27.9,1260.5,42.9,1169.6,835.5,25.8,58.7,0.017
12/02/2025,15.00.00,0.46,890.5,99.2,0.2,713.7,23.5,1354.4,10.8,1054.4,954.0,28.1,61.8,0.0165
12/02/2025,18.00.00,1.19,1015.3,111.4,2.04,853.1,73.6,1015.9,39.4,1019.8,946.6,26.8,71.1,0.0191
12/02/2025,21.00.00,0.81,955.9,145.0,3.81,949.6,35.1,1473.5,30.0,972.3,756.7,28.3,71.5,0.0175
13/02/2025,00.00.00,0.2,791.3,112.3,0.2,629.0,5.0,1338.8,5.0,891.0,724.5,32.6,61.9,0.0164
13/02/2025,03.00.00,0.84,984.9,126.7,2.89,856.4,55.4,1233.4,43.0,1147.1,803.6,28.4,72.0,0.0199
13/02/2025,06.00.00,0.59,806.5,113.6,2.26,796.3,34.8,1269.7,12.7,950.6,891.8,31.8,68.2,0.0186
13/02/2025,09.00.00,0.94,860.9,164.7,3.75,1091.4,61.2,1102.7,48.6,1056.6,887.0,32.9,60.9,0.0172
13/02/2025,12.00.00,0.32,829.4,94.7,1.98,830.7,36.2,1336.7,11.0,969.4,882.3,27.1,62.2,0.0184
13/02/2025,15.00.00,0.27,905.5,99.3,1.14,855.4,15.1,1196.4,35.4,989.9,734.6,30.2,51.8,0.0167
13/02/2025,18.00.00,0.83,817.6,143.7,3.47,930.7,55.6,1155.8,47.5,995.3,946.9,27.4,62.5,0.0181
13/02/2025,21.00.00,1.12,996.2,114.9,2.52,916.8,58.6,1049.7,42.9,1080.5,762.1,29.1,69.1,0.0172
14/02/2025,00.00.00,0.42,846.4,60.1,0.2,681.5,20.3,1263.6,9.7,902.5,762.6,28.9,76.1,0.0213
14/02/2025,03.00.00,0.53,833.2,112.0,1.72,861.6,41.0,1156.4,19.9,978.5,860.7,33.4,65.4,0.0172
14/02/2025,06.00.00,0.2,900.8,103.2,-200.0,732.0,19.3,1226.6,5.0,732.1,739.0,34.7,63.0,0.0195
14/02/2025,09.00.00,0.92,854.0,137.7,3.77,1062.4,54.6,995.0,33.9,973.3,888.8,32.4,46.9,0.016
14/02/2025,12.00.00,0.65,1037.8,118.6,3.13,977.5,40.1,1230.6,41.6,1063.4,844.3,30.3,54.0,0.0178
14/02/2025,15.00.00,0.56,854.8,138.8,2.22,801.0,40.2,1193.8,19.4,871.4,894.0,28.2,55.2,0.0179
14/02/2025,18.00.00,1.19,953.5,146.0,3.23,996.7,75.5,998.3,33.5,930.3,970.1,25.4,58.6,0.0186
14/02/2025,21.00.00,0.85,1010.1,85.2,0.59,700.3,53.5,1193.4,29.5,1020.7,887.9,27.5,69.0,0.0172
15/02/2025,00.00.00,0.73,899.7,110.5,0.93,695.5,41.1,1230.4,34.8,1088.3,885.0,29.7,71.1,0.0197
15/02/2025,03.00.00,0.64,959.5,87.2,0.2,707.2,35.9,1199.2,19.7,916.5,712.9,32.8,58.6,0.0195
15/02/2025,06.00.00,0.2,687.3,110.4,0.2,719.7,17.7,1555.5,9.6,920.2,700.5,34.7,65.8,0.0176
15/02/2025,09.00.00,0.84,869.9,160.7,3.93,996.6,63.1,1166.1,58.8,1118.5,792.2,30.3,57.3,0.0172
15/02/2025,12.00.00,0.65,906.2,84.1,1.39,762.5,28.6,1452.7,9.9,830.4,824.1,29.8,59.9,0.0168
15/02/2025,15.00.00,0.63,951.1,140.3,3.9,944.4,37.2,1181.0,29.4,1100.3,840.4,30.4,49.8,0.0161
15/02/2025,18.00.00,0.72,940.2,136.9,3.67,899.4,50.9,1165.5,32.9,1018.7,949.7,25.7,63.6,0.0198
15/02/2025,21.00.00,0.91,955.9,195.7,6.17,1222.7,68.4,959.0,56.2,1112.6,929.8,26.5,67.6,0.0169
16/02/2025,00.00.00,0.38,919.3,106.0,1.7,855.0,18.7,1280.1,7.7,956.8,711.9,30.4,72.4,0.0174
16/02/2025,03.00.00,0.67,914.1,131.2,3.78,978.0,55.1,1077.5,31.8,917.9,874.8,33.6,69.9,0.0202
16/02/2025,06.00.00,0.32,688.9,97.2,0.47,772.9,19.9,1539.9,20.6,1046.7,628.6,33.1,64.7,-200.0
16/02/2025,09.00.00,0.65,978.4,115.8,1.15,748.4,36.5,1161.9,38.1,1126.1,781.0,34.4,51.2,0.0191
16/02/2025,12.00.00,0.61,814.7,104.7,1.46,777.4,44.4,1159.4,25.9,1013.3,668.8,31.5,48.8,0.0159
16/02/2025,15.00.00,0.61,895.0,109.8,1.48,774.8,33.2,1117.6,15.9,995.9,822.7,29.4,54.1,0.017
16/02/2025,18.00.00,1.06,939.7,109.8,2.46,937.8,53.7,1174.4,57.3,1106.2,841.4,28.0,61.7,0.0168
16/02/2025,21.00.00,1.05,929.0,123.2,2.84,866.9,72.0,968.0,58.5,1194.5,906.7,31.9,61.9,0.0177
17/02/2025,00.00.00,0.62,797.4,122.5,2.76,905.2,50.2,1222.3,27.2,951.3,785.5,29.8,74.5,0.0166
17/02/2025,03.00.00,0.79,758.9,108.6,1.12,726.6,-200.0,998.1,25.6,1000.0,808.5,28.9,71.4,0.0193
17/02/2025,06.00.00,0.97,846.0,97.9,0.78,693.3,58.2,1099.0,46.4,1087.4,923.2,35.9,59.0,0.0177
17/02/2025,09.00.00,0.84,958.8,109.4,1.91,833.0,54.5,979.8,42.9,1069.1,763.0,31.5,59.7,0.0173
17/02/2025,12.00.00,0.71,783.4,104.2,1.65,800.8,43.0,1145.9,25.0,1074.9,864.3,30.3,58.2,0.0168
17/02/2025,15.00.00,0.43,790.0,56.7,0.35,740.8,34.1,1206.3,22.3,1142.4,745.6,30.3,58.0,0.0161
17/02/2025,18.00.00,1.11,962.5,171.3,3.73,1004.0,71.3,995.8,55.6,1114.5,796.1,24.4,73.8,0.0195
17/02/2025,21.00.00,0.81,825.5,122.6,4.11,1070.6,57.5,1072.7,43.1,1105.1,958.2,25.9,66.1,0.0165
18/02/2025,00.00.00,0.66,841.2,134.4,2.67,913.0,44.0,1257.8,39.3,1001.1,925.0,27.5,72.7,0.0192
18/02/2025,03.00.00,0.76,896.5,109.2,1.59,878.4,53.0,1309.0,45.4,1154.0,821.2,31.0,73.4,0.0211
18/02/2025,06.00.00,0.83,919.1,91.7,0.87,716.0,54.1,1156.6,38.9,1019.2,823.9,34.0,65.2,0.0196
18/02/2025,09.00.00,1.06,853.6,126.2,2.57,877.8,54.7,1057.6,55.7,1342.8,846.6,33.2,57.2,0.0153
18/02/2025,12.00.00,0.88,915.2,140.1,3.89,1060.8,69.0,1060.0,42.9,954.6,850.4,30.7,49.1,0.0158
18/02/2025,15.00.00,0.33,867.9,138.0,-200.0,887.2,35.8,1192.4,29.1,1166.8,763.2,25.7,57.2,0.0177
18/02/2025,18.00.00,0.67,791.6,113.7,2.97,959.4,38.8,1277.3,42.1,1137.7,847.8,23.3,59.9,0.0173
18/02/2025,21.00.00,1.34,976.3,198.7,6.32,1379.0,90.6,969.9,74.4,1119.0,1117.1,28.2,59.0,0.0156
19/02/2025,00.00.00,0.37,794.0,122.5,2.92,873.9,18.8,1179.5,20.8,1145.7,731.7,29.5,67.6,0.0185
19/02/2025,03.00.00,0.56,875.8,94.1,1.14,842.7,38.2,1296.6,30.0,955.1,886.4,33.2,64.3,0.0178
19/02/2025,06.00.00,0.33,890.3,110.2,2.01,813.8,5.0,1452.3,22.7,968.7,739.7,34.5,67.8,0.0204
19/02/2025,09.00.00,0.75,877.7,120.2,2.37,949.0,41.9,1310.1,28.6,923.5,708.6,32.7,63.2,0.0174
19/02/2025,12.00.00,0.48,922.1,136.7,2.73,947.2,33.5,1191.2,19.2,966.6,798.8,31.6,51.6,0.018
19/02/2025,15.00.00,0.38,900.4,118.5,2.17,889.2,29.3,1277.4,16.0,960.5,777.5,28.6,56.3,0.0155
19/02/2025,18.00.00,0.64,940.5,106.3,0.68,706.7,50.2,1054.4,35.4,1099.8,953.0,28.2,52.3,0.0155
19/02/2025,21.00.00,1.04,953.3,141.2,2.53,876.5,64.2,1074.9,27.9,1182.4,998.0,27.0,66.1,0.0188
20/02/2025,00.00.00,0.79,972.1,101.2,0.92,697.7,53.0,1166.7,46.6,1050.5,885.4,30.1,73.1,0.0199
20/02/2025,03.00.00,0.66,905.9,94.3,0.23,671.8,52.5,1086.4,22.3,796.6,942.6,32.8,74.0,0.0175
20/02/2025,06.00.00,0.2,707.3,133.6,1.29,762.4,5.2,1401.3,5.0,965.4,705.4,34.8,61.1,0.0175
20/02/2025,09.00.00,1.06,871.4,174.1,6.41,1269.0,69.4,1066.4,-200.0,1008.7,986.6,31.8,66.1,0.0163
20/02/2025,12.00.00,0.4,832.8,115.6,1.08,675.2,30.9,1209.4,25.4,1128.8,799.8,31.3,48.8,0.0162
20/02/2025,15.00.00,0.37,838.3,145.6,2.36,875.3,29.6,1363.7,10.5,939.6,865.7,27.8,51.9,0.0177
20/02/2025,18.00.00,1.01,946.0,182.2,5.31,1224.3,60.7,1077.6,34.3,984.1,966.2,27.2,65.9,0.0174
20/02/2025,21.00.00,0.84,844.9,168.8,3.35,1019.9,51.0,1155.4,41.6,995.4,903.3,29.7,74.9,0.0184
21/02/2025,00.00.00,0.62,1014.8,142.6,2.0,841.2,45.1,1057.2,21.0,1027.4,783.4,27.1,75.8,0.0175
21/02/2025,03.00.00,0.36,836.0,91.1,0.9,876.0,26.4,1309.3,10.7,923.4,749.9,30.4,71.5,0.0177
21/02/2025,06.00.00,0.68,881.5,127.8,2.87,891.3,49.5,1114.1,32.4,1132.5,901.3,30.9,56.6,0.0192
21/02/2025,09.00.00,0.94,866.1,164.1,4.23,1047.0,52.9,1212.2,48.8,1080.4,921.2,28.6,53.1,0.0169
21/02/2025,12.00.00,0.39,776.5,98.4,1.54,716.7,21.9,1185.4,5.4,1020.7,776.9,29.3,58.5,0.0161
21/02/2025,15.00.00,0.43,842.7,153.8,1.84,802.6,29.5,1287.0,8.4,836.9,766.6,29.6,55.0,0.0166
21/02/2025,18.00.00,0.98,919.2,154.0,3.45,1076.3,60.3,923.9,45.6,960.8,894.3,27.0,57.0,0.0152
21/02/2025,21.00.00,0.71,879.0,84.3,0.2,648.9,27.6,1311.3,30.5,1080.0,763.3,28.7,67.6,0.0169
22/02/2025,00.00.00,0.54,980.5,102.8,2.44,798.0,30.3,1234.3,33.4,1001.2,771.9,32.4,70.0,0.0199
22/02/2025,03.00.00,0.8,886.9,99.2,0.86,779.6,53.4,1165.2,22.4,971.0,997.3,34.9,73.0,0.0184
22/02/2025,06.00.00,0.66,873.2,107.8,2.53,911.8,39.7,1153.4,21.4,914.9,785.9,33.4,66.4,0.0202
22/02/2025,09.00.00,0.9,965.5,168.2,4.27,1101.2,56.9,1039.4,55.1,1044.2,906.4,35.0,64.6,0.0177
22/02/2025,12.00.00,0.2,812.0,46.1,0.2,652.7,5.0,1340.2,22.8,1035.8,725.7,30.7,56.8,0.0171
22/02/2025,15.00.00,0.65,915.4,127.5,1.49,735.9,49.3,1169.0,20.6,981.1,761.9,27.0,58.2,0.018
22/02/2025,18.00.00,0.85,812.4,185.3,6.2,1229.1,63.5,1128.7,40.0,985.7,802.2,26.5,68.2,0.0149
22/02/2025,21.00.00,-200.0,829.7,115.8,3.4,1003.4,59.9,1124.9,48.9,1151.1,874.0,25.9,64.5,0.0181
23/02/2025,00.00.00,0.63,883.6,83.4,0.2,665.0,36.3,1143.4,16.7,1049.2,672.3,29.1,85.9,0.0197
23/02/2025,03.00.00,0.75,873.6,141.3,3.39,993.3,54.0,1277.2,25.9,995.8,990.0,32.1,72.3,0.0203
23/02/2025,06.00.00,0.36,787.1,82.6,0.2,639.5,11.8,1367.7,9.8,1009.2,710.1,35.0,66.4,0.0191
23/02/2025,09.00.00,0.82,906.4,118.1,0.97,765.1,54.9,1075.7,57.5,1060.0,833.7,35.7,60.6,0.0161
23/02/2025,12.00.00,0.58,884.3,139.8,3.0,935.3,52.9,1169.4,19.7,1019.2,944.3,28.3,68.0,0.0196
23/02/2025,15.00.00,0.39,797.2,95.8,0.21,631.6,29.2,1274.4,33.1,1043.7,777.8,29.2,61.1,0.0172
23/02/2025,18.00.00,0.61,837.2,134.5,3.24,965.1,45.6,1158.2,30.5,966.6,882.3,25.8,55.3,0.0159
23/02/2025,21.00.00,0.89,921.7,123.8,2.08,826.1,50.1,1126.3,42.5,1213.7,810.1,29.3,73.9,0.0189
24/02/2025,00.00.00,0.65,806.0,115.9,3.08,977.0,49.7,1230.3,46.7,1103.2,852.3,30.5,69.1,0.018
24/02/2025,03.00.00,0.42,807.8,100.5,0.93,786.0,15.7,1459.8,13.0,910.5,814.8,29.7,72.7,0.0204
24/02/2025,06.00.00,0.75,927.9,72.2,0.2,696.6,46.1,1006.5,25.6,1003.8,778.0,35.3,57.9,0.0176
24/02/2025,09.00.00,0.62,873.2,155.0,3.07,851.3,40.1,1297.7,40.1,999.4,857.4,31.8,63.5,0.018
24/02/2025,12.00.00,0.47,823.6,105.8,1.37,727.1,38.2,1210.7,21.9,906.8,645.4,29.8,54.2,0.018
24/02/2025,15.00.00,0.57,805.2,148.2,3.24,922.4,34.1,1248.3,26.4,974.0,891.0,26.7,59.5,0.0187
24/02/2025,18.00.00,1.07,857.9,157.1,4.07,992.5,62.1,1197.9,44.4,1051.0,847.2,26.6,61.4,0.0185
24/02/2025,21.00.00,1.06,918.3,205.8,5.48,1140.9,83.9,768.2,68.6,1118.2,945.6,29.3,76.5,0.0206
25/02/2025,00.00.00,0.39,988.5,60.2,0.2,719.9,18.0,1375.3,5.0,1007.6,747.1,30.4,80.8,0.02
25/02/2025,03.00.00,0.3,875.2,87.6,0.52,737.6,32.6,1339.8,10.1,886.6,729.5,33.4,69.6,0.0185
25/02/2025,06.00.00,0.69,788.9,107.1,2.3,845.6,51.9,1085.5,18.1,907.1,782.0,34.4,65.3,0.0194
25/02/2025,09.00.00,0.96,964.3,98.1,2.71,940.2,52.1,1027.9,39.7,976.0,892.9,35.1,56.5,0.017
25/02/2025,12.00.00,0.77,838.9,117.3,2.93,946.3,29.4,1384.2,5.0,830.3,828.0,30.2,62.7,0.0177
25/02/2025,15.00.00,0.45,853.6,119.2,1.2,762.3,30.8,1105.6,12.2,1020.6,730.3,26.1,57.8,0.0193
25/02/2025,18.00.00,0.6,831.0,101.4,1.21,828.2,41.8,1224.5,22.8,1009.5,863.3,29.6,58.5,0.0192
25/02/2025,21.00.00,0.92,1051.6,121.6,2.5,850.8,59.8,1183.0,59.9,1187.8,918.4,28.1,72.7,0.0185
26/02/2025,00.00.00,0.53,784.7,140.0,2.69,908.3,34.0,1261.7,11.2,1016.0,775.5,32.7,66.5,0.0174
26/02/2025,03.00.00,0.2,846.0,86.1,0.24,615.0,9.8,1396.2,5.0,896.7,638.8,33.6,69.1,0.02
26/02/2025,06.00.00,0.31,789.7,104.8,0.87,677.4,25.2,1252.8,18.1,1075.5,773.0,33.6,57.6,0.0181
26/02/2025,09.00.00,0.66,930.7,153.7,3.83,938.6,39.0,1242.1,49.0,1052.3,842.5,33.5,63.1,0.0181
26/02/2025,12.00.00,0.71,905.5,105.7,0.98,688.6,46.1,1112.8,27.4,933.0,834.2,34.1,63.9,0.0174
26/02/2025,15.00.00,1.0,1007.3,86.2,0.72,723.1,75.6,975.5,46.5,1112.2,885.4,32.2,58.5,0.0177
26/02/2025,18.00.00,0.84,950.7,137.6,2.33,854.6,56.7,1119.2,56.1,1134.4,902.9,27.9,69.1,0.0182
26/02/2025,21.00.00,0.77,843.5,122.0,3.34,952.7,50.1,1026.6,47.8,1101.3,938.7,29.0,62.9,0.0169
27/02/2025,00.00.00,0.28,1038.0,86.6,0.44,675.4,16.4,1364.0,14.4,1028.8,695.4,32.7,70.3,0.0185
27/02/2025,03.00.00,0.64,915.8,104.7,0.46,791.2,51.8,942.4,26.3,1012.7,834.6,31.6,66.1,0.0183
27/02/2025,06.00.00,0.41,811.0,124.5,2.6,834.6,30.7,1275.4,23.6,1016.3,984.2,34.4,63.8,0.0173
27/02/2025,09.00.00,0.92,925.2,133.6,3.34,898.5,52.0,1176.6,26.6,1101.7,876.3,33.0,63.8,0.0188
27/02/2025,12.00.00,0.51,905.1,151.7,2.07,800.6,35.7,1157.8,15.9,982.3,718.5,31.4,56.8,0.0187
27/02/2025,15.00.00,0.33,881.1,138.2,2.05,841.0,34.4,1129.3,35.6,1077.2,769.8,27.3,51.5,0.0178
27/02/2025,18.00.00,1.18,976.1,126.0,2.44,909.9,71.0,1012.3,65.0,1061.0,860.1,25.2,57.3,0.0168
27/02/2025,21.00.00,1.69,1070.7,182.0,6.48,1299.2,118.0,860.9,85.6,1502.6,1080.8,25.2,63.0,0.0186
28/02/2025,00.00.00,0.48,918.0,101.6,2.89,976.9,40.1,1227.1,5.6,810.9,841.9,29.0,74.4,0.0188
28/02/2025,03.00.00,0.69,823.5,154.5,3.55,981.4,48.5,1068.6,18.0,934.2,800.9,32.3,80.6,0.0178
28/02/2025,06.00.00,0.34,988.3,134.0,1.95,813.1,24.0,1288.4,8.1,892.5,902.0,33.4,72.5,0.0193
28/02/2025,09.00.00,0.5,997.9,126.7,2.27,955.2,18.9,1326.4,18.0,1119.6,762.7,36.4,47.9,0.0165
28/02/2025,12.00.00,0.58,925.5,57.9,0.2,515.9,42.0,1207.8,13.5,912.0,794.0,32.8,62.3,0.0207
28/02/2025,15.00.00,0.63,877.9,117.2,1.93,836.9,43.3,1104.5,24.4,1028.5,744.4,27.2,63.3,0.0194
28/02/2025,18.00.00,0.9,911.5,113.6,2.27,889.6,58.2,1121.3,61.8,1107.7,812.1,28.5,53.6,0.0177
28/02/2025,21.00.00,0.96,892.2,183.0,5.59,1283.8,72.2,1112.5,56.8,1054.3,829.3,28.1,66.2,0.0183
01/03/2025,00.00.00,0.74,875.7,165.0,3.11,853.7,38.9,1248.7,26.3,1045.0,803.2,30.5,76.3,0.0191
01/03/2025,03.00.00,0.83,746.1,113.9,1.22,743.2,52.5,1170.2,-200.0,939.3,795.7,33.4,72.1,0.0173
01/03/2025,06.00.00,0.39,954.3,112.2,1.31,699.6,30.3,1379.9,5.0,934.5,845.8,35.1,57.9,0.0151
01/03/2025,09.00.00,0.83,981.6,137.8,3.25,859.7,47.8,1174.5,25.3,1045.3,802.4,32.6,63.3,0.0167
01/03/2025,12.00.00,0.3,719.0,114.2,1.55,786.2,10.5,1280.3,5.0,1053.5,790.2,32.8,44.5,0.0159
01/03/2025,15.00.00,0.56,929.9,72.8,0.2,714.8,-200.0,1143.8,24.2,908.5,847.9,26.9,57.7,0.0147
01/03/2025,18.00.00,1.47,976.4,127.7,2.19,924.2,89.8,965.2,67.5,1159.3,1014.5,28.0,67.4,0.0174
01/03/2025,21.00.00,1.12,919.9,132.0,3.05,910.6,49.0,1039.9,28.7,1007.2,909.8,33.3,63.9,0.0175
02/03/2025,00.00.00,0.6,906.2,71.3,0.2,705.7,40.7,1171.5,26.7,1007.0,961.7,31.4,67.6,0.0178
02/03/2025,03.00.00,0.2,702.0,103.1,0.6,696.5,9.2,1391.2,20.4,1161.4,668.1,35.6,72.2,0.0177
02/03/2025,06.00.00,0.55,864.7,94.3,2.66,932.9,43.2,1277.6,46.4,1073.3,888.9,34.2,70.0,0.0179
02/03/2025,09.00.00,0.68,887.5,157.9,4.78,1167.6,55.5,999.0,50.1,924.0,894.3,34.2,65.6,0.02
02/03/2025,12.00.00,0.42,856.4,92.8,0.2,658.3,15.7,1329.3,8.0,918.1,821.6,31.0,61.0,0.0183
02/03/2025,15.00.00,0.56,772.0,134.7,2.02,900.8,40.5,1192.0,32.5,1021.7,829.3,28.7,62.9,0.017
02/03/2025,18.00.00,1.15,968.9,170.9,4.66,1025.7,68.3,1061.3,63.9,1138.7,987.3,26.7,66.4,0.0179
02/03/2025,21.00.00,0.72,960.9,84.1,0.79,760.8,31.0,1256.1,7.2,878.4,702.7,29.7,67.9,0.0181
03/03/2025,00.00.00,0.32,867.3,119.4,2.23,918.7,25.2,1271.7,30.4,929.2,705.2,29.7,71.9,0.0175
03/03/2025,03.00.00,0.3,819.6,108.4,1.34,828.0,22.4,1399.6,8.4,1084.8,727.2,-200.0,67.5,0.0172
03/03/2025,06.00.00,1.07,1117.1,144.0,2.26,799.2,66.3,1168.1,35.8,1065.3,893.6,36.0,57.7,0.0184
03/03/2025,09.00.00,0.69,818.4,143.8,2.78,902.4,40.2,1370.7,29.3,1003.9,823.7,33.9,54.5,0.0164
03/03/2025,12.00.00,0.42,904.0,116.7,1.26,786.8,31.8,1240.1,22.9,1140.7,743.7,30.6,55.4,0.0157
03/03/2025,15.00.00,0.52,879.1,132.8,2.88,947.8,43.1,1151.4,15.6,901.8,760.1,29.8,57.9,0.0172
03/03/2025,18.00.00,0.7,1024.8,102.2,2.13,858.5,39.1,1127.1,29.4,1059.8,771.4,27.6,69.3,0.0184
03/03/2025,21.00.00,1.14,963.8,128.9,3.89,1097.8,62.5,1045.8,52.0,1020.6,767.9,30.6,65.7,0.0155
04/03/2025,00.00.00,0.6,914.0,88.5,0.72,647.2,32.6,1294.3,22.4,1042.1,777.6,28.1,77.6,0.0189
04/03/2025,03.00.00,0.65,913.8,104.0,0.75,707.9,41.6,1261.3,29.6,939.1,820.8,32.7,75.3,0.0198
04/03/2025,06.00.00,0.51,787.5,92.0,1.08,660.2,19.5,1356.4,8.9,968.4,789.5,30.8,66.5,0.0185
04/03/2025,09.00.00,0.94,852.3,121.9,1.85,859.8,47.2,1110.8,44.2,1213.6,853.3,30.8,64.6,0.0205
04/03/2025,12.00.00,0.52,842.7,111.5,2.41,909.6,32.2,1186.1,30.5,1028.7,922.2,33.5,53.5,0.0183
04/03/2025,15.00.00,0.78,961.2,109.8,2.19,1042.1,32.8,1392.3,30.3,867.8,855.4,30.6,62.7,0.0194
04/03/2025,18.00.00,1.04,940.6,154.5,2.97,988.1,68.5,990.9,54.8,1121.5,957.2,27.0,65.7,0.0213
04/03/2025,21.00.00,1.34,946.0,177.6,4.79,1122.9,82.9,1099.0,68.8,1208.7,974.1,26.5,63.0,0.0186
05/03/2025,00.00.00,0.61,969.3,93.5,1.01,759.6,42.9,1218.0,35.3,1104.3,866.1,26.2,74.8,0.0189
05/03/2025,03.00.00,0.61,734.5,71.1,0.2,651.6,31.6,1183.4,46.4,1188.6,779.4,32.4,78.4,0.0202
05/03/2025,06.00.00,0.28,743.0,97.8,0.2,676.2,16.3,1223.6,22.3,1095.9,756.0,38.4,61.1,0.0168
05/03/2025,09.00.00,0.6,696.8,128.1,1.94,849.5,26.7,1211.5,23.7,985.5,914.6,34.1,61.3,0.0176
05/03/2025,12.00.00,0.75,974.4,128.0,2.13,744.5,33.5,1266.0,11.6,900.4,795.5,30.3,59.8,0.0166
05/03/2025,15.00.00,0.77,885.2,119.6,2.35,884.0,48.2,1086.1,27.3,930.8,751.4,29.9,51.4,0.0171
05/03/2025,18.00.00,1.37,1032.6,171.0,5.97,1222.7,90.7,1070.9,60.9,1105.8,1020.8,25.6,66.1,0.0172
05/03/2025,21.00.00,0.86,895.1,120.6,2.27,961.8,58.8,1089.6,49.5,1131.5,937.5,28.6,60.4,0.0166
06/03/2025,00.00.00,0.55,937.8,120.8,1.09,746.6,34.3,1284.3,14.3,862.7,813.8,31.5,67.0,0.0185
06/03/2025,03.00.00,0.2,815.1,109.7,2.41,836.4,9.6,1401.6,17.9,906.6,597.3,33.3,74.9,0.0186
06/03/2025,06.00.00,0.49,887.3,84.3,-200.0,683.8,23.4,1412.7,5.0,959.4,860.3,35.6,65.8,0.0156
06/03/2025,09.00.00,0.82,916.9,143.6,2.17,860.3,42.5,1152.4,18.0,926.9,843.6,34.0,57.7,0.0154
06/03/2025,12.00.00,0.51,885.3,81.2,0.32,673.0,35.6,1230.3,20.7,1008.9,785.2,32.4,57.7,0.0158
06/03/2025,15.00.00,0.87,1022.3,114.4,2.01,771.1,50.0,1038.0,22.6,933.3,933.1,28.0,57.7,0.0161
06/03/2025,18.00.00,1.03,810.4,108.8,2.73,900.5,-200.0,1136.2,29.1,1036.7,721.5,29.8,60.4,0.0179
06/03/2025,21.00.00,0.99,914.2,166.3,4.28,1024.3,61.2,1185.3,39.6,1004.2,891.3,31.9,68.1,0.0184
07/03/2025,00.00.00,0.31,850.6,83.0,0.78,712.6,10.6,1364.5,5.0,786.9,694.0,29.7,67.8,0.0194
07/03/2025,03.00.00,0.75,893.2,74.4,0.98,783.8,56.7,1301.6,35.2,1107.9,974.5,32.0,70.7,0.0193
07/03/2025,06.00.00,0.26,803.5,69.3,0.2,631.9,14.8,1367.7,5.0,871.3,761.3,36.6,61.7,0.0188
07/03/2025,09.00.00,0.92,872.9,152.5,3.85,1003.7,67.8,1017.7,44.7,1061.2,842.9,33.1,51.9,0.0174
07/03/2025,12.00.00,0.36,950.8,94.0,2.1,878.8,26.9,1302.2,16.6,918.0,860.2,33.7,49.9,0.0167
07/03/2025,15.00.00,0.65,873.2,148.5,4.96,1106.4,45.3,1056.2,38.3,1091.1,663.9,28.5,65.5,0.0192
07/03/2025,18.00.00,0.67,1051.5,159.1,3.93,1166.6,50.8,1082.3,54.2,1140.0,887.8,30.8,61.6,0.0186
07/03/2025,21.00.00,0.97,953.8,117.8,2.16,869.1,57.3,1016.2,45.0,1117.9,783.4,29.4,60.1,0.0179
08/03/2025,00.00.00,0.74,868.3,99.6,1.85,757.6,43.6,1183.0,29.3,978.8,798.6,31.8,62.1,0.0191
08/03/2025,03.00.00,0.54,903.8,107.6,1.8,775.1,35.2,1218.9,20.0,976.6,788.9,36.2,66.8,0.0152
08/03/2025,06.00.00,-200.0,870.6,139.6,1.86,775.2,55.2,1220.3,39.1,1085.4,929.4,33.8,73.2,0.0182
08/03/2025,09.00.00,0.77,986.6,162.2,3.5,937.1,47.5,1154.8,41.3,1173.5,996.6,31.9,59.8,0.017
08/03/2025,12.00.00,0.64,795.5,82.0,0.2,698.5,55.7,1041.2,47.8,1112.7,742.6,30.6,63.4,0.0191
08/03/2025,15.00.00,-200.0,715.7,124.7,1.8,760.6,25.3,1398.0,5.0,849.8,807.3,30.0,58.2,0.0191
08/03/2025,18.00.00,1.31,982.9,148.7,3.72,984.7,77.5,777.0,53.7,1133.5,1086.6,25.7,65.8,0.0162
08/03/2025,21.00.00,0.86,962.1,124.8,3.97,1089.7,73.3,1036.5,56.8,1115.8,879.8,30.4,59.4,0.019
09/03/2025,00.00.00,0.39,867.3,105.3,3.03,909.5,28.3,1275.9,17.3,829.2,740.4,30.5,75.5,0.0174
09/03/2025,03.00.00,0.65,924.7,70.0,0.2,705.9,37.1,1213.7,13.6,825.3,827.8,35.5,66.2,0.0166
09/03/2025,06.00.00,0.8,932.7,112.2,3.1,851.9,61.6,1132.0,25.2,996.1,942.8,30.4,72.3,0.0182
09/03/2025,09.00.00,0.81,793.0,160.3,4.23,1031.9,55.2,1133.1,50.3,1102.3,911.5,32.2,56.4,0.0167
09/03/2025,12.00.00,0.8,916.1,108.7,2.05,796.5,41.1,1234.4,17.9,951.1,798.3,28.6,59.3,0.0155
09/03/2025,15.00.00,0.74,981.4,91.9,0.31,695.6,49.9,1102.5,13.4,1015.3,793.4,27.9,59.8,0.0182
09/03/2025,18.00.00,1.01,933.5,176.8,5.01,1068.9,57.5,995.7,52.2,1043.4,964.6,28.9,60.3,0.0182
09/03/2025,21.00.00,0.4,756.6,107.5,0.95,854.4,9.0,1351.1,18.2,875.7,672.9,29.0,69.1,0.0195
10/03/2025,00.00.00,0.83,876.8,101.5,1.97,746.9,57.8,1028.7,34.7,981.0,739.3,31.1,69.1,0.0177
10/03/2025,03.00.00,0.67,919.7,109.8,1.23,829.1,35.6,1163.9,12.9,908.9,705.0,33.3,66.2,0.0179
10/03/2025,06.00.00,0.63,1001.3,78.3,0.7,764.7,25.7,1364.3,14.8,955.2,736.9,34.8,72.7,0.0185
10/03/2025,09.00.00,0.37,707.4,99.5,0.49,713.9,24.9,1400.1,35.6,986.6,879.2,31.9,66.0,0.02
10/03/2025,12.00.00,0.37,869.6,120.8,1.25,771.6,23.3,1374.7,5.0,770.1,686.8,32.7,51.5,0.0132
10/03/2025,15.00.00,0.41,784.0,98.8,0.44,793.9,25.7,1348.0,5.0,740.1,883.7,30.5,59.0,0.0162
10/03/2025,18.00.00,0.79,930.0,147.2,3.88,1154.6,50.6,1151.9,33.1,1040.9,943.2,29.1,57.2,0.0172
10/03/2025,21.00.00,0.97,957.3,157.4,3.83,1002.1,53.4,1214.0,40.9,984.4,876.1,30.3,60.2,0.0161
11/03/2025,00.00.00,0.9,892.1,142.3,4.74,1108.8,62.0,1118.7,33.4,893.4,707.4,32.0,74.8,0.0184
11/03/2025,03.00.00,0.95,958.6,93.3,2.21,829.2,54.7,1282.4,40.3,1105.0,781.1,37.1,58.1,0.0171
11/03/2025,06.00.00,0.73,967.0,102.8,0.88,669.3,41.0,1121.7,36.3,1153.3,778.6,34.4,69.6,0.0175
11/03/2025,09.00.00,1.23,936.2,140.9,2.29,893.5,72.4,1091.8,55.7,1116.1,1038.4,33.1,58.6,0.0173
11/03/2025,12.00.00,-200.0,743.5,131.0,3.86,1030.6,27.3,1162.2,22.6,1009.0,742.2,30.3,56.1,-200.0
11/03/2025,15.00.00,0.53,964.0,128.7,2.7,817.5,42.2,1243.0,28.9,1035.0,772.6,27.7,60.3,0.0171
11/03/2025,18.00.00,0.95,971.6,138.7,2.89,950.1,65.0,937.4,48.4,931.7,908.2,26.4,65.8,0.0174
11/03/2025,21.00.00,-200.0,928.2,146.9,4.23,1067.3,31.1,1147.7,14.3,1019.5,694.5,27.9,63.8,0.0175
12/03/2025,00.00.00,0.4,799.8,128.9,3.0,901.7,30.4,1145.2,8.6,1021.2,789.6,31.5,73.7,0.0186
12/03/2025,03.00.00,0.55,935.0,95.1,0.33,644.4,43.3,1203.7,13.3,1081.9,774.0,34.3,69.3,0.0162
12/03/2025,06.00.00,0.67,1023.4,111.0,1.63,828.6,56.4,1146.3,33.5,1003.3,1057.4,34.7,58.5,0.0178
12/03/2025,09.00.00,1.15,929.0,136.6,3.05,1028.6,53.6,1328.0,43.6,994.8,796.6,32.4,59.5,0.0168
12/03/2025,12.00.00,0.2,830.6,68.9,0.2,690.9,6.8,1358.8,5.0,1015.1,855.4,33.1,61.9,0.0191
12/03/2025,15.00.00,0.54,790.1,102.4,1.27,813.8,30.8,1307.6,19.8,1014.3,712.7,30.7,64.4,0.0185
12/03/2025,18.00.00,0.39,796.7,122.0,2.66,857.3,22.4,1300.7,13.2,1013.9,785.7,28.3,65.1,0.0193
12/03/2025,21.00.00,0.94,837.8,101.1,1.46,765.9,51.3,1198.7,29.1,971.1,888.9,28.3,61.6,0.0163
13/03/2025,00.00.00,0.46,864.7,112.7,2.27,899.0,42.6,1198.5,20.2,999.7,837.7,32.5,71.7,0.018
13/03/2025,03.00.00,0.35,818.0,126.1,2.58,820.8,26.3,1356.6,5.1,846.6,784.4,34.1,73.2,0.0171
13/03/2025,06.00.00,0.59,897.3,112.1,2.51,899.4,45.0,1090.8,34.0,1035.5,895.3,32.2,70.3,0.0175
13/03/2025,09.00.00,0.77,830.5,127.9,2.65,929.2,43.2,988.2,33.1,1008.1,858.8,33.6,63.4,0.0192
13/03/2025,12.00.00,0.47,844.8,90.2,0.87,730.8,37.2,1247.3,31.2,1188.9,799.5,32.1,57.6,0.019
13/03/2025,15.00.00,0.49,792.6,100.0,1.89,847.1,19.8,1156.3,7.9,969.9,712.3,28.0,57.7,0.0158
13/03/2025,18.00.00,1.0,933.4,88.9,2.12,854.2,60.6,1201.8,41.5,915.5,870.3,28.9,58.0,0.0167
13/03/2025,21.00.00,1.02,807.5,171.7,4.31,1025.0,71.5,998.8,71.0,1184.1,902.0,27.0,59.1,0.0172
14/03/2025,00.00.00,0.95,924.7,140.7,2.75,846.5,60.4,1014.8,21.2,1010.7,867.5,33.9,69.9,0.019
14/03/2025,03.00.00,0.52,842.4,121.4,2.97,927.3,36.0,1436.0,35.2,1007.5,813.4,35.9,68.5,0.0161
14/03/2025,06.00.00,0.51,874.2,108.0,0.99,815.6,37.5,1211.0,39.8,982.0,713.8,34.2,67.9,0.0162
14/03/2025,09.00.00,1.17,824.6,126.7,3.45,1033.7,72.1,1022.8,60.3,1187.6,844.3,34.4,52.2,0.0173
14/03/2025,12.00.00,0.25,875.3,79.0,0.2,650.0,31.6,1302.1,16.3,897.7,852.9,27.6,62.4,0.0153
14/03/2025,15.00.00,0.81,876.8,123.2,2.84,899.7,51.5,1208.0,46.2,1125.0,696.8,27.6,68.6,0.0176
14/03/2025,18.00.00,1.15,952.8,147.7,3.99,1005.0,82.2,1080.0,55.8,1049.8,1030.4,28.2,-200.0,0.0178
14/03/2025,21.00.00,1.01,790.0,142.0,2.9,901.7,69.8,944.6,44.2,1039.4,870.1,27.7,67.7,0.0186
15/03/2025,00.00.00,0.86,816.1,93.6,1.09,769.4,44.7,1219.5,23.8,1062.2,950.9,32.9,70.5,0.0182
15/03/2025,03.00.00,0.85,874.3,137.9,3.5,1040.6,63.4,1059.3,33.6,1068.8,976.2,37.2,76.7,0.0185
15/03/2025,06.00.00,0.59,967.6,94.7,0.2,793.5,32.4,1164.4,10.6,944.7,774.2,32.7,61.1,0.0185
15/03/2025,09.00.00,1.27,988.9,141.5,3.36,923.9,84.0,983.8,71.2,1182.7,936.4,32.4,61.4,0.0179
15/03/2025,12.00.00,0.69,892.4,128.5,3.19,988.6,46.9,1020.5,21.4,991.8,952.3,32.1,51.8,0.0159
15/03/2025,15.00.00,0.77,827.6,127.3,2.43,910.4,58.4,1182.1,35.9,988.1,964.2,32.3,52.1,0.0167
15/03/2025,18.00.00,0.82,821.4,171.9,4.28,1038.2,51.8,1117.8,25.7,896.5,923.5,26.6,62.5,0.0181
15/03/2025,21.00.00,1.17,959.9,154.2,3.24,901.7,63.9,1042.4,47.9,1131.5,971.7,30.0,73.1,0.0206
16/03/2025,00.00.00,0.9,956.9,105.2,2.5,902.9,55.6,1110.8,22.9,1098.9,790.8,34.8,76.6,0.0198
16/03/2025,03.00.00,0.32,853.4,80.5,1.09,870.2,20.1,1286.2,5.0,962.3,774.6,31.0,73.4,0.0201
16/03/2025,06.00.00,0.36,962.8,148.5,2.97,947.0,29.0,1346.1,16.9,985.4,733.2,32.5,64.5,0.0171
16/03/2025,09.00.00,0.42,802.2,133.5,3.21,911.8,18.8,1218.5,30.2,936.2,678.4,33.1,72.3,0.0179
16/03/2025,12.00.00,0.74,901.5,108.7,3.43,966.8,45.4,1142.5,32.5,1091.5,847.6,30.8,54.6,0.0166
16/03/2025,15.00.00,0.47,737.8,72.7,0.21,606.8,21.3,1276.0,18.3,1007.0,735.0,31.0,52.9,0.0166
16/03/2025,18.00.00,0.88,920.3,107.7,1.91,832.0,50.9,1060.4,38.2,1106.2,841.0,29.1,52.0,0.0155
16/03/2025,21.00.00,1.21,1048.4,181.6,5.91,1248.6,93.2,946.9,62.4,1222.0,944.5,26.6,75.9,0.0203
17/03/2025,00.00.00,0.92,838.1,169.5,-200.0,1023.9,59.7,1043.7,44.9,1190.6,791.2,32.6,74.0,0.0197
17/03/2025,03.00.00,0.48,916.5,104.8,2.15,675.4,16.8,1203.6,5.0,842.0,869.2,32.9,81.9,0.019
17/03/2025,06.00.00,0.62,975.5,128.3,1.9,846.1,42.0,1232.3,34.4,947.2,836.8,36.9,56.1,0.0178
17/03/2025,09.00.00,1.22,897.6,166.8,4.58,1057.9,64.7,1200.4,60.5,1152.2,793.1,32.8,67.4,0.0183
17/03/2025,12.00.00,0.44,885.0,108.2,2.64,859.4,38.8,1210.1,15.6,897.9,829.0,30.7,57.2,0.018
17/03/2025,15.00.00,0.72,996.7,115.0,-200.0,818.1,45.1,1166.2,21.0,907.4,941.8,30.6,60.1,0.0158
17/03/2025,18.00.00,0.93,927.4,161.1,4.09,1060.6,68.0,1050.1,44.7,1164.2,971.1,30.1,52.0,0.0165
17/03/2025,21.00.00,0.86,958.8,131.3,2.82,895.3,42.2,1147.5,19.5,907.4,790.4,30.4,73.4,0.0185
18/03/2025,00.00.00,0.62,750.4,97.2,0.64,762.2,35.3,1317.2,17.2,968.0,771.2,28.9,75.9,0.0196
18/03/2025,03.00.00,0.69,924.7,82.5,0.63,762.3,32.3,1246.0,33.0,918.0,729.9,34.8,68.2,0.0174
18/03/2025,06.00.00,0.48,894.3,94.1,0.32,665.5,25.8,1096.7,5.5,926.6,725.5,33.0,69.2,0.0152
18/03/2025,09.00.00,0.7,791.6,89.3,0.85,701.9,43.7,1277.4,48.3,1176.2,784.8,34.3,55.1,0.0157
18/03/2025,12.00.00,0.44,785.5,147.7,1.64,812.9,32.6,1313.1,15.9,1048.5,695.2,29.4,54.9,0.0169
18/03/2025,15.00.00,0.64,918.8,97.5,2.07,839.0,47.2,1212.4,50.4,1174.7,810.4,30.4,53.9,0.0169
18/03/2025,18.00.00,1.15,917.0,218.0,5.42,1068.2,82.3,768.1,52.2,1103.3,970.9,27.4,52.9,0.0188
18/03/2025,21.00.00,1.25,1028.3,166.0,5.57,1284.5,72.4,1037.8,51.4,1183.6,888.2,27.5,72.5,0.0192
19/03/2025,00.00.00,1.01,942.9,178.1,4.39,1106.5,62.3,1160.1,29.5,1048.2,902.1,33.0,74.9,0.0188
19/03/2025,03.00.00,0.24,832.9,141.5,2.73,883.6,22.8,1316.4,7.3,898.3,881.9,34.3,65.2,0.0178
19/03/2025,06.00.00,0.43,840.0,70.8,0.25,568.1,25.7,1288.0,29.3,1044.0,905.6,33.8,67.2,0.0194
19/03/2025,09.00.00,0.75,910.2,107.6,1.03,738.3,43.4,1254.7,39.6,1120.6,825.4,36.4,56.0,0.0163
19/03/2025,12.00.00,0.52,919.2,126.3,2.98,901.2,41.5,1203.6,36.0,951.1,886.1,31.1,58.2,0.0171
19/03/2025,15.00.00,0.48,894.9,136.9,2.93,925.1,28.3,1354.9,5.0,845.8,773.2,29.8,53.6,0.0155
19/03/2025,18.00.00,1.41,939.1,200.3,6.56,1154.3,86.5,980.3,-200.0,1162.7,925.4,29.3,56.4,0.0188
19/03/2025,21.00.00,0.77,979.6,128.9,3.01,909.8,36.1,1225.9,20.7,897.2,730.2,28.6,72.6,0.019
20/03/2025,00.00.00,0.97,962.4,78.4,0.27,653.0,59.2,1175.2,23.4,906.9,883.8,32.6,68.9,0.0173
20/03/2025,03.00.00,0.57,895.3,126.6,2.3,858.3,41.5,1160.8,28.1,982.9,900.3,33.1,79.8,0.019
20/03/2025,06.00.00,0.38,851.4,95.6,1.62,790.8,21.2,1206.4,15.4,1031.1,674.3,34.1,65.4,0.0185
20/03/2025,09.00.00,0.96,949.7,163.6,5.37,1162.6,68.1,1059.9,50.7,1171.1,884.1,36.3,52.8,0.0165
20/03/2025,12.00.00,0.85,773.8,173.3,4.38,1150.2,59.3,1150.6,44.0,1098.3,854.5,30.1,63.4,0.0171
20/03/2025,15.00.00,0.71,901.9,144.0,3.2,925.7,46.9,1239.7,37.8,1063.8,857.9,25.6,63.0,0.0169
20/03/2025,18.00.00,1.14,1052.1,117.1,3.15,899.2,67.9,1135.0,64.8,1305.3,922.1,31.6,62.7,0.018
20/03/2025,21.00.00,1.45,989.9,129.9,3.61,897.9,89.9,945.1,51.8,1069.5,1007.2,34.1,69.2,0.0178
21/03/2025,00.00.00,0.48,863.5,79.1,1.73,786.4,24.3,1265.0,30.1,1037.1,905.6,31.2,67.0,0.0175
21/03/2025,03.00.00,0.87,862.5,132.3,2.15,777.2,68.9,1008.1,61.5,1104.9,845.8,30.7,70.8,0.0168
21/03/2025,06.00.00,0.47,891.3,155.5,-200.0,1046.8,41.1,1214.3,21.8,897.2,758.6,34.3,64.1,0.0179
21/03/2025,09.00.00,0.8,882.4,77.2,0.75,716.1,44.4,1046.8,18.8,1058.3,850.4,33.5,53.1,0.0166
21/03/2025,12.00.00,0.45,945.9,115.7,1.44,838.8,17.0,1317.0,5.0,898.6,852.6,31.5,54.8,0.0166
21/03/2025,15.00.00,0.53,802.8,144.6,1.93,914.2,34.4,1455.9,16.7,1015.5,700.9,27.9,64.8,0.0181
21/03/2025,18.00.00,0.31,805.4,82.4,1.42,737.2,19.3,1183.4,40.1,1043.1,781.0,29.9,61.5,0.0184
21/03/2025,21.00.00,1.07,886.0,107.8,2.06,826.6,52.7,1149.2,40.8,1150.6,843.9,30.6,59.1,0.0182
22/03/2025,00.00.00,0.59,998.9,60.2,0.2,742.2,35.3,1253.9,15.7,893.0,865.6,29.3,63.9,0.0184
22/03/2025,03.00.00,0.3,822.1,97.8,0.2,679.4,11.7,1382.0,5.0,1001.5,779.1,35.2,76.4,0.0186
22/03/2025,06.00.00,0.39,808.2,94.1,0.86,760.5,32.8,1158.5,7.1,991.1,801.9,38.4,61.5,0.0169
22/03/2025,09.00.00,0.82,752.2,152.9,4.38,1123.1,49.9,1191.5,47.7,965.2,884.0,34.3,55.7,0.0158
22/03/2025,12.00.00,0.55,802.5,92.5,0.51,747.3,32.1,1196.7,19.0,939.7,750.2,31.3,55.0,0.0162
22/03/2025,15.00.00,0.45,891.2,102.5,1.72,835.6,26.1,1155.5,37.2,1120.1,834.2,29.5,49.5,0.0165
22/03/2025,18.00.00,0.8,933.2,103.0,1.61,880.2,52.6,1213.4,46.9,1202.1,954.7,29.9,67.4,0.0171
22/03/2025,21.00.00,1.06,881.5,164.5,4.47,1070.6,68.7,1109.7,58.9,1185.6,913.1,26.8,66.7,0.0181
23/03/2025,00.00.00,0.25,788.6,74.4,0.2,697.6,14.7,1249.1,6.7,899.1,715.6,32.2,76.4,0.0177
23/03/2025,03.00.00,0.76,1021.1,149.7,4.26,1045.1,38.8,1162.4,13.2,884.8,806.3,33.4,69.7,0.0163
23/03/2025,06.00.00,0.65,1067.2,104.3,1.48,846.6,36.6,1170.4,14.0,995.6,865.2,38.1,69.4,0.0192
23/03/2025,09.00.00,0.71,966.2,85.0,0.2,630.5,44.8,1044.6,22.1,958.5,831.4,33.7,60.7,0.0169
23/03/2025,12.00.00,0.37,953.6,99.3,0.57,611.9,31.9,1301.7,28.9,988.6,711.6,34.7,58.0,0.0162
23/03/2025,15.00.00,0.8,1019.8,114.3,1.42,821.0,54.9,1189.3,30.2,1005.1,931.4,27.9,61.7,0.0162
23/03/2025,18.00.00,1.15,1093.3,123.1,3.64,939.8,80.6,970.2,67.5,1231.8,873.1,29.9,63.4,0.0182
23/03/2025,21.00.00,0.63,854.5,136.7,1.98,776.2,35.9,1218.4,31.6,1152.8,837.3,30.3,67.8,-200.0
24/03/2025,00.00.00,0.54,803.8,102.5,1.2,833.7,44.4,1187.3,-200.0,1070.2,702.5,30.5,69.7,0.0178
24/03/2025,03.00.00,0.31,966.0,78.6,0.2,722.1,22.9,1305.2,5.0,920.7,776.2,34.4,78.3,0.0188
24/03/2025,06.00.00,0.25,763.0,70.0,0.2,650.2,11.1,1236.9,9.9,876.6,728.4,37.0,58.5,0.0185
24/03/2025,09.00.00,0.87,832.4,187.2,4.3,890.8,55.8,1160.0,40.4,1108.4,729.7,33.5,59.6,0.0152
24/03/2025,12.00.00,1.1,861.0,191.4,4.22,1080.3,61.8,997.2,47.3,1205.8,908.6,29.1,58.1,0.0196
24/03/2025,15.00.00,0.67,870.9,136.4,1.58,836.3,41.9,1245.2,18.8,1045.4,748.5,29.8,58.7,0.0202
24/03/2025,18.00.00,0.76,752.4,139.6,3.21,983.3,54.0,1044.8,47.6,1105.1,867.9,27.4,60.1,0.0142
24/03/2025,21.00.00,1.01,821.1,137.5,2.91,951.9,76.8,911.9,72.0,1153.9,901.6,29.2,68.5,0.018
25/03/2025,00.00.00,0.49,815.4,126.0,1.31,764.9,27.3,1261.2,19.7,1002.8,678.3,31.8,69.0,0.0173
25/03/2025,03.00.00,0.94,828.6,139.5,3.51,960.7,71.8,1036.9,52.4,1190.3,842.3,31.2,63.2,0.0174
25/03/2025,06.00.00,0.51,936.1,101.0,0.72,657.2,21.8,1299.5,19.2,993.1,697.7,32.2,66.6,0.0175
25/03/2025,09.00.00,0.73,887.8,139.0,3.09,905.2,40.3,1127.0,52.0,1100.7,889.7,34.9,53.0,0.0177
25/03/2025,12.00.00,0.35,882.6,146.8,2.11,868.1,38.6,1223.0,27.7,962.6,874.4,31.1,-200.0,0.0162
25/03/2025,15.00.00,0.59,904.0,118.4,0.94,757.5,48.9,1179.2,37.3,1230.6,1000.4,25.5,60.6,0.0164
25/03/2025,18.00.00,0.59,856.7,147.0,3.84,1058.1,35.7,1314.7,29.8,956.8,771.3,30.3,62.5,0.0174
25/03/2025,21.00.00,1.28,1023.0,179.9,4.28,979.2,82.9,1000.5,51.6,1037.7,910.5,30.3,68.7,0.0188
26/03/2025,00.00.00,0.53,895.1,150.0,3.89,928.4,41.8,1143.1,13.8,966.8,834.8,-200.0,73.5,0.0172
26/03/2025,03.00.00,0.88,882.9,131.6,3.32,944.8,62.6,979.0,51.5,1091.9,863.1,31.8,60.9,0.0155
26/03/2025,06.00.00,0.33,722.3,143.0,3.74,949.0,30.5,1125.0,8.8,1007.0,750.8,36.4,56.7,0.0195
26/03/2025,09.00.00,0.68,918.4,151.6,3.86,1026.6,36.6,1242.9,38.1,1126.6,813.6,34.7,68.5,0.0174
26/03/2025,12.00.00,0.69,794.8,111.6,2.41,806.9,47.5,1226.0,33.6,949.4,891.7,36.0,47.6,0.0161
26/03/2025,15.00.00,0.46,881.8,75.8,0.2,733.9,17.3,1242.4,19.9,926.7,604.0,30.6,59.2,0.0168
26/03/2025,18.00.00,0.61,878.4,81.9,1.31,729.1,30.0,1270.4,21.5,924.5,750.0,29.6,57.1,0.0178
26/03/2025,21.00.00,0.91,814.1,144.4,4.26,1142.4,62.7,1072.6,39.0,1110.8,789.9,29.6,67.1,0.0202
27/03/2025,00.00.00,0.89,925.3,128.9,2.52,918.3,52.2,1196.4,36.2,1074.6,845.8,33.4,65.5,0.0186
27/03/2025,03.00.00,0.4,861.3,102.5,0.38,628.1,24.2,1348.5,12.1,922.2,802.8,35.2,70.9,0.0166
27/03/2025,06.00.00,0.6,885.5,139.2,2.53,1005.1,33.9,1049.1,8.7,950.0,879.9,37.1,63.6,0.0161
27/03/2025,09.00.00,0.88,915.8,150.1,3.54,1000.5,59.8,1183.7,64.4,1078.9,848.9,33.2,57.5,0.0167
27/03/2025,12.00.00,0.71,839.1,116.1,3.28,970.5,50.5,1167.9,23.4,941.5,858.8,31.2,51.1,0.0163
27/03/2025,15.00.00,0.2,865.4,70.7,-200.0,665.4,5.0,1332.5,5.0,829.0,597.3,29.0,58.6,0.0152
27/03/2025,18.00.00,1.08,881.1,168.9,5.1,1160.5,69.0,1014.8,48.3,1103.6,846.7,30.3,54.0,0.0178
27/03/2025,21.00.00,0.74,814.0,148.2,2.99,962.8,35.3,1226.2,42.4,1079.5,820.3,32.4,66.7,0.0167
28/03/2025,00.00.00,0.68,928.6,136.5,3.6,944.6,48.1,1119.1,8.2,863.7,749.2,31.2,83.4,0.0213
28/03/2025,03.00.00,0.43,917.3,106.4,2.48,874.1,29.1,1179.5,29.7,1048.4,873.9,33.4,76.2,0.021
28/03/2025,06.00.00,0.57,910.7,127.7,1.44,793.3,34.3,1171.9,12.1,1022.6,839.5,35.5,67.7,0.0178
28/03/2025,09.00.00,0.82,883.9,125.5,3.14,980.2,56.4,1034.9,45.6,1010.3,805.8,33.7,59.0,0.0178
28/03/2025,12.00.00,0.2,688.2,119.5,3.13,980.5,22.1,1397.4,6.9,904.8,662.4,33.6,44.9,0.0146
28/03/2025,15.00.00,0.63,979.5,111.0,1.53,804.5,41.8,1195.6,45.8,1119.2,775.0,26.0,52.9,0.0175
28/03/2025,18.00.00,0.8,758.7,147.9,3.81,981.8,47.0,1345.4,38.4,1053.0,777.9,27.6,68.5,0.0176
28/03/2025,21.00.00,0.98,958.4,129.8,3.18,919.2,63.1,1114.2,40.0,964.1,804.1,28.5,63.5,0.0164
29/03/2025,00.00.00,0.5,1007.3,83.6,0.2,603.5,26.7,1313.8,13.5,923.2,681.5,28.0,69.1,0.0179
29/03/2025,03.00.00,0.63,885.5,69.7,0.2,701.6,36.2,1134.1,23.3,960.2,792.4,32.5,69.3,0.0177
29/03/2025,06.00.00,0.2,844.4,85.1,0.71,683.8,5.0,1357.5,5.0,908.1,766.3,33.4,60.4,0.017
29/03/2025,09.00.00,0.79,921.0,155.1,4.21,1038.9,57.0,1121.0,47.7,1081.9,821.1,33.8,53.2,0.0179
29/03/2025,12.00.00,0.56,881.2,93.9,2.47,897.7,44.0,1129.2,27.2,1118.6,863.0,33.9,54.2,0.0159
29/03/2025,15.00.00,0.87,1068.4,167.2,4.05,1034.8,59.4,1065.8,23.1,977.6,855.3,29.5,52.5,0.0188
29/03/2025,18.00.00,1.0,860.6,133.4,4.11,1040.2,63.1,1117.9,43.7,954.7,932.3,27.2,58.6,0.0157
29/03/2025,21.00.00,0.9,839.8,112.1,2.57,844.0,59.9,1135.6,51.2,1111.3,824.7,29.8,62.6,0.0196
30/03/2025,00.00.00,0.34,817.3,127.2,1.79,834.5,23.9,1173.8,8.1,1054.7,791.2,33.8,71.0,0.0172
30/03/2025,03.00.00,0.91,1031.5,141.3,2.93,911.5,60.7,1119.4,44.3,1065.7,890.4,32.5,69.0,0.0182
30/03/2025,06.00.00,0.89,866.7,122.7,2.3,863.9,66.5,1111.8,41.5,1035.5,994.8,33.4,64.8,0.0172
30/03/2025,09.00.00,0.9,938.2,119.1,3.6,1055.5,49.6,1104.9,36.6,1024.9,887.8,35.1,61.4,0.0171
30/03/2025,12.00.00,1.02,997.8,129.1,3.23,984.7,69.7,996.3,55.1,1161.4,926.9,31.6,55.4,0.0179
30/03/2025,15.00.00,0.36,897.3,83.2,0.36,652.8,24.1,1314.6,5.0,898.3,669.5,31.0,54.4,0.0187
30/03/2025,18.00.00,0.65,949.8,110.4,1.81,813.6,27.1,1058.4,18.1,866.2,744.7,29.0,63.4,0.0191
30/03/2025,21.00.00,0.86,1001.9,182.4,4.74,1188.0,49.8,1151.2,51.2,1057.8,793.4,31.1,68.9,0.0177
31/03/2025,00.00.00,0.46,877.2,160.7,2.82,901.0,25.9,1401.5,34.3,1032.8,720.0,30.2,70.3,0.0185
31/03/2025,03.00.00,0.69,850.5,146.1,3.16,952.2,65.2,866.5,63.3,1190.5,896.6,34.1,69.3,0.0173
31/03/2025,06.00.00,0.39,857.2,98.7,1.49,827.8,31.5,1308.3,20.0,939.4,811.4,34.6,60.9,0.0163
31/03/2025,09.00.00,0.68,858.1,119.0,1.15,771.3,46.1,1213.3,41.1,1043.8,857.8,32.1,56.3,0.0157
31/03/2025,12.00.00,0.24,1005.1,119.0,2.66,882.1,13.2,1218.8,16.4,968.7,828.0,29.3,61.7,0.017
31/03/2025,15.00.00,0.75,853.0,106.0,3.63,954.0,53.0,1176.4,45.6,1028.1,893.0,31.0,58.0,0.0175
31/03/2025,18.00.00,1.17,974.3,154.0,5.15,1139.2,76.7,1096.5,58.7,1128.4,844.2,28.4,63.7,0.0154
31/03/2025,21.00.00,0.9,802.6,51.8,0.41,725.3,52.0,1045.8,49.5,1130.8,870.2,28.1,69.1,0.0182
01/04/2025,00.00.00,0.22,835.7,86.1,0.66,785.1,13.5,1275.8,13.0,868.9,781.5,31.8,70.0,0.0201
01/04/2025,03.00.00,0.26,810.7,80.9,0.2,588.4,5.0,1377.1,8.3,954.7,803.4,36.0,70.9,0.0197
01/04/2025,06.00.00,0.85,949.1,107.1,2.83,1016.3,44.8,1254.3,18.6,898.0,823.6,31.1,72.1,0.0178
01/04/2025,09.00.00,1.0,969.4,125.8,3.26,943.6,66.6,1023.5,46.0,1009.2,889.8,31.6,-200.0,0.0162
01/04/2025,12.00.00,0.41,948.9,79.2,1.14,809.4,31.6,1238.8,14.3,911.0,870.3,30.4,56.5,0.0176
01/04/2025,15.00.00,0.61,966.7,129.7,2.87,881.7,47.2,1110.9,17.4,1065.0,854.0,32.4,61.7,0.0148
01/04/2025,18.00.00,1.22,942.3,131.3,3.56,900.0,82.0,991.7,42.4,949.3,834.2,29.5,61.8,0.0189
01/04/2025,21.00.00,0.9,842.2,145.2,2.78,841.9,59.3,1187.2,40.5,1029.6,751.0,31.2,68.6,0.0179
02/04/2025,00.00.00,0.27,774.2,107.6,1.39,764.1,25.8,1279.5,13.4,951.6,906.3,30.1,72.5,-200.0
02/04/2025,03.00.00,0.45,875.7,164.8,3.37,999.4,39.3,1174.9,25.4,1083.4,697.9,32.2,71.5,0.0164
02/04/2025,06.00.00,0.41,859.7,103.8,1.7,813.2,16.2,1316.3,15.6,1098.8,737.0,35.8,60.3,0.0185
02/04/2025,09.00.00,0.66,897.3,170.0,-200.0,941.6,25.0,1211.0,25.4,971.9,836.8,34.2,62.5,0.0175
02/04/2025,12.00.00,0.34,803.9,85.5,0.3,740.1,5.0,1295.4,5.0,957.8,591.5,32.9,69.3,0.0178
02/04/2025,15.00.00,0.24,929.8,112.6,2.25,863.8,10.1,1445.7,5.0,913.4,654.6,29.6,55.0,0.0153
02/04/2025,18.00.00,0.96,812.1,148.9,1.82,838.4,69.1,1185.4,59.6,1131.4,820.1,29.5,61.0,0.0182
02/04/2025,21.00.00,0.42,808.9,126.0,4.08,1208.6,18.9,1162.0,18.7,994.0,882.9,-200.0,64.0,0.0186
03/04/2025,00.00.00,0.92,834.8,182.2,6.14,1232.8,79.1,1051.3,44.7,967.7,1078.4,33.3,-200.0,0.0201
03/04/2025,03.00.00,0.2,809.4,74.9,1.1,716.5,12.3,1407.0,5.8,919.8,685.6,35.5,75.6,0.02
03/04/2025,06.00.00,0.79,982.1,114.3,3.44,1003.2,54.2,1031.9,26.3,1036.7,903.3,32.2,63.2,0.017
03/04/2025,09.00.00,0.93,891.2,106.2,3.18,992.3,53.9,1093.0,36.1,984.2,883.1,30.3,59.6,0.0162
03/04/2025,12.00.00,0.5,867.5,99.8,0.59,722.4,18.7,1260.6,5.9,955.8,736.3,33.7,46.6,0.0146
03/04/2025,15.00.00,0.8,942.0,94.9,1.94,842.5,59.3,1255.6,33.9,914.6,764.0,31.9,51.3,0.0184
03/04/2025,18.00.00,0.92,886.7,146.0,3.88,1100.0,69.7,1183.6,57.8,1137.7,1070.7,27.3,53.8,0.0159
03/04/2025,21.00.00,0.79,921.3,156.9,3.53,1060.0,45.8,1097.1,40.5,1155.9,710.4,26.7,71.9,0.0203
04/04/2025,00.00.00,0.29,851.8,107.0,1.12,749.6,13.6,1215.2,23.9,980.3,755.7,32.2,83.6,0.0202
04/04/2025,03.00.00,0.3,756.8,144.7,3.25,923.1,19.2,1365.9,24.0,927.6,712.2,35.7,65.9,0.0183
04/04/2025,06.00.00,0.25,797.2,108.2,0.56,726.4,9.7,1395.2,25.6,902.5,799.6,38.0,53.9,0.0165
04/04/2025,09.00.00,0.61,898.0,120.0,0.88,698.0,41.5,1292.0,39.3,1084.6,883.7,35.0,62.9,0.0185
04/04/2025,12.00.00,0.44,942.5,119.2,3.22,1004.4,27.7,1176.9,22.6,1055.3,714.5,31.4,52.7,0.0167
04/04/2025,15.00.00,0.34,930.5,90.8,0.2,692.3,13.3,1391.4,5.0,916.1,684.6,28.4,64.3,0.0173
04/04/2025,18.00.00,0.9,1054.3,113.8,2.11,996.9,43.9,1121.7,43.5,1041.6,723.3,29.0,59.6,0.0182
04/04/2025,21.00.00,1.17,974.1,158.9,4.51,1159.2,75.1,1074.1,48.0,956.9,939.1,29.4,63.6,0.0176
05/04/2025,00.00.00,0.67,851.3,95.9,2.14,794.4,-200.0,1214.3,7.9,940.5,859.4,30.3,70.1,0.0174
05/04/2025,03.00.00,0.36,838.8,75.6,0.2,640.5,23.2,1436.0,29.7,970.4,738.7,37.6,70.1,0.019
05/04/2025,06.00.00,0.2,816.0,77.3,0.2,563.7,5.0,1410.8,5.0,875.8,697.9,38.0,61.1,0.0174
05/04/2025,09.00.00,0.91,881.2,121.7,1.12,639.2,46.7,1141.4,41.3,1178.5,973.6,36.0,55.2,0.0176
05/04/2025,12.00.00,0.56,894.3,116.5,2.99,940.4,49.9,1161.6,22.1,862.4,915.2,30.4,56.0,0.0165
05/04/2025,15.00.00,0.39,876.3,92.5,2.68,839.4,28.1,1251.5,28.7,898.0,878.6,31.3,49.2,0.015
05/04/2025,18.00.00,1.28,871.3,131.0,2.84,1009.8,77.9,918.4,68.9,1191.8,776.6,30.1,62.2,0.0197
05/04/2025,21.00.00,0.88,981.5,142.7,-200.0,1144.2,56.4,1272.1,48.2,1066.0,907.4,30.6,56.9,0.019
06/04/2025,00.00.00,0.57,739.5,130.2,2.91,911.1,39.7,1329.2,37.1,1012.1,836.8,34.1,65.9,0.019
06/04/2025,03.00.00,0.2,808.4,93.5,0.2,650.9,5.0,1360.9,5.0,939.1,627.4,35.2,71.9,0.018
06/04/2025,06.00.00,0.36,923.3,82.1,0.2,750.7,19.0,1361.0,34.1,1054.4,683.9,36.2,65.1,0.0175
06/04/2025,09.00.00,0.97,959.3,107.6,1.89,924.1,52.9,1299.8,48.2,1024.8,843.3,-200.0,61.2,0.0192
06/04/2025,12.00.00,0.55,841.0,89.0,0.63,658.4,29.8,1349.8,9.5,896.5,695.5,32.6,55.1,0.0165
06/04/2025,15.00.00,0.55,1004.1,155.3,3.48,922.1,36.2,1194.4,23.1,996.0,752.7,26.8,64.8,0.0171
06/04/2025,18.00.00,1.06,896.0,122.4,3.32,948.7,59.1,1097.3,43.1,1084.2,845.1,29.1,65.5,0.0201
06/04/2025,21.00.00,1.11,793.4,139.9,2.72,931.9,69.5,915.2,48.6,1128.1,948.6,28.9,69.4,0.0182
07/04/2025,00.00.00,0.73,919.4,102.5,2.08,819.8,42.4,1250.1,9.7,898.0,777.7,29.8,76.0,0.021
07/04/2025,03.00.00,0.2,699.5,92.6,0.2,693.9,5.0,1474.4,7.0,952.2,683.7,36.9,70.5,0.0167
07/04/2025,06.00.00,0.86,845.5,107.2,2.8,1023.2,48.5,1257.5,16.2,1031.4,917.2,37.9,60.1,0.018
07/04/2025,09.00.00,0.82,941.6,120.8,1.81,745.1,48.6,1213.0,12.9,954.8,722.4,36.4,50.7,0.019
07/04/2025,12.00.00,0.53,831.1,107.7,1.62,779.6,58.3,1136.9,32.7,1023.5,890.7,32.4,57.6,0.0172
07/04/2025,15.00.00,0.96,955.8,136.1,3.04,862.3,57.5,1032.7,28.1,995.9,899.8,32.1,57.6,0.0169
07/04/2025,18.00.00,0.79,813.2,183.4,4.94,1073.7,45.4,1198.5,27.5,967.0,865.4,29.0,66.5,0.0166
07/04/2025,21.00.00,0.97,977.0,182.4,6.37,1239.2,65.2,1023.3,17.4,904.0,860.6,30.2,61.5,0.0188
08/04/2025,00.00.00,0.27,714.5,83.2,-200.0,629.0,17.9,1352.4,5.0,899.1,679.2,30.1,66.6,0.0171
08/04/2025,03.00.00,0.56,959.3,97.8,0.74,748.6,32.3,1177.5,18.3,1004.6,903.2,34.7,70.7,0.0183
08/04/2025,06.00.00,0.34,807.4,107.8,1.79,828.5,26.1,1311.2,9.8,877.0,718.2,35.1,64.1,0.0163
08/04/2025,09.00.00,0.8,1003.6,174.2,4.64,1106.9,54.1,1235.4,45.4,1076.4,784.1,31.9,51.4,0.0185
08/04/2025,12.00.00,0.59,811.5,88.5,0.2,652.1,44.8,1206.3,41.7,1053.3,835.7,31.9,57.8,0.0186
08/04/2025,15.00.00,0.48,992.0,101.6,1.68,798.2,35.1,1250.8,26.9,1132.2,753.6,29.7,47.5,0.0162
08/04/2025,18.00.00,1.24,881.2,175.0,4.23,1032.3,89.1,1027.3,73.5,1244.7,1041.0,32.0,54.0,0.0155
08/04/2025,21.00.00,0.83,773.6,94.4,0.33,668.0,40.9,1336.9,44.5,1127.4,804.3,31.4,72.1,0.0203
09/04/2025,00.00.00,0.42,853.8,71.0,0.2,692.0,21.2,1285.6,5.0,984.4,846.1,32.0,78.8,0.0187
09/04/2025,03.00.00,0.25,916.4,70.8,0.2,563.2,8.2,1400.8,9.5,899.6,756.0,34.5,62.5,0.0163
09/04/2025,06.00.00,0.79,950.0,119.5,2.38,891.5,51.2,1264.8,41.7,1163.2,826.5,35.0,62.8,0.0155
09/04/2025,09.00.00,0.79,976.2,161.5,4.15,996.9,47.7,1215.3,33.2,1043.9,921.0,-200.0,59.6,0.0166
09/04/2025,12.00.00,0.55,922.5,90.3,2.42,861.0,44.3,1018.5,19.5,975.0,787.2,30.1,66.2,0.0162
09/04/2025,15.00.00,0.66,821.4,114.0,2.56,807.0,31.6,1185.0,24.9,914.4,772.2,29.6,54.4,0.0161
09/04/2025,18.00.00,0.95,968.1,129.1,3.21,935.0,52.8,1196.1,25.9,975.6,895.4,27.7,59.6,0.0183
09/04/2025,21.00.00,1.02,928.3,98.0,2.2,873.8,49.8,1118.9,28.0,888.4,865.3,27.7,75.8,0.0184
10/04/2025,00.00.00,0.53,813.4,81.0,0.91,761.5,25.1,1389.7,8.9,918.2,728.2,32.8,67.2,0.0185
10/04/2025,03.00.00,0.25,842.7,108.4,1.46,723.8,14.0,1478.8,13.2,912.3,634.4,34.7,72.1,0.0176
10/04/2025,06.00.00,0.33,835.7,125.9,2.96,953.4,38.2,1162.0,25.9,975.5,813.2,31.9,59.5,0.0174
10/04/2025,09.00.00,0.71,984.8,126.3,2.92,989.7,51.0,1062.6,49.9,1002.6,802.0,33.8,58.4,0.0196
10/04/2025,12.00.00,0.47,820.8,62.9,0.2,641.8,27.2,1234.9,7.7,980.0,783.8,33.6,46.3,0.0157
10/04/2025,15.00.00,0.21,785.9,92.8,0.89,734.7,10.9,1312.2,5.0,961.5,703.1,31.6,50.0,0.017
10/04/2025,18.00.00,0.59,821.6,108.8,2.85,807.3,32.9,1358.5,33.6,1152.8,748.4,30.7,63.9,0.0159
10/04/2025,21.00.00,1.07,1061.0,215.7,-200.0,1201.4,89.9,867.8,55.7,1239.3,950.9,29.9,66.2,0.0198
11/04/2025,00.00.00,0.8,851.0,137.2,1.72,828.6,56.4,1177.4,28.9,1026.7,864.1,30.5,69.2,0.0177
11/04/2025,03.00.00,0.52,953.3,92.9,1.11,807.9,42.4,1298.8,7.7,1002.6,876.0,32.2,66.6,0.0193
11/04/2025,06.00.00,0.27,760.6,95.2,1.78,786.0,19.4,1368.8,14.9,977.9,787.7,35.5,63.0,0.0175
11/04/2025,09.00.00,0.71,920.6,125.1,1.8,967.4,33.0,1270.0,43.9,1045.6,945.6,34.7,60.2,0.0182
11/04/2025,12.00.00,0.23,846.3,94.6,0.32,697.5,19.1,1291.7,5.0,900.5,767.1,34.1,59.2,0.0181
11/04/2025,15.00.00,0.2,910.3,139.3,1.73,744.3,5.0,1522.9,13.3,998.0,667.9,31.7,42.2,0.0153
11/04/2025,18.00.00,0.76,967.7,132.1,1.11,826.3,-200.0,1163.0,34.4,1323.6,818.8,28.7,57.1,0.0184
11/04/2025,21.00.00,1.32,964.5,175.4,6.99,1244.9,82.7,1062.6,41.6,1148.1,987.8,27.7,68.9,0.0173
12/04/2025,00.00.00,0.65,840.6,122.4,1.39,800.0,47.2,1151.3,20.3,998.5,911.8,31.3,69.7,0.0192
12/04/2025,03.00.00,0.33,953.8,99.4,1.27,719.1,5.0,1227.7,5.0,953.9,808.9,34.4,70.7,0.0179
12/04/2025,06.00.00,0.22,781.4,101.1,0.71,643.2,18.8,1284.6,8.5,967.1,685.1,34.5,66.2,0.0184
12/04/2025,09.00.00,0.67,721.7,151.8,3.34,1020.2,49.2,1141.5,42.7,1064.5,937.2,33.0,58.4,0.0167
12/04/2025,12.00.00,0.2,693.9,94.6,0.2,654.7,11.1,1333.0,25.4,1054.4,730.1,32.3,53.0,0.0168
12/04/2025,15.00.00,0.4,734.9,144.8,2.77,1007.8,38.7,1153.9,9.7,927.8,751.1,28.9,56.1,0.0158
12/04/2025,18.00.00,1.07,970.1,132.1,3.36,913.5,66.2,1118.9,44.2,1006.0,884.4,27.8,67.6,0.0184
12/04/2025,21.00.00,0.87,1059.7,117.6,2.88,837.9,61.5,1151.4,37.2,1082.4,969.3,30.3,62.4,0.0177
13/04/2025,00.00.00,0.48,714.8,170.4,4.03,1006.8,41.3,1169.2,12.9,994.7,855.8,31.2,70.0,0.0177
13/04/2025,03.00.00,0.39,791.5,82.6,0.87,891.5,18.5,1282.3,12.4,939.5,670.7,34.4,69.6,0.0182
13/04/2025,06.00.00,0.41,855.9,111.5,0.2,714.9,16.8,1231.8,10.5,963.5,666.2,35.3,72.1,0.0186
13/04/2025,09.00.00,0.64,984.6,72.1,0.2,699.5,25.4,1293.3,5.6,989.7,690.0,32.0,59.1,0.0166
13/04/2025,12.00.00,0.28,778.6,120.2,2.55,924.6,6.9,1475.5,5.0,916.4,669.6,31.0,61.3,0.0174
13/04/2025,15.00.00,0.27,873.4,82.0,0.27,649.1,20.8,1406.5,5.0,888.7,767.7,32.2,61.0,0.0163
13/04/2025,18.00.00,1.03,905.8,167.7,6.15,1384.8,64.0,1032.1,47.8,1041.5,813.2,26.9,62.3,0.0204
13/04/2025,21.00.00,0.76,1073.3,111.3,3.02,962.1,38.7,1365.7,44.7,1061.0,786.1,-200.0,68.2,0.0194
14/04/2025,00.00.00,0.56,877.6,129.4,1.98,858.5,40.3,1169.7,29.6,1125.8,918.9,28.7,70.5,0.0187
14/04/2025,03.00.00,0.88,931.1,108.3,3.0,989.5,62.2,1007.6,40.3,1047.5,999.9,34.0,67.7,0.0195
14/04/2025,06.00.00,0.2,829.9,169.7,2.88,854.0,5.0,1266.1,5.0,945.2,823.5,34.9,68.9,0.0158
14/04/2025,09.00.00,0.68,852.0,82.2,0.2,620.6,42.4,1101.7,35.0,1017.2,701.7,33.8,60.5,0.0144
14/04/2025,12.00.00,0.66,946.1,104.7,2.23,848.5,43.9,1207.3,32.8,1002.6,948.8,33.9,55.6,0.0165
14/04/2025,15.00.00,0.82,817.6,119.3,1.83,878.7,47.8,1140.3,34.3,975.6,849.9,25.2,54.5,0.0153
14/04/2025,18.00.00,0.61,733.6,71.7,1.59,729.7,23.3,1233.2,21.4,992.7,775.2,29.5,55.8,0.0167
14/04/2025,21.00.00,1.1,922.0,145.5,3.91,1018.2,65.2,1006.0,50.6,1066.3,967.7,32.4,75.3,0.019
15/04/2025,00.00.00,0.38,903.2,88.0,0.62,697.1,20.8,1209.1,5.0,1009.2,811.6,29.9,70.4,0.0194
15/04/2025,03.00.00,0.58,828.9,96.7,1.99,752.0,39.1,1133.3,16.9,960.1,686.5,33.3,65.6,0.0165
15/04/2025,06.00.00,0.2,837.1,83.3,0.71,689.2,16.3,1399.5,17.2,965.7,706.2,33.5,72.8,0.019
15/04/2025,09.00.00,0.61,788.1,120.3,0.97,771.9,38.8,1350.3,40.5,1049.3,790.7,32.4,61.8,0.0176
15/04/2025,12.00.00,0.27,907.1,107.6,1.38,699.5,20.5,1446.7,13.6,980.5,668.4,31.3,59.3,0.0178
15/04/2025,15.00.00,0.51,906.3,125.1,2.17,934.1,29.2,1308.9,32.9,1136.0,857.4,32.1,54.2,0.0163
15/04/2025,18.00.00,0.82,900.1,105.0,2.04,870.0,42.1,1150.1,39.2,984.0,927.1,31.9,57.2,0.0188
15/04/2025,21.00.00,0.97,928.4,159.4,5.51,1192.6,54.9,1072.1,39.7,1078.2,863.9,29.1,66.1,0.0178
16/04/2025,00.00.00,0.33,741.5,111.9,1.97,837.8,8.2,1419.5,5.0,810.2,745.5,35.0,60.5,0.0196
16/04/2025,03.00.00,0.55,771.2,89.4,2.57,834.3,34.7,1207.0,35.9,1129.1,803.2,34.0,68.6,0.0172
16/04/2025,06.00.00,0.2,815.5,92.8,1.63,768.7,13.9,1363.2,16.3,957.8,748.8,37.8,63.9,0.0186
16/04/2025,09.00.00,0.56,903.3,98.1,2.05,864.4,26.9,1419.8,42.7,966.0,859.0,33.7,68.6,0.0181
16/04/2025,12.00.00,0.53,903.5,108.1,3.26,923.9,42.0,1207.2,47.7,1001.6,702.5,32.0,56.3,0.0167
16/04/2025,15.00.00,0.59,845.7,153.8,3.56,998.3,37.2,1396.4,10.2,997.7,845.5,30.3,44.6,0.0168
16/04/2025,18.00.00,0.89,958.6,157.2,4.4,1018.2,58.4,1018.0,31.3,908.9,875.9,34.2,56.6,0.0167
16/04/2025,21.00.00,0.99,1018.3,122.6,2.88,948.7,61.5,1128.3,17.5,989.5,834.5,31.1,79.2,0.0159
17/04/2025,00.00.00,0.59,864.3,115.1,1.39,811.0,31.9,1265.4,29.0,986.0,760.6,30.5,75.1,0.0151
17/04/2025,03.00.00,0.57,890.0,103.4,2.67,814.4,44.1,1100.8,33.9,1022.0,960.5,35.5,63.8,0.0193
17/04/2025,06.00.00,0.54,850.4,99.7,2.21,864.0,26.8,1329.9,-200.0,923.3,687.6,34.1,68.1,0.0196
17/04/2025,09.00.00,0.83,890.5,159.5,3.49,897.5,61.8,1213.7,34.0,969.4,873.5,33.0,56.2,0.0193
17/04/2025,12.00.00,0.45,866.2,124.6,0.58,602.5,28.0,1436.4,16.4,931.7,897.9,33.3,48.1,0.0163
17/04/2025,15.00.00,0.65,997.8,162.6,4.02,999.0,47.0,1197.7,31.0,1064.1,752.2,29.7,55.0,0.0154
17/04/2025,18.00.00,-200.0,993.4,129.9,2.38,1029.9,63.7,929.5,55.3,1100.8,859.2,29.2,61.3,0.017
17/04/2025,21.00.00,0.92,968.4,121.8,2.81,959.4,69.7,1089.6,54.0,1145.3,912.1,29.6,57.2,0.0172
18/04/2025,00.00.00,0.33,808.0,75.2,0.2,745.6,30.8,1305.3,25.7,986.0,821.3,32.3,63.7,0.0165
18/04/2025,03.00.00,0.5,796.5,87.0,0.2,702.5,24.7,1257.6,14.1,999.1,768.5,34.6,68.6,0.0202
18/04/2025,06.00.00,0.29,862.4,142.0,2.3,879.9,17.9,1327.8,22.9,1020.6,691.0,31.4,65.1,0.0206
18/04/2025,09.00.00,0.78,980.1,166.0,4.42,1119.2,46.3,1129.8,43.0,1034.2,870.2,35.0,60.4,0.018
18/04/2025,12.00.00,0.32,959.2,112.7,1.02,711.5,24.6,1266.4,5.0,853.2,766.7,30.0,51.2,0.0166
18/04/2025,15.00.00,0.33,667.5,85.3,-200.0,776.4,10.3,1430.0,20.3,1048.0,774.8,27.1,62.2,0.016
18/04/2025,18.00.00,0.53,1035.4,122.6,1.86,891.0,23.7,1392.5,35.0,982.9,835.8,28.6,55.4,0.0188
18/04/2025,21.00.00,0.68,911.2,85.9,0.89,772.9,33.8,1129.5,33.6,1069.4,697.2,29.7,74.7,0.0188
19/04/2025,00.00.00,-200.0,961.7,185.5,5.74,1264.0,68.5,1016.6,45.3,1083.3,977.8,30.5,62.2,0.0173
19/04/2025,03.00.00,0.38,723.9,133.6,2.47,894.4,18.2,1182.1,27.8,979.0,736.6,35.2,62.6,0.0182
19/04/2025,06.00.00,0.58,852.7,117.0,2.5,980.6,46.1,1316.5,12.3,979.1,896.1,32.4,68.5,0.0175
19/04/2025,09.00.00,0.94,970.0,111.9,2.62,887.7,63.3,1153.0,59.7,1234.4,924.5,33.1,68.2,0.0183
19/04/2025,12.00.00,0.4,766.0,109.8,1.35,895.2,36.1,1059.4,17.6,1014.3,938.1,30.7,58.4,0.0155
19/04/2025,15.00.00,0.2,621.8,81.6,0.2,700.5,5.0,1369.8,14.1,965.3,715.4,29.5,59.7,0.0187
19/04/2025,18.00.00,0.92,934.1,138.1,3.11,924.7,48.8,1133.2,39.5,1171.4,818.2,29.2,61.0,0.0174
19/04/2025,21.00.00,1.29,951.4,180.8,5.05,1065.1,86.2,908.3,49.0,978.9,922.8,27.8,62.8,0.019
20/04/2025,00.00.00,-200.0,994.7,139.9,2.24,818.1,58.8,1188.8,31.5,948.1,803.8,32.9,66.6,0.0178
20/04/2025,03.00.00,0.48,846.8,93.5,0.2,616.2,29.9,1331.6,28.8,982.5,846.2,33.9,63.0,0.0175
20/04/2025,06.00.00,0.38,839.1,151.4,3.52,979.7,21.4,1314.5,11.2,1044.0,687.1,31.4,60.8,0.016
20/04/2025,09.00.00,0.55,914.5,112.6,2.23,791.8,25.4,1221.5,17.6,1036.2,832.3,30.4,63.9,0.0187
20/04/2025,12.00.00,0.26,903.4,94.8,1.11,826.5,12.5,1286.9,5.0,799.9,721.8,31.6,50.5,0.0155
20/04/2025,15.00.00,0.49,809.6,110.9,1.34,783.2,41.0,1198.5,31.8,996.8,699.6,29.1,58.8,0.0167
20/04/2025,18.00.00,1.11,999.5,114.7,2.23,866.0,73.5,996.0,71.1,1091.6,1024.7,28.5,54.9,0.0169
20/04/2025,21.00.00,0.87,868.4,153.9,3.73,940.1,67.3,1063.1,28.3,1010.4,665.6,29.5,68.2,0.0183
21/04/2025,00.00.00,-200.0,882.9,94.7,1.5,749.9,41.9,1235.2,54.0,1179.0,819.9,32.0,67.2,0.016
21/04/2025,03.00.00,0.65,924.6,166.3,3.19,830.5,51.9,1018.0,34.2,1105.1,872.0,35.3,75.0,0.0185
21/04/2025,06.00.00,0.38,904.9,112.0,1.62,892.6,11.8,1280.4,13.1,971.2,573.9,32.7,67.8,0.0191
21/04/2025,09.00.00,0.59,893.3,153.0,3.95,947.4,49.6,1149.2,34.4,1007.9,879.8,31.7,67.1,0.0176
21/04/2025,12.00.00,0.81,821.8,131.1,3.24,884.0,45.6,1297.0,28.3,1006.4,790.0,29.7,53.7,0.0166
21/04/2025,15.00.00,0.2,693.1,156.7,2.67,981.0,11.2,1411.8,8.8,983.2,716.1,30.0,56.8,0.0173
21/04/2025,18.00.00,0.56,853.9,115.1,2.99,955.8,38.4,1207.8,21.3,1149.5,909.1,30.7,54.8,0.0168
21/04/2025,21.00.00,0.92,978.1,151.5,4.56,1089.7,-200.0,1161.1,33.6,951.3,872.6,28.7,65.2,0.0166
22/04/2025,00.00.00,0.83,930.7,146.4,2.98,951.5,53.0,1127.0,44.7,1190.0,834.4,27.3,71.9,0.0184
22/04/2025,03.00.00,0.78,910.7,89.0,0.3,730.8,57.3,1199.7,20.0,997.1,859.9,30.8,67.8,0.0193
22/04/2025,06.00.00,0.58,869.4,94.0,1.26,775.1,32.1,1274.2,24.3,1054.7,920.6,33.1,59.8,0.0161
22/04/2025,09.00.00,0.7,905.4,105.4,1.87,742.5,46.9,1268.0,33.3,1046.3,868.9,32.7,53.1,0.0163
22/04/2025,12.00.00,0.28,764.6,97.1,1.19,803.6,20.3,1189.9,5.0,1018.3,699.1,30.9,45.0,0.0144
22/04/2025,15.00.00,0.5,914.4,93.9,0.68,738.3,36.3,1154.0,42.2,1092.0,774.7,29.5,51.6,0.0178
22/04/2025,18.00.00,0.81,956.0,172.9,3.86,1081.6,52.0,1162.2,30.7,977.3,772.6,28.0,64.9,0.0177
22/04/2025,21.00.00,0.79,870.1,176.1,4.83,1040.3,63.4,1122.3,36.0,1075.6,858.7,31.2,57.4,0.0161
23/04/2025,00.00.00,0.59,901.4,153.6,3.23,917.1,39.8,1393.2,22.8,1070.0,931.8,30.4,64.1,0.0179
23/04/2025,03.00.00,0.44,732.1,129.0,3.08,964.6,25.4,1128.5,8.0,932.2,764.5,32.2,79.3,0.0177
23/04/2025,06.00.00,0.64,888.9,91.3,0.2,617.1,34.8,1223.1,21.7,841.5,711.0,35.3,61.1,0.0163
23/04/2025,09.00.00,0.64,867.8,81.5,1.38,651.6,44.8,1169.6,-200.0,1041.3,864.7,31.0,63.0,-200.0
23/04/2025,12.00.00,0.25,918.7,160.3,4.31,1070.3,17.7,1330.6,-200.0,960.1,725.6,32.2,58.9,0.016
23/04/2025,15.00.00,0.6,857.8,128.5,2.6,945.9,30.8,1384.8,17.8,968.2,831.6,29.6,60.2,0.019
23/04/2025,18.00.00,1.14,997.7,187.0,4.42,1063.3,74.6,1097.3,47.2,1054.1,906.7,28.3,53.9,0.016
23/04/2025,21.00.00,0.6,844.5,139.4,2.0,870.2,25.8,1142.6,30.4,1114.4,878.6,32.1,63.6,0.0183
24/04/2025,00.00.00,0.85,741.5,121.3,2.51,910.7,57.3,1236.1,34.4,871.6,808.2,30.4,62.8,0.0166
24/04/2025,03.00.00,0.38,830.1,71.3,0.2,669.6,16.2,1439.2,5.1,927.0,667.2,37.1,78.9,0.02
24/04/2025,06.00.00,0.74,902.1,81.9,0.77,730.2,37.6,1233.0,38.1,1060.0,878.5,34.1,57.2,0.0159
24/04/2025,09.00.00,1.07,939.5,144.6,3.83,1088.3,-200.0,918.7,50.4,1248.3,770.9,31.4,55.9,0.0171
24/04/2025,12.00.00,0.2,835.6,103.1,-200.0,616.0,13.4,1321.1,19.2,975.8,728.0,31.6,50.9,0.0166
24/04/2025,15.00.00,0.43,816.7,92.4,0.35,725.4,23.3,1321.1,26.7,1038.0,825.9,27.5,50.9,0.0194
24/04/2025,18.00.00,0.66,856.0,189.0,5.63,1119.5,39.0,1284.7,45.1,1089.0,663.4,27.2,69.1,0.019
24/04/2025,21.00.00,0.78,815.1,137.1,2.49,843.3,44.4,1036.5,42.4,1076.3,837.6,30.0,78.4,0.0183
25/04/2025,00.00.00,0.68,742.0,106.5,2.3,934.2,43.7,1120.1,27.1,1131.7,726.3,32.4,67.0,0.0189
25/04/2025,03.00.00,0.34,833.3,95.3,1.44,720.6,25.6,1359.8,15.2,883.1,647.7,32.5,63.5,0.0203
25/04/2025,06.00.00,0.5,807.8,131.3,2.42,866.3,38.0,1330.2,21.1,937.7,739.4,36.1,52.5,0.0148
25/04/2025,09.00.00,0.33,915.2,76.5,0.45,822.8,5.0,1409.4,5.0,972.8,702.2,35.5,56.8,0.0161
25/04/2025,12.00.00,0.2,671.3,93.7,2.03,899.4,11.9,1432.4,14.6,976.2,686.3,33.9,52.8,0.0165
25/04/2025,15.00.00,0.84,921.3,117.1,2.96,891.0,54.0,1166.2,35.9,1024.0,939.6,30.2,53.1,0.0163
25/04/2025,18.00.00,0.68,1030.1,119.5,1.32,743.8,45.8,1248.2,44.6,1073.6,843.1,30.7,60.8,0.0171
25/04/2025,21.00.00,0.86,890.5,134.5,3.34,957.8,59.3,1115.3,43.6,1138.3,843.6,26.1,71.2,0.0168
26/04/2025,00.00.00,0.77,891.7,109.7,1.46,861.1,37.1,1253.0,29.6,1052.5,719.6,30.8,72.2,0.0202
26/04/2025,03.00.00,0.2,853.8,68.1,0.2,613.9,5.0,1277.3,5.0,870.1,730.7,32.0,68.9,0.0165
26/04/2025,06.00.00,0.2,859.3,101.9,0.9,676.9,6.4,1425.9,5.0,936.6,863.2,34.6,59.3,0.0171
26/04/2025,09.00.00,1.25,921.2,160.0,4.67,1132.8,69.1,954.6,26.1,1000.7,858.0,32.5,63.6,0.019
26/04/2025,12.00.00,0.47,785.5,122.7,2.0,747.7,30.7,1304.1,17.7,1003.7,751.2,31.1,56.6,0.0171
26/04/2025,15.00.00,0.6,917.3,104.2,1.74,765.3,29.7,1216.6,10.7,920.2,714.7,32.5,59.1,0.0161
26/04/2025,18.00.00,0.52,729.3,118.7,1.73,809.8,18.4,1337.6,10.4,856.9,838.1,28.1,65.6,0.0163
26/04/2025,21.00.00,0.68,939.4,75.7,0.2,667.1,37.6,1136.0,34.6,1085.6,877.5,30.0,59.2,0.0171
27/04/2025,00.00.00,0.72,858.8,137.3,3.25,883.6,51.5,1102.4,27.6,1049.0,823.1,30.9,63.3,0.0168
27/04/2025,03.00.00,0.38,846.2,118.7,2.38,895.2,39.8,1230.5,10.3,1040.4,777.4,33.6,65.5,-200.0
27/04/2025,06.00.00,0.2,787.2,84.0,0.2,699.5,5.0,1435.3,28.5,922.1,648.9,34.3,59.7,0.0157
27/04/2025,09.00.00,0.76,991.0,138.5,3.01,900.0,41.7,1278.8,33.5,1029.1,805.0,34.2,62.8,0.0186
27/04/2025,12.00.00,0.46,872.4,109.1,2.03,934.0,27.8,1169.1,6.4,909.4,854.7,33.3,56.6,0.0172
27/04/2025,15.00.00,0.56,845.1,117.5,2.18,876.2,17.3,1193.4,5.0,892.3,754.8,32.0,60.5,0.0177
27/04/2025,18.00.00,0.58,844.8,129.5,2.6,841.4,26.3,1190.5,22.6,882.4,869.0,28.9,63.1,0.0194
27/04/2025,21.00.00,0.92,900.4,150.7,3.51,1072.2,-200.0,1056.9,38.2,978.2,804.3,30.2,67.2,0.0175
28/04/2025,00.00.00,0.79,1062.3,135.2,3.13,918.5,44.3,1303.9,40.5,1080.9,671.0,29.3,77.7,0.0181
28/04/2025,03.00.00,0.72,793.9,96.1,1.64,815.2,44.5,1284.6,26.8,972.2,1015.9,33.2,71.9,0.0178
28/04/2025,06.00.00,0.56,943.2,120.9,2.2,832.3,37.9,1130.6,42.1,1010.4,828.8,35.9,64.2,0.0175
28/04/2025,09.00.00,0.38,885.0,100.9,0.6,741.7,12.2,1475.8,11.2,1045.1,791.1,34.9,65.9,0.0178
28/04/2025,12.00.00,0.52,969.7,114.3,3.02,910.0,37.4,1315.4,27.5,1176.0,757.1,31.6,56.7,0.0161
28/04/2025,15.00.00,0.43,896.2,63.8,0.2,645.9,24.3,1148.0,25.3,997.2,677.6,30.7,54.5,0.0145
28/04/2025,18.00.00,-200.0,887.9,137.6,3.75,997.4,43.8,1098.8,47.1,983.2,842.1,29.1,56.7,0.0164
28/04/2025,21.00.00,0.8,967.1,125.0,2.66,875.2,40.9,1062.9,46.5,1113.6,683.2,31.2,68.9,0.0186
29/04/2025,00.00.00,-200.0,855.7,87.7,2.26,923.8,24.5,1270.5,12.5,803.9,754.8,31.7,76.1,0.019
29/04/2025,03.00.00,0.2,876.9,92.2,0.2,599.8,5.0,1376.4,5.0,825.5,786.6,32.7,69.7,0.0197
29/04/2025,06.00.00,0.65,977.6,103.8,1.47,787.8,30.3,1249.7,5.0,949.0,822.3,34.8,71.2,0.0208
29/04/2025,09.00.00,0.89,912.9,107.2,3.47,984.6,57.7,949.2,41.8,970.5,891.0,28.4,53.6,0.0177
29/04/2025,12.00.00,0.5,830.5,87.3,1.34,770.0,18.1,1195.3,22.1,967.8,876.4,31.9,55.6,0.0187
29/04/2025,15.00.00,0.72,841.6,93.0,0.97,795.8,49.6,1172.9,39.7,955.0,875.0,22.9,-200.0,0.0185
29/04/2025,18.00.00,0.85,933.4,123.8,3.91,938.9,52.2,1188.8,39.5,1061.9,723.3,25.3,60.1,0.0195
29/04/2025,21.00.00,0.92,849.3,113.0,1.02,778.6,54.2,967.3,58.6,1213.0,852.2,29.9,78.3,0.0213
30/04/2025,00.00.00,0.41,824.3,89.5,0.37,616.9,26.1,1167.1,12.3,906.4,913.0,32.0,69.4,0.0194
30/04/2025,03.00.00,0.5,792.9,95.5,0.3,650.1,48.2,1240.6,22.7,989.6,823.1,31.3,69.0,0.0191
30/04/2025,06.00.00,0.27,867.6,86.5,1.22,691.7,5.0,1277.1,5.0,862.9,845.5,33.0,66.2,0.0177
30/04/2025,09.00.00,0.91,856.4,141.8,3.09,925.5,40.3,1197.5,21.7,934.7,892.4,35.6,-200.0,0.0163
30/04/2025,12.00.00,0.81,807.7,125.2,3.06,909.2,55.9,1014.8,40.9,1005.4,839.2,30.3,53.3,0.0164
30/04/2025,15.00.00,0.7,806.7,145.6,3.8,1101.5,45.3,1240.2,30.9,1078.8,760.2,32.9,59.3,0.0181
30/04/2025,18.00.00,0.78,854.1,131.8,2.58,908.8,48.1,998.3,43.9,976.7,868.0,28.2,58.5,0.0164
30/04/2025,21.00.00,0.97,882.2,148.2,3.85,1039.6,51.4,1118.5,35.7,1019.8,943.2,29.7,62.4,0.0174
01/05/2025,00.00.00,0.32,856.5,106.6,0.8,665.5,16.1,1394.7,9.4,966.3,637.8,33.9,74.8,0.0159
01/05/2025,03.00.00,0.38,833.9,94.6,0.69,756.6,17.7,1360.2,5.0,983.7,761.6,33.5,76.1,0.0209
01/05/2025,06.00.00,0.42,875.9,131.6,3.25,1049.0,37.4,1175.8,27.0,1038.7,669.3,32.4,69.0,0.0179
01/05/2025,09.00.00,0.53,894.8,176.1,4.63,1138.1,29.7,1195.6,27.4,1004.5,765.3,33.0,57.6,0.0177
01/05/2025,12.00.00,0.53,915.7,113.2,0.97,669.7,33.0,1216.4,9.4,898.0,683.1,31.0,55.3,0.0187
01/05/2025,15.00.00,0.48,723.5,118.6,2.07,821.4,23.8,1177.7,13.7,1019.7,810.9,26.7,55.0,0.0173
01/05/2025,18.00.00,1.15,859.6,177.9,4.33,1066.9,69.8,1042.8,48.7,1034.2,861.3,27.7,57.0,0.0189
01/05/2025,21.00.00,0.79,933.8,146.4,3.88,987.1,59.7,1095.0,62.6,1090.9,960.1,27.7,62.8,0.0162
02/05/2025,00.00.00,0.35,857.1,109.1,1.73,953.3,31.8,1207.8,9.1,1031.0,757.4,32.6,66.1,0.0208
02/05/2025,03.00.00,0.3,903.9,83.7,0.2,642.5,10.2,1429.2,9.6,963.7,686.3,33.2,64.4,0.0191
02/05/2025,06.00.00,0.43,744.1,81.7,0.2,666.6,33.8,1145.5,10.0,967.8,688.2,33.6,57.8,0.0174
02/05/2025,09.00.00,0.74,855.9,151.5,4.23,1018.9,35.3,1087.2,24.3,1039.1,833.3,33.0,61.0,0.0192
02/05/2025,12.00.00,0.28,812.4,76.9,0.43,703.2,28.0,1218.1,20.1,973.8,818.4,31.4,57.4,0.0158
02/05/2025,15.00.00,0.2,835.7,68.7,0.2,745.0,5.0,1384.9,5.0,819.4,780.8,30.0,65.0,0.0175
02/05/2025,18.00.00,0.6,874.3,116.6,1.94,840.5,31.2,1235.6,27.3,1026.7,839.4,26.3,59.6,0.0191
02/05/2025,21.00.00,1.09,964.1,149.4,2.86,909.5,66.6,1054.7,52.6,1109.3,928.0,27.2,69.9,0.0161
03/05/2025,00.00.00,0.41,841.2,123.5,1.74,755.9,32.2,1149.0,15.0,899.9,838.3,32.9,70.6,0.019
03/05/2025,03.00.00,0.2,920.1,99.6,0.77,789.4,18.2,1230.2,20.1,904.4,803.5,32.4,68.9,0.0188
03/05/2025,06.00.00,0.33,958.4,102.3,0.2,661.1,15.7,1282.4,6.7,923.5,810.7,31.6,70.8,0.0207
03/05/2025,09.00.00,0.53,785.7,114.5,1.9,820.5,20.5,1252.0,19.7,883.9,654.6,33.9,63.2,0.0158
03/05/2025,12.00.00,0.48,861.1,83.3,1.01,616.9,23.2,1371.7,18.0,962.0,737.4,-200.0,-200.0,0.0191
03/05/2025,15.00.00,0.56,922.9,127.9,2.95,923.5,40.9,1216.8,27.6,991.9,709.0,26.3,58.0,0.0166
03/05/2025,18.00.00,1.13,976.5,120.2,2.28,844.8,68.7,1013.9,57.0,1119.8,929.3,28.4,59.7,0.0168
03/05/2025,21.00.00,0.84,872.1,107.3,1.94,734.3,46.9,1253.1,40.3,1089.2,954.8,30.1,59.4,0.0159
04/05/2025,00.00.00,0.7,901.3,134.8,2.54,945.6,37.1,1250.3,27.7,1054.2,874.0,31.6,66.0,0.0166
04/05/2025,03.00.00,0.25,718.9,97.6,-200.0,639.6,11.2,1235.2,5.0,870.2,691.2,34.1,65.8,0.0184
04/05/2025,06.00.00,0.29,834.0,58.6,0.25,778.2,29.7,992.2,7.7,991.8,824.5,-200.0,61.5,0.0162
04/05/2025,09.00.00,0.81,795.6,119.3,2.31,946.9,49.2,1047.8,24.2,981.6,872.1,33.6,61.7,0.0184
04/05/2025,12.00.00,0.49,894.5,59.2,1.26,730.2,30.7,1294.0,5.0,1042.7,808.5,30.4,63.0,0.0169
04/05/2025,15.00.00,0.59,793.2,106.7,1.56,873.3,37.2,1285.3,40.7,1021.8,720.4,28.0,53.5,0.0154
04/05/2025,18.00.00,0.78,905.3,135.8,3.19,1041.3,58.6,974.1,22.2,876.1,967.9,29.4,62.1,0.017
04/05/2025,21.00.00,0.89,929.1,145.6,2.16,824.8,57.7,1164.0,55.7,1181.3,790.7,-200.0,60.2,0.0178
05/05/2025,00.00.00,0.5,865.4,138.7,2.03,785.9,24.5,1327.3,7.0,957.6,747.7,33.9,66.7,0.0177
05/05/2025,03.00.00,0.66,834.8,159.9,3.66,879.6,46.1,1281.3,40.4,1145.8,905.3,35.2,64.6,0.0179
05/05/2025,06.00.00,0.47,841.4,69.2,0.2,689.9,31.3,1319.6,5.0,941.7,767.7,33.7,68.5,0.019
05/05/2025,09.00.00,1.28,1035.9,104.0,2.18,803.5,72.1,1147.7,50.3,1265.2,921.8,33.6,56.1,0.0183
05/05/2025,12.00.00,0.23,798.0,100.6,2.06,868.2,19.0,1344.0,26.3,992.1,765.4,-200.0,60.8,0.0171
05/05/2025,15.00.00,0.6,873.0,161.9,3.28,930.0,30.9,1281.7,26.3,1078.5,797.4,28.9,56.1,0.0158
05/05/2025,18.00.00,1.02,883.2,81.4,0.84,686.5,57.6,1085.2,40.3,1024.5,880.7,28.1,58.4,0.0174
05/05/2025,21.00.00,0.88,977.5,152.0,4.32,1029.9,56.6,1182.8,23.6,1029.0,884.7,30.1,60.0,0.018
06/05/2025,00.00.00,0.65,883.9,137.5,3.94,953.1,43.9,1073.7,14.0,1003.5,837.0,30.7,-200.0,0.0167
06/05/2025,03.00.00,0.58,816.3,72.9,0.65,681.1,37.5,1201.3,37.1,1106.9,749.9,31.7,75.2,0.0177
06/05/2025,06.00.00,0.5,860.5,143.5,3.25,918.1,30.1,1292.9,15.2,1015.0,681.7,33.1,67.3,0.0172
06/05/2025,09.00.00,0.59,853.7,119.9,2.09,847.8,33.4,1345.6,28.0,785.4,870.1,34.0,70.4,0.0181
06/05/2025,12.00.00,0.67,977.8,93.7,2.62,904.2,49.7,1113.1,33.7,1029.9,922.3,30.8,63.9,0.0168
06/05/2025,15.00.00,0.65,874.7,84.4,1.33,717.2,-200.0,1233.9,17.2,928.3,869.6,29.2,55.5,0.0178
06/05/2025,18.00.00,1.06,830.1,178.1,5.24,1208.0,71.9,1024.8,56.6,1100.1,938.7,28.9,59.5,0.0154
06/05/2025,21.00.00,0.74,923.8,146.8,3.77,999.5,43.8,1260.0,30.9,1004.0,767.3,28.0,70.1,0.0164
07/05/2025,00.00.00,0.23,952.2,133.7,3.32,1047.7,27.7,1197.3,20.1,1048.9,612.4,32.0,65.5,0.0175
07/05/2025,03.00.00,0.37,928.0,135.3,2.57,907.0,18.6,1365.1,5.7,937.2,738.4,33.5,75.2,0.0186
07/05/2025,06.00.00,0.53,786.7,89.3,-200.0,817.1,38.5,1200.1,8.1,896.9,682.5,31.6,68.8,0.0165
07/05/2025,09.00.00,0.58,850.9,189.1,6.56,1246.0,45.1,1079.9,31.7,923.9,848.1,35.3,59.5,0.0166
07/05/2025,12.00.00,0.25,828.3,129.0,2.29,901.5,14.9,1313.2,15.6,1069.9,836.0,29.9,60.9,0.017
07/05/2025,15.00.00,0.69,881.6,122.8,2.92,929.4,50.5,1253.2,35.3,995.7,808.4,25.8,68.3,0.0177
07/05/2025,18.00.00,0.74,915.6,103.1,1.02,794.2,31.5,1160.9,27.8,1002.2,755.4,25.9,64.1,0.018
07/05/2025,21.00.00,0.71,860.7,79.1,0.91,824.5,43.2,1065.3,43.8,1224.7,759.2,26.9,-200.0,0.0173
08/05/2025,00.00.00,0.6,807.8,71.2,0.2,629.0,32.7,1268.6,18.2,929.5,801.1,30.7,78.2,0.0208
08/05/2025,03.00.00,0.56,933.6,56.9,0.2,702.7,23.8,1147.0,15.3,941.9,768.9,32.3,75.1,0.0193
08/05/2025,06.00.00,0.3,757.0,95.3,2.57,926.0,20.3,1423.5,7.8,947.4,689.6,33.1,64.3,0.0168
08/05/2025,09.00.00,0.75,833.5,133.2,3.35,993.6,-200.0,1304.4,44.7,966.3,895.0,33.8,59.3,0.0175
08/05/2025,12.00.00,0.47,777.1,90.4,0.2,645.2,16.0,1403.1,12.8,830.8,937.1,31.2,57.4,0.0173
08/05/2025,15.00.00,0.67,922.7,111.5,1.85,802.9,44.7,1175.6,22.1,954.8,917.4,29.1,59.0,0.0188
08/05/2025,18.00.00,0.75,896.9,139.3,2.33,838.9,40.8,1329.2,18.4,942.3,814.7,28.3,-200.0,0.0162
08/05/2025,21.00.00,1.16,1000.7,171.4,5.4,1130.2,81.0,1102.7,69.3,1186.4,934.4,29.6,58.9,0.0182
09/05/2025,00.00.00,0.71,830.8,64.4,0.9,689.4,43.5,1140.1,-200.0,909.5,794.4,27.0,69.0,0.0183
09/05/2025,03.00.00,0.2,736.6,98.7,0.75,715.7,7.4,1478.2,5.3,951.6,684.8,32.1,65.6,-200.0
09/05/2025,06.00.00,0.2,792.9,82.6,1.05,707.6,15.2,1250.9,33.0,880.9,812.8,29.9,65.1,0.0194
09/05/2025,09.00.00,0.82,885.6,119.9,2.11,874.5,51.8,1125.3,48.1,1087.6,925.5,32.8,63.3,0.0179
09/05/2025,12.00.00,0.22,841.1,96.1,2.8,919.1,19.9,1157.2,28.4,1038.9,677.7,30.6,56.0,0.0167
09/05/2025,15.00.00,0.29,717.1,81.4,0.3,688.2,14.7,1338.4,5.0,943.0,769.6,30.2,57.3,0.0178
09/05/2025,18.00.00,0.91,943.0,136.6,2.56,877.8,65.5,1048.9,59.3,1125.9,974.3,29.6,54.4,0.0167
09/05/2025,21.00.00,0.88,843.0,161.7,4.06,1039.1,49.6,1115.8,39.0,1009.9,824.3,28.8,64.9,0.0199
10/05/2025,00.00.00,0.69,837.6,114.7,2.14,839.4,46.0,1156.6,32.2,1015.4,823.3,29.7,74.4,0.0188
10/05/2025,03.00.00,0.67,962.5,132.9,2.98,975.9,55.3,1077.0,54.5,1204.4,914.7,-200.0,72.4,-200.0
10/05/2025,06.00.00,0.39,693.4,76.1,0.2,644.7,26.8,1269.2,13.8,913.4,831.2,32.6,62.7,0.0171
10/05/2025,09.00.00,1.14,959.1,164.6,4.95,1140.7,70.5,1150.1,51.9,1176.1,941.6,32.6,61.0,0.016
10/05/2025,12.00.00,0.29,857.7,140.4,2.83,847.2,5.0,1290.1,5.0,999.6,732.8,32.2,66.7,0.0187
10/05/2025,15.00.00,0.24,771.1,72.4,0.2,708.2,18.5,1376.5,20.4,859.9,782.7,27.4,58.4,0.0163
10/05/2025,18.00.00,0.6,841.3,125.4,3.06,910.4,40.9,1212.8,27.7,1002.0,803.2,28.9,57.6,0.0185
10/05/2025,21.00.00,1.45,1060.1,122.7,3.69,950.2,85.1,1004.3,71.0,1115.6,877.1,29.5,65.8,0.0164
11/05/2025,00.00.00,0.96,1052.9,204.0,6.35,1190.6,69.4,1050.7,26.5,900.9,799.2,28.8,72.5,0.0187
11/05/2025,03.00.00,0.8,970.5,147.1,3.99,962.2,55.6,1064.4,40.0,1115.4,908.6,34.2,68.1,0.0195
11/05/2025,06.00.00,0.24,960.9,80.5,1.08,726.4,16.5,1352.9,5.0,953.1,757.2,34.6,64.6,0.0152
11/05/2025,09.00.00,0.84,852.9,121.2,1.6,884.7,50.6,1188.6,46.7,1105.1,883.6,32.7,52.9,0.0192
11/05/2025,12.00.00,0.49,747.7,82.1,0.2,633.6,18.2,1244.8,11.2,868.7,696.7,29.1,53.2,0.0163
11/05/2025,15.00.00,0.29,831.2,95.0,1.5,670.8,13.4,1225.9,5.0,934.7,747.4,26.8,58.1,0.0174
11/05/2025,18.00.00,1.36,1019.1,146.3,2.98,953.5,84.8,982.6,56.7,1035.2,960.0,26.5,62.0,0.0183
11/05/2025,21.00.00,0.65,748.4,87.6,0.75,660.4,34.5,1288.0,20.9,988.9,893.0,29.2,64.1,0.0186
12/05/2025,00.00.00,0.35,776.8,77.5,1.22,810.4,26.8,1346.4,25.0,953.7,840.0,28.7,71.2,0.0187
12/05/2025,03.00.00,0.56,810.7,130.7,2.06,822.8,42.3,1284.9,15.7,1036.5,775.0,33.2,69.9,0.0195
12/05/2025,06.00.00,0.2,849.0,78.8,0.68,699.6,5.0,1404.7,5.0,894.6,750.3,31.2,71.8,0.0191
12/05/2025,09.00.00,0.8,912.3,166.7,2.35,938.9,46.1,1148.4,40.0,1076.3,786.0,32.1,60.1,0.0195
12/05/2025,12.00.00,0.3,782.3,97.5,1.39,815.9,6.3,1368.2,20.1,996.6,536.1,30.5,58.9,0.0179
12/05/2025,15.00.00,0.4,860.0,52.6,0.2,600.4,23.8,1181.7,14.6,953.3,892.1,32.4,52.0,0.019
12/05/2025,18.00.00,0.88,825.0,178.4,4.05,974.5,55.6,1067.6,40.0,1067.5,840.4,25.0,66.9,0.0191
12/05/2025,21.00.00,0.63,846.3,129.2,2.83,820.4,39.3,1199.2,35.1,1061.7,890.7,30.7,67.6,0.0159
13/05/2025,00.00.00,0.51,773.2,119.2,2.01,984.0,28.6,1235.5,5.0,857.3,739.6,30.5,75.1,0.0219
13/05/2025,03.00.00,0.27,821.8,128.1,2.4,830.5,21.8,1298.4,5.0,948.2,708.9,33.1,73.2,0.0179
13/05/2025,06.00.00,0.22,770.6,63.3,0.25,738.0,17.7,1201.7,7.2,989.3,714.7,33.5,68.6,0.02
13/05/2025,09.00.00,0.96,963.3,90.1,2.41,849.8,53.4,1040.7,34.0,1063.8,878.0,33.2,59.3,0.0174
13/05/2025,12.00.00,0.33,838.0,112.1,0.2,609.6,21.2,1356.0,5.0,895.2,775.9,30.0,58.5,0.0185
13/05/2025,15.00.00,0.51,845.0,59.3,0.2,670.2,35.5,1155.7,30.6,1034.6,841.4,30.6,61.4,0.0167
13/05/2025,18.00.00,0.65,1001.6,143.9,2.23,844.1,-200.0,1163.2,33.2,1007.5,774.8,26.5,59.6,0.0181
13/05/2025,21.00.00,0.85,929.0,135.9,2.71,952.0,45.4,1180.5,37.6,1041.9,839.1,30.1,63.1,0.0174
14/05/2025,00.00.00,0.33,813.5,85.4,0.2,713.8,15.0,1250.5,5.0,836.9,686.0,29.1,72.8,0.0204
14/05/2025,03.00.00,0.41,808.7,77.4,0.29,645.3,29.7,1339.9,19.2,1073.5,892.0,32.2,72.4,0.019
14/05/2025,06.00.00,0.67,798.1,189.3,4.19,969.2,52.6,1036.7,37.7,1186.4,765.7,31.4,63.1,0.0188
14/05/2025,09.00.00,0.66,874.1,132.4,3.53,919.7,37.3,1213.4,28.5,964.8,754.5,33.1,59.5,0.0148
14/05/2025,12.00.00,0.27,854.0,72.8,0.2,543.5,11.8,1281.2,11.7,1002.0,705.7,32.7,54.9,0.0168
14/05/2025,15.00.00,0.86,769.6,132.6,2.4,863.3,65.2,1086.4,32.5,1132.0,1062.9,27.9,47.0,0.0167
14/05/2025,18.00.00,0.85,806.6,135.0,3.66,997.0,52.7,1096.6,41.7,999.6,911.8,26.9,61.5,0.0178
14/05/2025,21.00.00,0.98,881.1,114.1,2.78,851.6,60.8,1094.2,57.1,977.4,822.6,26.2,68.4,0.0193
15/05/2025,00.00.00,0.43,774.9,81.9,0.2,599.5,25.7,1369.3,28.2,1119.2,834.6,29.7,70.6,0.0179
15/05/2025,03.00.00,0.54,867.7,114.2,1.37,779.5,39.5,1147.4,37.8,1050.4,854.6,29.5,79.4,0.0192
15/05/2025,06.00.00,0.37,857.6,141.3,1.88,794.2,12.8,1280.4,10.8,906.8,757.5,31.6,61.0,0.0189
15/05/2025,09.00.00,0.76,883.2,190.3,4.44,1059.8,49.3,1128.2,38.9,1058.9,896.6,32.6,56.1,0.0143
15/05/2025,12.00.00,0.39,884.8,56.5,0.23,651.5,24.7,1394.5,10.8,917.4,778.1,32.4,42.5,0.0165
15/05/2025,15.00.00,0.3,794.5,132.3,2.08,861.5,34.0,1222.8,5.0,1127.2,813.9,32.8,52.0,0.0163
15/05/2025,18.00.00,1.16,936.2,143.0,4.37,1033.7,79.4,1101.6,43.8,1038.0,829.6,26.1,61.2,0.0164
15/05/2025,21.00.00,0.76,820.5,100.5,1.96,809.3,52.7,1122.5,39.0,1078.8,959.0,30.4,63.4,0.0181
16/05/2025,00.00.00,0.69,903.0,108.8,2.09,745.2,54.4,1223.2,32.6,1121.0,831.9,30.4,76.4,0.0203
16/05/2025,03.00.00,0.66,884.3,73.8,0.2,666.2,23.4,1315.4,28.7,1104.7,683.7,31.9,74.9,0.02
16/05/2025,06.00.00,0.65,794.7,122.8,3.31,969.6,42.6,1231.4,39.6,1135.0,792.5,33.8,65.8,0.0178
16/05/2025,09.00.00,1.26,940.3,153.8,6.08,1217.9,76.0,905.3,48.2,1063.1,895.4,32.3,58.6,0.0183
16/05/2025,12.00.00,0.26,828.3,104.5,0.2,774.2,5.0,1248.3,11.3,934.5,658.9,30.2,62.3,0.0186
16/05/2025,15.00.00,0.26,851.3,96.3,0.2,678.0,5.0,1460.6,5.0,767.8,769.4,27.2,58.5,0.0172
16/05/2025,18.00.00,0.88,927.3,161.2,4.57,1075.3,55.6,1206.6,49.3,1092.0,935.0,24.7,60.2,0.0166
16/05/2025,21.00.00,1.21,895.3,161.0,5.35,1185.5,68.6,1250.6,58.6,1136.7,768.7,25.3,61.3,0.0168
17/05/2025,00.00.00,0.27,885.5,101.4,0.2,785.2,5.0,1256.1,15.5,1014.0,679.0,31.1,68.2,0.0191
17/05/2025,03.00.00,0.52,899.2,101.0,1.26,783.6,31.9,1279.2,14.9,1085.2,764.8,31.6,74.6,0.0187
17/05/2025,06.00.00,0.5,809.5,91.9,1.19,640.3,27.9,1178.6,27.4,1059.6,771.7,31.9,78.2,0.0178
17/05/2025,09.00.00,1.13,855.4,113.9,3.3,986.9,76.0,960.7,36.4,1120.6,1047.5,32.1,60.9,0.0155
17/05/2025,12.00.00,0.66,834.3,133.7,2.58,846.7,47.0,1124.6,42.1,1067.3,784.2,31.3,52.5,0.0177
17/05/2025,15.00.00,0.53,760.4,88.7,0.81,620.9,36.6,1247.6,22.4,1079.6,919.1,28.1,52.0,0.016
17/05/2025,18.00.00,1.26,965.8,152.2,3.84,1108.0,81.9,937.2,58.8,1135.8,935.6,25.8,66.1,0.0183
17/05/2025,21.00.00,1.1,1015.0,141.5,3.32,1046.5,58.6,1109.6,24.0,1075.7,985.9,29.9,57.6,0.0187
18/05/2025,00.00.00,0.35,941.7,92.4,0.2,619.2,28.6,1323.7,13.8,1011.6,763.9,32.5,72.0,0.0169
18/05/2025,03.00.00,0.34,764.9,86.1,0.2,619.6,7.9,1450.5,18.5,1001.4,693.9,32.8,73.9,0.0186
18/05/2025,06.00.00,0.54,919.6,125.2,2.81,925.3,37.9,1266.1,19.2,869.0,812.0,34.5,67.0,0.0178
18/05/2025,09.00.00,0.82,904.5,117.7,1.67,760.3,39.2,1240.4,39.4,1134.2,907.9,34.1,58.0,0.0177
18/05/2025,12.00.00,0.38,677.7,160.3,3.71,994.9,25.5,1261.3,16.1,991.0,787.5,31.8,58.8,0.0188
18/05/2025,15.00.00,0.21,801.5,149.1,2.59,856.9,5.0,1329.5,13.7,1004.1,729.6,28.8,58.3,0.0157
18/05/2025,18.00.00,0.79,863.5,105.0,2.36,852.6,48.3,1201.8,39.8,1081.3,889.4,27.9,58.0,0.0179
18/05/2025,21.00.00,0.57,953.0,193.5,5.42,1087.7,40.3,1114.4,23.7,1028.7,759.3,28.6,76.6,0.0201
19/05/2025,00.00.00,0.84,840.4,112.3,3.16,995.9,45.3,1183.2,28.6,1105.6,859.4,27.9,71.0,0.0182
19/05/2025,03.00.00,0.5,899.1,111.5,0.95,806.3,38.3,1122.5,39.7,1025.8,770.9,33.1,73.5,0.0185
19/05/2025,06.00.00,0.53,856.1,74.0,0.2,663.5,35.1,1221.4,26.7,1039.6,908.2,30.5,55.8,0.0175
19/05/2025,09.00.00,0.45,752.6,142.1,2.79,913.3,25.9,1186.0,22.9,937.2,807.1,30.5,68.2,0.0185
19/05/2025,12.00.00,0.2,785.3,106.4,0.26,709.5,5.0,1343.0,25.7,1043.0,763.5,32.0,63.2,0.0184
19/05/2025,15.00.00,0.66,985.9,130.7,2.67,903.5,47.8,1107.1,41.2,1082.4,700.5,29.1,57.4,0.0178
19/05/2025,18.00.00,0.82,886.6,132.5,2.95,1025.8,54.0,1066.3,49.6,1054.4,911.4,29.3,63.6,-200.0
19/05/2025,21.00.00,0.85,964.9,116.4,2.11,777.7,59.5,1095.4,48.1,1098.9,866.1,27.2,71.2,0.0196
20/05/2025,00.00.00,0.78,953.6,108.4,1.97,884.5,55.2,930.2,41.5,1026.2,764.9,27.7,69.7,0.0197
20/05/2025,03.00.00,0.2,792.6,116.2,1.07,745.7,5.0,1230.8,10.7,916.4,721.6,-200.0,73.7,0.0189
20/05/2025,06.00.00,0.48,768.0,94.9,0.91,675.3,29.8,1315.4,5.0,944.8,683.1,32.9,62.1,0.0158
20/05/2025,09.00.00,0.95,833.0,103.7,3.13,1070.7,61.3,1105.2,50.0,1118.7,926.7,31.9,57.7,0.0171
20/05/2025,12.00.00,0.47,957.9,101.3,0.45,823.8,50.5,1089.7,29.7,884.3,951.8,31.6,61.7,0.0178
20/05/2025,15.00.00,0.2,834.6,98.5,0.33,670.3,5.0,1452.9,5.0,945.9,589.7,26.9,63.7,0.0164
20/05/2025,18.00.00,0.95,793.2,117.1,2.02,866.8,56.9,1064.5,41.3,1044.0,868.5,27.3,58.8,0.0169
20/05/2025,21.00.00,0.61,931.4,134.6,3.69,974.7,39.7,1155.0,17.1,939.3,807.7,25.9,65.7,0.0162
21/05/2025,00.00.00,0.56,741.9,72.7,0.56,686.4,32.1,1176.9,5.0,841.1,657.0,30.4,67.7,0.0188
21/05/2025,03.00.00,0.57,810.8,88.5,1.13,694.7,32.9,1388.0,32.9,1028.3,862.9,31.7,74.3,0.0189
21/05/2025,06.00.00,0.2,829.7,133.8,2.82,847.7,5.0,1393.8,7.7,894.3,758.8,31.3,62.3,0.0156
21/05/2025,09.00.00,0.82,1074.8,99.8,2.64,1001.8,49.0,1170.8,14.2,1046.1,988.7,31.3,63.0,0.0181
21/05/2025,12.00.00,0.59,928.5,104.0,0.98,740.7,33.5,1270.0,15.0,837.5,835.1,29.3,61.6,0.0175
21/05/2025,15.00.00,0.37,810.3,117.4,2.02,844.2,29.2,1106.0,26.9,940.1,726.0,27.0,58.3,0.0179
21/05/2025,18.00.00,0.8,897.9,114.4,0.84,685.2,48.5,1110.0,35.3,968.9,881.5,29.6,65.6,0.0174
21/05/2025,21.00.00,0.99,983.6,175.0,4.69,1106.5,53.2,1170.4,53.4,1131.8,949.5,27.3,66.8,0.0171
22/05/2025,00.00.00,0.35,941.9,111.7,2.36,791.6,26.0,1269.9,26.6,1088.5,745.4,29.1,70.8,0.0174
22/05/2025,03.00.00,0.7,866.6,101.7,2.62,856.1,44.2,1355.6,13.8,990.5,892.2,28.1,68.5,0.0175
22/05/2025,06.00.00,0.44,837.6,71.3,0.2,603.0,34.9,1182.9,20.2,904.1,639.8,31.0,72.6,0.0186
22/05/2025,09.00.00,0.89,848.5,155.5,3.04,1010.1,56.7,1191.8,38.7,1024.7,973.5,31.2,57.5,0.0173
22/05/2025,12.00.00,0.76,937.5,97.7,0.74,629.3,50.4,1212.7,17.3,912.7,907.1,28.3,60.3,0.0172
22/05/2025,15.00.00,0.2,895.8,133.9,2.5,822.4,25.5,1283.8,5.0,955.5,598.5,29.7,56.4,0.0166
22/05/2025,18.00.00,0.88,769.8,155.5,4.72,985.7,59.0,1130.8,36.5,1014.7,903.9,26.2,57.8,0.0168
22/05/2025,21.00.00,0.85,874.5,148.9,3.42,926.2,47.9,1137.2,31.3,926.3,704.7,29.6,63.6,0.0207
23/05/2025,00.00.00,0.22,741.9,60.8,0.2,643.7,5.0,1217.1,5.9,964.7,672.2,29.5,78.5,0.0181
23/05/2025,03.00.00,0.51,871.9,155.6,3.42,1028.7,36.2,1247.2,32.9,1119.9,856.0,31.6,71.8,0.0178
23/05/2025,06.00.00,0.37,758.3,82.3,1.09,741.2,31.2,1278.3,24.5,985.4,784.1,32.3,61.5,0.0215
23/05/2025,09.00.00,0.98,824.7,149.7,5.52,1151.8,56.7,1163.2,50.7,1111.1,958.2,31.5,62.6,0.0181
23/05/2025,12.00.00,0.26,909.6,132.6,1.04,764.9,15.9,1325.3,7.2,823.4,752.3,32.3,54.8,0.0153
23/05/2025,15.00.00,1.09,919.3,153.3,3.96,1002.0,74.5,1105.0,52.2,964.8,920.9,23.3,78.8,0.0201
23/05/2025,18.00.00,1.15,933.4,144.7,3.5,1115.4,72.4,968.9,51.4,976.1,994.0,23.0,66.9,0.0169
23/05/2025,21.00.00,0.77,922.7,135.5,4.64,1058.6,47.9,1278.0,33.3,1030.0,820.0,26.4,67.1,0.0191
24/05/2025,00.00.00,0.48,926.0,118.3,1.61,825.7,19.6,1223.2,31.1,1002.8,756.9,29.3,78.8,0.0188
24/05/2025,03.00.00,0.53,834.2,156.8,3.53,1030.6,39.9,1191.8,5.0,958.2,827.2,32.6,60.8,0.0169
24/05/2025,06.00.00,0.35,814.2,88.4,0.63,675.8,9.3,1408.1,5.0,906.2,723.1,33.1,66.4,0.0199
24/05/2025,09.00.00,-200.0,963.6,188.5,5.28,1161.2,100.9,854.2,74.4,1266.7,1084.0,30.8,71.6,0.0191
24/05/2025,12.00.00,0.47,932.6,128.5,1.72,785.9,22.4,1348.1,11.2,1005.9,720.4,31.0,56.0,0.0182
24/05/2025,15.00.00,0.82,893.4,169.6,4.54,1096.2,62.4,1060.6,24.3,974.7,829.0,28.9,48.6,0.0169
24/05/2025,18.00.00,1.05,905.7,122.1,4.14,1049.2,47.2,1173.4,26.7,936.6,767.3,26.6,60.8,0.0169
24/05/2025,21.00.00,1.26,978.4,146.9,4.68,1086.5,82.5,973.2,49.9,965.4,797.4,28.8,74.5,0.0194
25/05/2025,00.00.00,0.48,985.2,108.9,0.2,605.4,26.6,1220.7,25.4,1102.1,883.7,29.7,73.3,0.02
25/05/2025,03.00.00,0.56,872.7,128.6,2.63,1002.7,36.9,1395.5,35.0,974.1,747.7,30.4,67.5,0.0182
25/05/2025,06.00.00,0.48,839.1,84.9,0.2,701.3,40.3,1131.2,41.4,960.8,804.2,33.4,62.3,0.0198
25/05/2025,09.00.00,1.13,1071.7,135.1,3.75,919.3,64.7,893.5,32.2,1038.0,1003.2,31.5,58.2,0.0183
25/05/2025,12.00.00,0.75,983.3,115.3,2.49,863.5,58.4,1043.6,22.6,886.1,865.4,29.2,59.7,0.0176
25/05/2025,15.00.00,0.53,946.7,101.5,0.2,582.7,27.1,1274.9,5.0,929.0,817.4,29.6,63.5,0.018
25/05/2025,18.00.00,1.11,898.3,175.3,4.05,1076.4,62.2,1058.7,59.5,1114.4,787.3,22.1,71.5,0.0186
25/05/2025,21.00.00,1.3,914.6,220.0,7.11,1324.4,82.8,1067.5,63.5,1218.7,1046.3,24.7,72.6,0.017
26/05/2025,00.00.00,0.28,705.5,97.1,0.49,697.0,19.3,1382.2,12.8,1009.6,749.3,27.1,66.7,0.0179
26/05/2025,03.00.00,0.5,927.1,133.9,2.47,838.3,34.5,1202.2,23.7,1071.9,732.1,30.6,64.9,0.0181
26/05/2025,06.00.00,0.2,829.4,150.6,3.98,1010.9,25.7,1137.2,15.3,975.8,705.6,31.7,69.6,0.0178
26/05/2025,09.00.00,0.72,760.7,129.6,3.76,1050.3,42.7,1083.7,23.3,933.0,946.5,28.7,56.4,0.0175
26/05/2025,12.00.00,0.7,967.9,79.4,1.15,817.3,42.7,1183.7,31.6,953.9,787.2,27.4,58.1,0.0173
26/05/2025,15.00.00,0.33,815.6,121.0,1.18,809.0,20.0,1175.0,10.5,904.9,690.2,25.5,61.4,0.0185
26/05/2025,18.00.00,0.67,864.8,138.5,3.28,875.8,42.2,1159.6,22.2,1128.2,796.2,30.3,54.3,0.0177
26/05/2025,21.00.00,0.81,790.7,173.4,4.79,1094.8,50.4,1261.5,45.0,1062.6,854.5,30.1,61.1,0.0177
27/05/2025,00.00.00,0.65,912.2,136.2,2.95,943.8,33.1,1262.0,16.3,976.3,809.9,28.3,72.0,0.0168
27/05/2025,03.00.00,0.75,925.7,87.5,0.2,628.6,52.2,1142.4,34.7,1145.0,887.8,30.5,74.1,0.0208
27/05/2025,06.00.00,0.88,901.7,104.3,1.06,659.6,46.4,1084.6,27.5,1027.9,855.7,30.1,73.5,0.0184
27/05/2025,09.00.00,0.87,874.7,149.5,3.28,890.6,56.9,1129.9,52.2,1056.4,916.1,27.9,66.8,0.0179
27/05/2025,12.00.00,0.36,1026.5,72.1,0.2,751.5,19.0,1284.2,14.0,1007.1,738.0,28.8,58.6,0.0169
27/05/2025,15.00.00,0.31,753.4,101.3,0.2,603.5,21.3,1312.8,5.0,890.0,908.8,25.2,56.4,0.0165
27/05/2025,18.00.00,1.55,935.5,143.2,4.12,1044.3,93.2,992.1,69.0,1196.3,945.4,25.9,58.0,0.0191
27/05/2025,21.00.00,0.6,922.2,121.2,2.09,839.7,28.7,1328.4,29.3,1053.2,880.7,24.2,68.1,0.0198
28/05/2025,00.00.00,0.78,822.1,79.8,0.97,734.1,35.7,1232.0,27.2,974.3,765.1,27.6,75.0,0.0193
28/05/2025,03.00.00,0.47,780.6,81.9,0.25,655.7,32.0,1280.8,30.2,1033.9,696.1,31.3,72.7,0.0184
28/05/2025,06.00.00,0.57,947.5,92.3,1.23,810.5,26.3,1227.6,10.1,1052.6,662.2,32.5,55.8,0.0178
28/05/2025,09.00.00,0.5,902.2,120.0,2.2,861.1,22.0,1380.6,28.3,969.4,787.3,31.8,56.9,0.0172
28/05/2025,12.00.00,0.46,889.2,98.4,0.41,654.3,21.6,1221.3,5.0,1012.2,846.0,26.7,65.8,0.0177
28/05/2025,15.00.00,0.29,847.5,131.5,2.8,918.4,25.5,1255.7,14.6,917.2,696.1,28.3,58.2,0.0176
28/05/2025,18.00.00,0.92,861.5,169.5,3.34,896.8,54.8,1224.7,39.3,1183.2,803.1,24.6,57.2,0.0166
28/05/2025,21.00.00,1.06,909.5,148.5,3.14,974.6,75.3,985.1,69.1,1116.7,952.8,27.9,79.7,0.0195
29/05/2025,00.00.00,0.46,849.4,80.2,0.2,631.5,25.2,1166.7,14.1,928.7,775.5,28.8,71.9,0.0187
29/05/2025,03.00.00,0.26,889.8,92.5,0.76,688.3,22.7,1253.8,20.1,1086.1,727.0,28.6,74.9,0.0195
29/05/2025,06.00.00,0.57,898.0,140.3,3.03,966.4,37.7,1322.7,5.8,1031.7,723.6,31.3,69.3,0.0175
29/05/2025,09.00.00,0.93,846.1,127.0,2.02,819.6,49.1,972.8,34.9,1097.0,869.0,31.6,59.2,0.0182
29/05/2025,12.00.00,0.47,911.4,95.7,1.9,811.2,26.3,1276.6,7.9,855.7,824.7,29.9,53.8,0.0158
29/05/2025,15.00.00,0.61,755.7,132.6,2.39,941.4,50.6,1096.2,56.1,1130.3,886.3,26.5,69.8,0.0176
29/05/2025,18.00.00,0.41,827.4,144.0,4.56,1029.8,30.4,1234.4,20.2,980.9,793.2,28.4,66.4,0.0173
29/05/2025,21.00.00,1.36,883.6,182.7,5.26,1176.9,88.7,928.8,63.7,1094.9,892.1,28.4,71.6,0.0172
30/05/2025,00.00.00,0.67,820.5,106.8,0.57,756.8,31.4,1319.9,20.7,1031.7,816.2,28.3,75.3,0.02
30/05/2025,03.00.00,0.39,982.2,125.6,2.28,931.1,31.1,1248.8,5.0,865.6,810.1,32.1,65.4,0.0167
30/05/2025,06.00.00,0.44,749.9,68.7,1.31,894.1,8.6,1438.0,5.0,829.7,633.8,35.0,70.9,0.0175
30/05/2025,09.00.00,0.56,810.4,82.5,1.62,768.8,28.9,1358.4,29.9,906.3,765.4,34.2,54.8,0.0184
30/05/2025,12.00.00,0.2,859.7,92.0,0.2,621.3,18.0,1312.4,12.0,1067.9,779.6,26.6,61.3,0.0168
30/05/2025,15.00.00,0.22,793.8,74.0,1.71,857.6,23.7,1252.5,5.0,884.3,765.8,25.0,52.1,0.0165
30/05/2025,18.00.00,1.02,933.3,154.3,3.62,1045.3,60.9,1125.6,40.1,1026.1,745.5,28.2,51.4,0.0154
30/05/2025,21.00.00,0.71,984.8,106.3,0.64,667.6,37.0,1260.8,41.1,992.3,766.0,24.8,71.8,0.0195
31/05/2025,00.00.00,0.35,887.4,107.4,0.58,731.5,6.1,1277.5,9.6,1034.3,668.7,26.4,69.9,0.0193
31/05/2025,03.00.00,0.3,803.1,83.4,0.39,836.6,25.6,1290.9,28.0,915.6,815.9,29.9,62.1,0.0185
31/05/2025,06.00.00,0.36,833.9,90.2,0.2,674.8,18.7,1286.2,5.0,835.7,938.0,32.3,69.2,0.0189
31/05/2025,09.00.00,0.57,906.0,111.7,1.59,851.7,26.9,1231.8,37.5,1027.5,790.1,30.6,72.4,0.0186
31/05/2025,12.00.00,0.66,923.3,122.9,3.61,1079.6,46.0,1114.7,28.1,1010.8,754.1,27.5,66.1,0.0173
31/05/2025,15.00.00,0.65,879.7,156.7,3.64,1133.6,48.7,1106.5,46.1,1130.5,834.8,25.4,58.7,0.0163
31/05/2025,18.00.00,1.1,957.6,196.7,5.32,1169.1,75.2,1124.2,54.7,1071.5,926.5,24.4,64.5,0.0194
31/05/2025,21.00.00,1.46,1000.3,190.7,5.57,1248.4,98.9,876.3,48.8,1203.5,1049.7,25.0,74.5,0.0196
01/06/2025,00.00.00,0.23,820.6,89.4,0.94,695.9,5.0,1466.5,11.6,899.6,801.9,32.4,75.0,0.0179
01/06/2025,03.00.00,0.32,795.6,104.4,0.74,721.8,13.8,1341.3,5.0,849.4,838.9,31.1,69.4,0.0183
01/06/2025,06.00.00,0.56,919.5,103.1,0.2,644.4,26.9,1175.0,12.9,874.4,818.3,33.0,66.2,0.0176
01/06/2025,09.00.00,0.47,876.8,116.3,1.04,645.5,29.6,1267.4,11.8,893.1,788.7,29.8,63.8,0.0164
01/06/2025,12.00.00,0.46,709.2,117.9,1.25,680.7,44.0,1085.0,43.5,992.2,935.8,28.2,61.4,0.0177
01/06/2025,15.00.00,0.72,828.3,120.7,3.59,1014.7,42.4,1236.5,21.1,1036.9,802.9,25.2,59.5,0.0169
01/06/2025,18.00.00,1.19,908.8,194.0,6.0,1244.8,86.9,949.1,77.6,1140.3,964.4,21.0,66.4,0.0168
01/06/2025,21.00.00,1.05,911.5,136.4,2.6,839.4,68.7,1124.8,46.3,1075.9,889.2,24.1,77.7,0.0172
02/06/2025,00.00.00,0.72,970.1,139.3,2.43,966.6,52.6,1251.7,23.3,921.3,708.6,25.3,80.7,0.0174
02/06/2025,03.00.00,0.26,1055.4,91.5,0.21,609.1,15.4,1184.0,22.8,908.9,835.3,26.7,76.8,0.0185
02/06/2025,06.00.00,0.38,673.5,126.0,1.26,784.2,32.2,1202.0,19.2,1054.5,844.0,29.4,77.3,0.0189
02/06/2025,09.00.00,0.65,898.9,87.7,1.95,812.7,39.9,1103.7,32.1,1140.6,653.8,-200.0,58.2,0.0162
02/06/2025,12.00.00,0.46,860.6,137.6,2.73,915.6,23.3,1456.3,-200.0,1008.8,839.9,28.3,66.7,0.0188
02/06/2025,15.00.00,0.76,878.0,130.5,2.4,927.9,53.9,1095.1,28.9,912.5,840.6,28.5,60.4,0.0174
02/06/2025,18.00.00,1.01,959.1,159.6,3.67,1040.1,58.0,1005.0,48.2,999.6,943.1,26.1,79.5,0.0198
02/06/2025,21.00.00,0.73,898.0,159.3,3.12,985.3,45.6,1351.3,23.3,1131.6,842.0,27.6,62.1,0.0174
03/06/2025,00.00.00,0.84,875.1,86.3,1.09,785.6,51.7,1083.7,26.6,988.7,759.9,26.8,70.1,0.0174
03/06/2025,03.00.00,-200.0,842.2,122.1,1.08,682.8,21.1,1164.5,8.9,839.4,765.3,31.3,73.1,0.0187
03/06/2025,06.00.00,0.2,863.0,119.2,1.5,854.9,5.0,1282.3,5.0,995.8,652.1,32.5,68.3,0.0166
03/06/2025,09.00.00,0.94,944.8,167.7,5.03,1069.2,54.7,1138.2,56.7,1131.5,778.4,29.5,72.3,0.0192
03/06/2025,12.00.00,0.23,841.4,70.0,0.2,663.2,5.0,1378.7,5.0,959.9,775.7,29.3,54.5,0.0158
03/06/2025,15.00.00,0.45,813.2,86.5,0.2,649.7,32.7,1169.5,13.4,796.9,825.6,27.2,63.2,0.0188
03/06/2025,18.00.00,1.19,1140.3,155.7,3.97,1046.3,68.8,1017.4,78.1,1189.5,1011.1,24.4,70.3,0.0179
03/06/2025,21.00.00,0.92,935.3,174.1,4.94,1092.8,62.5,1091.9,42.4,1136.0,859.8,24.3,74.1,0.0199
04/06/2025,00.00.00,0.84,953.7,121.8,2.85,911.8,53.7,1237.5,31.4,980.7,793.6,26.2,69.2,0.0169
04/06/2025,03.00.00,0.85,866.7,140.0,2.83,1007.4,44.6,1203.5,24.1,1082.8,878.6,30.5,78.7,0.0183
04/06/2025,06.00.00,0.58,882.8,77.5,0.2,597.8,37.0,1169.8,20.2,888.6,752.7,31.8,73.1,0.019
04/06/2025,09.00.00,0.59,884.0,125.8,-200.0,795.4,31.5,1224.1,28.3,1005.4,772.8,29.0,65.9,0.0193
04/06/2025,12.00.00,0.55,732.4,109.3,0.2,607.7,38.0,1271.8,32.7,1146.1,850.6,28.2,59.7,0.0194
04/06/2025,15.00.00,0.51,810.9,80.8,0.72,755.6,19.8,1435.2,16.3,884.8,750.7,27.1,59.9,0.0174
04/06/2025,18.00.00,1.24,896.9,113.6,1.82,782.6,80.3,910.1,68.6,1193.2,906.7,26.3,62.7,0.0198
04/06/2025,21.00.00,0.87,861.8,165.0,3.91,1024.0,33.7,1320.8,39.3,1098.2,702.8,28.7,70.5,0.018
05/06/2025,00.00.00,0.4,773.7,134.5,2.8,842.9,20.7,1271.4,14.9,966.1,827.7,30.3,71.1,0.0197
05/06/2025,03.00.00,0.2,827.1,71.3,0.64,782.3,10.6,1217.2,10.3,923.8,705.9,28.5,68.8,0.0171
05/06/2025,06.00.00,0.2,921.8,96.6,0.2,673.0,11.8,1195.1,18.4,912.3,778.7,34.0,60.0,0.0179
05/06/2025,09.00.00,0.81,906.7,132.6,3.43,983.4,48.4,1264.7,26.9,1021.4,879.3,29.3,58.9,0.0145
05/06/2025,12.00.00,0.26,748.6,147.4,3.58,1035.7,30.0,1366.4,43.6,1067.1,866.3,29.9,58.5,0.0159
05/06/2025,15.00.00,0.49,787.0,104.6,2.2,789.9,36.1,1173.8,17.3,868.6,791.9,26.1,59.3,0.0179
05/06/2025,18.00.00,0.91,882.5,180.2,4.9,1081.9,59.6,1085.2,41.4,1142.7,854.4,24.4,65.5,0.0163
05/06/2025,21.00.00,0.89,807.2,118.7,2.5,896.8,50.7,1003.9,27.3,945.5,774.5,22.9,74.1,0.0192
06/06/2025,00.00.00,0.58,890.5,97.1,0.2,572.1,21.4,1354.0,5.0,821.3,726.2,27.7,69.8,0.0194
06/06/2025,03.00.00,0.83,994.1,120.9,2.45,791.8,56.4,1115.9,44.7,1037.0,893.0,27.5,81.2,0.0187
06/06/2025,06.00.00,0.33,799.8,76.4,0.2,623.8,34.2,1105.0,43.9,1013.0,745.3,32.6,64.9,0.0167
06/06/2025,09.00.00,0.42,855.8,168.9,4.59,1023.7,23.9,1296.7,17.2,950.6,793.9,32.7,58.0,0.0167
06/06/2025,12.00.00,0.59,840.3,97.1,1.85,806.6,37.3,1102.2,26.6,919.5,914.7,26.6,62.3,0.0164
06/06/2025,15.00.00,0.69,838.7,165.5,3.25,987.7,49.2,1198.8,32.7,1062.1,816.3,26.4,50.1,0.0164
06/06/2025,18.00.00,1.19,955.7,140.9,3.23,997.8,66.2,982.2,59.1,1232.9,806.7,23.8,61.0,0.0176
06/06/2025,21.00.00,0.86,856.6,86.8,0.85,830.3,42.3,1215.7,56.4,1133.0,797.8,24.8,75.1,0.0184
07/06/2025,00.00.00,0.7,827.0,137.9,3.55,985.9,40.8,1143.6,40.5,961.0,722.9,29.2,63.1,0.0197
07/06/2025,03.00.00,0.48,744.4,83.9,0.2,677.5,30.3,1059.4,16.4,901.6,884.2,29.9,77.6,0.0181
07/06/2025,06.00.00,0.83,904.0,142.1,2.62,897.7,49.0,1234.9,35.6,1058.1,852.8,33.8,72.9,0.0202
07/06/2025,09.00.00,0.76,965.6,132.2,3.65,1014.2,51.5,1226.7,46.2,947.1,803.4,29.2,60.9,0.0162
07/06/2025,12.00.00,0.26,881.1,80.1,0.31,701.7,5.0,1333.3,5.0,833.7,675.8,29.6,59.1,0.0174
07/06/2025,15.00.00,0.47,960.8,88.0,0.48,746.8,31.7,1263.5,8.7,819.4,712.3,25.9,65.2,0.0193
07/06/2025,18.00.00,0.62,827.2,150.4,2.63,950.2,44.6,1212.0,27.7,1018.8,904.6,26.2,60.7,0.0188
07/06/2025,21.00.00,0.88,965.5,127.3,1.79,849.1,47.4,1200.4,48.9,1246.9,970.9,25.0,74.4,0.0182
08/06/2025,00.00.00,0.66,802.1,148.0,2.45,966.2,33.0,1373.2,-200.0,943.5,694.3,27.7,69.6,0.0189
08/06/2025,03.00.00,0.22,875.6,101.7,1.18,763.4,10.9,1378.6,5.0,977.1,805.8,29.7,69.8,0.0188
08/06/2025,06.00.00,0.43,967.0,111.8,0.57,670.9,13.3,1304.8,10.9,904.0,722.8,29.3,64.7,0.0172
08/06/2025,09.00.00,0.76,925.6,147.6,2.7,881.7,57.4,1147.5,55.5,1029.7,960.8,31.0,63.1,0.0184
08/06/2025,12.00.00,0.37,960.8,161.3,3.94,1018.1,31.3,1209.2,5.0,1029.5,665.4,28.9,64.0,0.02
08/06/2025,15.00.00,0.58,827.3,96.4,0.26,615.4,40.6,1111.9,20.7,1134.0,837.5,26.7,58.1,0.0178
08/06/2025,18.00.00,0.81,887.6,94.3,1.29,738.7,52.0,1237.3,60.4,1170.6,827.6,27.4,55.9,0.0177
08/06/2025,21.00.00,0.62,810.6,150.9,2.41,816.7,38.1,1252.4,34.6,1063.8,860.3,28.1,62.3,0.0184
09/06/2025,00.00.00,0.55,867.9,97.5,1.18,780.8,33.0,1085.8,9.2,941.2,803.4,27.0,75.4,0.017
09/06/2025,03.00.00,0.99,937.9,172.8,4.69,1114.9,74.9,970.7,47.6,1080.1,926.3,30.4,80.9,0.0198
09/06/2025,06.00.00,0.64,878.7,141.2,2.84,822.2,45.8,1231.6,38.6,1078.3,830.0,29.6,70.5,0.0171
09/06/2025,09.00.00,0.89,874.1,117.5,3.22,920.4,53.1,1009.4,15.5,1009.2,968.7,29.8,60.4,0.0167
09/06/2025,12.00.00,0.52,827.9,121.8,2.37,975.1,39.2,1143.7,26.1,1120.8,805.4,26.6,63.7,0.0203
09/06/2025,15.00.00,0.2,848.2,97.5,0.8,761.0,5.0,1587.9,5.0,883.4,775.5,28.3,56.6,-200.0
09/06/2025,18.00.00,0.77,881.2,178.8,5.58,1205.5,50.2,1122.4,22.7,999.8,894.6,25.3,61.9,0.0167
09/06/2025,21.00.00,1.0,839.8,159.1,4.43,1034.3,73.9,1117.1,54.6,1112.4,983.9,25.2,65.2,0.0192
10/06/2025,00.00.00,0.45,721.6,106.0,0.2,684.8,19.6,1421.9,10.8,1014.9,687.9,29.6,78.5,0.0179
10/06/2025,03.00.00,0.38,803.8,78.4,0.6,706.2,8.0,1287.1,5.0,1088.0,773.6,26.0,62.3,0.0171
10/06/2025,06.00.00,0.39,750.0,64.6,0.2,625.2,12.4,1359.2,5.0,994.1,760.8,27.1,74.4,0.0202
10/06/2025,09.00.00,0.86,844.3,125.2,3.0,907.9,49.8,1315.8,28.6,1070.5,766.1,31.0,59.1,0.0174
10/06/2025,12.00.00,0.53,833.8,147.8,3.15,923.2,40.8,1232.7,10.8,1006.6,807.6,27.6,57.0,0.0153
10/06/2025,15.00.00,0.66,869.1,143.9,2.85,838.8,47.3,1352.9,22.4,1078.3,1002.4,25.8,68.1,0.0188
10/06/2025,18.00.00,1.17,893.9,166.1,4.28,983.9,69.4,1002.1,59.6,1307.5,880.7,22.3,62.5,0.0171
10/06/2025,21.00.00,0.88,1059.0,180.8,4.84,1098.7,72.4,1181.6,55.2,1003.0,891.6,25.4,66.4,0.0198
11/06/2025,00.00.00,0.47,768.1,133.3,2.75,864.5,31.7,1243.0,18.9,1017.7,826.5,30.8,69.9,0.0176
11/06/2025,03.00.00,0.66,963.7,133.6,3.41,957.6,37.8,1184.7,13.0,771.5,775.6,31.0,73.3,0.0199
11/06/2025,06.00.00,0.2,812.6,79.5,0.76,634.1,5.0,1426.2,5.0,986.6,724.8,30.7,65.5,0.02
11/06/2025,09.00.00,0.7,838.0,98.3,2.07,890.3,36.6,1208.3,38.0,1090.7,778.3,28.8,55.2,0.0159
11/06/2025,12.00.00,0.57,909.3,80.2,0.2,783.4,35.9,1213.7,27.3,971.0,835.9,-200.0,55.4,0.0168
11/06/2025,15.00.00,0.66,847.0,158.6,3.71,1059.0,56.4,1157.0,30.2,833.8,864.8,21.7,69.2,0.0187
11/06/2025,18.00.00,1.26,894.8,177.7,5.23,1208.9,84.7,832.0,34.4,1036.5,1090.7,24.9,64.5,0.0168
11/06/2025,21.00.00,0.83,1025.4,141.8,3.42,1008.9,54.0,1065.9,34.8,1054.6,865.4,26.7,71.0,0.0187
12/06/2025,00.00.00,0.48,704.4,70.1,0.33,696.1,25.7,1329.2,11.1,940.1,761.6,24.6,73.9,0.0184
12/06/2025,03.00.00,0.25,813.2,143.6,1.38,786.2,5.0,1454.3,5.0,876.5,787.1,28.3,69.9,0.018
12/06/2025,06.00.00,0.65,891.5,93.9,1.46,738.5,39.3,1231.9,20.3,918.2,720.6,28.4,77.9,0.0191
12/06/2025,09.00.00,0.73,986.3,128.6,2.6,934.9,40.9,1217.5,41.5,1062.5,941.1,27.8,62.9,0.0177
12/06/2025,12.00.00,1.12,906.6,160.6,3.64,1030.7,82.4,1020.0,50.7,1046.8,878.1,27.4,57.0,0.0173
12/06/2025,15.00.00,0.48,1044.2,122.6,2.33,845.9,39.8,1277.7,34.6,1094.9,902.8,21.7,68.3,0.0174
12/06/2025,18.00.00,1.14,990.4,119.5,2.87,951.4,76.6,903.0,40.4,1056.1,1031.7,25.4,60.1,0.0167
12/06/2025,21.00.00,0.88,739.6,167.2,4.17,1007.9,59.9,1059.9,42.1,947.5,842.8,26.5,66.0,0.0178
13/06/2025,00.00.00,0.43,750.2,63.5,0.2,634.3,16.4,1311.8,5.0,932.4,719.3,26.8,73.6,0.0186
13/06/2025,03.00.00,0.76,907.3,128.5,1.24,810.8,45.9,1186.0,24.2,1025.8,830.1,25.1,75.6,0.0183
13/06/2025,06.00.00,0.67,800.5,135.5,2.85,944.1,39.7,1033.0,14.1,1069.8,862.5,28.5,70.7,0.0187
13/06/2025,09.00.00,0.89,945.0,100.7,1.36,766.6,39.0,1104.3,45.0,1145.0,747.2,31.4,71.6,0.0163
13/06/2025,12.00.00,0.61,840.9,113.1,3.02,917.6,43.5,1181.1,31.1,961.4,822.9,22.5,64.6,0.0169
13/06/2025,15.00.00,0.67,797.2,108.2,2.53,899.6,53.4,1213.9,43.3,1172.9,838.3,24.5,48.8,0.0161
13/06/2025,18.00.00,1.01,853.8,112.3,1.84,723.8,67.1,1031.2,45.3,984.1,820.6,22.2,67.7,0.0171
13/06/2025,21.00.00,0.66,938.9,191.2,4.6,1045.3,48.0,1106.4,27.6,1012.3,771.0,26.5,69.2,0.0202
14/06/2025,00.00.00,0.2,682.4,103.3,1.1,685.0,16.2,1361.3,5.0,972.8,757.5,25.9,74.4,0.0187
14/06/2025,03.00.00,0.63,948.9,123.2,2.11,851.3,36.4,1191.6,25.2,1103.1,817.0,29.9,73.3,0.0188
14/06/2025,06.00.00,0.26,907.0,126.6,2.27,925.5,23.6,1352.6,32.7,1163.1,717.2,31.1,67.3,0.0175
14/06/2025,09.00.00,0.24,805.7,170.4,3.05,966.0,10.0,1332.2,18.3,1062.6,735.6,32.3,60.2,0.0174
14/06/2025,12.00.00,0.65,779.9,114.8,2.3,840.3,45.7,1082.1,24.6,988.9,791.9,26.7,62.8,0.0162
14/06/2025,15.00.00,0.48,897.0,145.3,2.33,832.0,35.2,1337.6,19.9,1020.3,897.1,25.6,57.1,0.0169
14/06/2025,18.00.00,0.87,869.8,133.2,3.29,921.1,45.4,1271.8,35.9,1059.1,829.1,21.6,61.8,0.0164
14/06/2025,21.00.00,0.88,799.0,116.8,2.63,1010.1,49.9,1074.2,59.2,1087.1,926.4,27.0,83.7,0.0192
15/06/2025,00.00.00,0.42,984.1,82.4,0.2,672.7,31.1,1276.2,31.6,1018.4,674.8,25.7,70.8,0.0153
15/06/2025,03.00.00,0.94,850.4,131.0,2.91,937.0,58.8,1079.7,39.1,1182.2,899.1,28.1,73.9,0.0173
15/06/2025,06.00.00,0.65,774.6,149.6,3.4,856.8,38.8,1255.7,25.1,1045.7,858.0,29.9,60.8,0.0192
15/06/2025,09.00.00,1.02,941.8,134.2,4.95,1054.9,76.6,947.1,58.5,1278.0,920.0,26.4,65.4,0.0189
15/06/2025,12.00.00,0.6,866.7,91.0,0.49,694.0,39.3,1273.1,29.3,941.5,780.2,27.4,54.6,0.0185
15/06/2025,15.00.00,0.2,928.0,98.8,1.54,769.1,5.0,1470.6,5.0,893.3,704.2,26.5,56.9,0.0188
15/06/2025,18.00.00,1.07,902.0,137.7,3.81,1018.9,75.1,948.9,46.1,1113.4,977.1,24.5,69.6,0.0191
15/06/2025,21.00.00,1.0,894.6,67.8,0.4,694.8,46.9,1170.7,47.4,1141.7,756.1,22.2,74.6,0.0182
16/06/2025,00.00.00,0.44,876.4,116.2,2.31,902.7,24.3,1376.0,15.3,952.8,821.8,26.6,76.5,0.0176
16/06/2025,03.00.00,0.24,842.5,75.9,0.2,566.2,12.2,1258.9,17.1,1024.2,758.9,30.2,62.9,0.019
16/06/2025,06.00.00,0.65,894.1,145.6,4.0,969.4,41.5,1139.2,42.2,1124.2,806.1,26.7,79.9,0.0193
16/06/2025,09.00.00,1.17,959.6,152.6,5.4,1157.4,71.6,1095.1,57.6,1033.2,899.5,27.2,58.4,0.0202
16/06/2025,12.00.00,0.58,881.1,112.4,1.72,777.5,44.2,1166.0,31.0,1076.8,837.0,28.3,66.2,0.0175
16/06/2025,15.00.00,0.86,874.2,131.8,3.54,969.2,66.4,942.0,73.2,1267.8,1015.3,25.2,65.2,0.0202
16/06/2025,18.00.00,1.3,1014.0,189.1,7.43,1361.5,82.6,961.4,61.3,1165.9,972.2,24.6,-200.0,0.0179
16/06/2025,21.00.00,0.27,807.8,120.7,2.72,867.4,16.0,1459.7,7.0,799.3,682.0,27.9,63.6,0.0193
17/06/2025,00.00.00,0.36,899.1,81.9,0.75,732.1,10.4,1513.2,5.0,900.6,700.7,27.5,73.8,0.0207
17/06/2025,03.00.00,0.2,921.1,147.3,3.71,1032.0,5.3,1322.4,18.8,1005.9,635.8,30.0,69.6,0.017
17/06/2025,06.00.00,0.48,809.7,100.0,1.58,803.4,31.9,1167.3,6.8,866.8,663.5,34.4,65.1,0.0173
17/06/2025,09.00.00,-200.0,1019.8,109.3,2.84,959.2,29.8,1214.5,18.9,1040.0,708.0,28.5,62.1,0.0163
17/06/2025,12.00.00,0.41,798.9,74.8,0.45,573.6,35.1,1368.9,32.8,1082.3,813.6,25.4,50.6,0.0151
17/06/2025,15.00.00,0.61,823.4,57.7,0.2,636.8,29.9,1317.8,15.8,972.7,878.9,25.3,65.6,0.0187
17/06/2025,18.00.00,1.21,983.2,164.1,3.73,1053.0,72.7,1153.7,52.0,1109.1,987.8,24.5,64.0,0.0175
17/06/2025,21.00.00,0.66,909.7,134.8,1.96,789.1,24.9,1355.6,34.1,1050.1,693.7,23.7,68.6,0.0182
18/06/2025,00.00.00,0.2,829.0,122.2,1.16,705.6,17.1,1209.0,-200.0,919.7,695.4,24.9,72.2,0.0192
18/06/2025,03.00.00,0.27,889.9,74.8,0.2,662.1,20.7,1220.8,5.0,830.0,696.3,32.7,71.8,0.0162
18/06/2025,06.00.00,0.63,893.7,146.5,2.61,897.2,40.4,1142.2,11.2,914.6,640.6,30.2,63.6,0.0193
18/06/2025,09.00.00,0.86,1047.4,121.0,1.94,805.0,47.5,1120.7,43.3,1078.2,830.8,27.5,52.8,0.0163
18/06/2025,12.00.00,0.42,847.0,107.4,2.21,961.0,32.8,1181.8,22.9,1091.0,854.6,28.2,60.7,0.0181
18/06/2025,15.00.00,0.2,764.2,96.3,1.43,801.6,6.8,1320.8,5.0,968.4,702.9,24.3,63.4,0.0184
18/06/2025,18.00.00,0.92,871.9,137.1,3.32,915.5,66.5,1118.7,37.6,1153.6,810.7,23.2,64.4,0.0194
18/06/2025,21.00.00,0.77,925.1,99.8,1.02,667.4,30.5,1258.3,24.2,898.5,732.4,25.5,64.0,0.0176
19/06/2025,00.00.00,0.2,858.0,125.9,2.25,886.0,8.8,1453.5,16.6,941.6,703.4,24.3,75.9,0.0163
19/06/2025,03.00.00,0.2,838.5,102.9,1.27,719.9,5.0,1395.1,5.0,1065.2,768.9,29.2,65.2,0.0179
19/06/2025,06.00.00,0.2,764.5,82.1,0.41,807.1,5.0,1320.9,5.0,868.0,702.2,32.8,61.0,0.0177
19/06/2025,09.00.00,0.73,964.7,172.7,4.02,1055.6,32.4,1253.0,16.2,911.4,841.7,29.4,58.9,0.0161
19/06/2025,12.00.00,0.22,961.5,93.3,0.83,759.8,16.3,1197.8,6.4,906.6,743.1,25.9,64.6,0.018
19/06/2025,15.00.00,0.47,858.4,81.0,0.2,682.7,20.5,1112.6,16.1,1105.6,778.0,23.5,59.6,0.0169
19/06/2025,18.00.00,0.93,1037.9,124.8,2.67,965.5,68.3,1109.9,71.5,1139.0,839.1,22.8,63.4,0.0161
19/06/2025,21.00.00,1.15,999.0,142.4,3.56,856.7,64.3,1160.1,50.0,1139.1,844.8,24.0,80.6,0.0201
20/06/2025,00.00.00,0.64,1031.8,121.6,3.45,911.2,56.0,1125.8,34.2,1064.2,780.1,-200.0,76.1,0.0182
20/06/2025,03.00.00,0.2,857.1,99.0,1.89,886.7,5.0,1343.7,11.7,811.9,757.1,30.1,73.6,0.0181
20/06/2025,06.00.00,0.66,889.1,142.6,1.44,869.1,31.3,1136.0,26.4,1004.4,773.6,26.4,69.1,0.0177
20/06/2025,09.00.00,0.91,968.3,137.3,4.56,1015.3,51.2,1237.3,34.0,997.2,601.8,30.0,59.2,0.0188
20/06/2025,12.00.00,0.27,802.6,89.1,0.28,576.5,11.9,1379.8,30.4,1069.1,769.5,25.7,49.6,0.0164
20/06/2025,15.00.00,0.62,902.5,109.1,1.33,785.5,50.4,1171.4,31.0,1145.7,919.3,24.9,65.2,0.018
20/06/2025,18.00.00,1.04,1017.6,139.8,2.48,912.4,72.2,1038.7,55.1,1096.3,859.7,21.5,68.9,0.0177
20/06/2025,21.00.00,1.02,979.4,132.2,2.59,904.4,53.3,1095.7,46.6,1062.2,893.6,26.5,68.0,0.0187
21/06/2025,00.00.00,0.94,911.0,132.7,1.35,775.2,63.9,991.6,43.1,1248.5,876.9,28.4,71.7,0.0201
21/06/2025,03.00.00,0.29,848.3,131.1,2.64,798.6,5.0,1395.2,18.4,923.6,566.8,30.0,75.6,0.0196
21/06/2025,06.00.00,0.42,903.0,129.7,1.64,784.9,24.7,1233.6,9.4,843.6,910.7,26.7,63.0,0.0185
21/06/2025,09.00.00,0.98,967.7,160.3,3.6,979.3,64.7,1042.5,56.0,1220.2,879.9,29.8,59.4,0.0181
21/06/2025,12.00.00,0.63,928.3,171.3,3.78,979.4,38.2,1346.5,25.3,997.7,828.7,27.0,53.9,0.0152
21/06/2025,15.00.00,0.71,909.0,89.7,0.52,593.7,46.2,1164.9,38.5,1073.8,795.0,21.4,71.8,0.0174
21/06/2025,18.00.00,1.33,901.5,171.5,4.75,1133.7,91.5,746.2,62.6,1306.5,953.8,23.2,69.7,0.018
21/06/2025,21.00.00,0.46,808.4,157.2,4.6,1134.4,31.1,1201.8,23.8,896.8,804.5,24.8,59.2,0.0165
22/06/2025,00.00.00,0.79,926.7,118.0,1.98,794.0,47.8,1081.1,36.9,1034.0,770.3,27.1,65.8,0.0166
22/06/2025,03.00.00,0.66,937.9,169.1,4.77,1093.2,40.8,1184.8,28.9,929.0,941.0,28.6,72.4,0.0163
22/06/2025,06.00.00,0.38,894.4,87.3,2.14,825.8,26.6,1153.2,8.3,956.5,838.4,29.6,66.2,0.0163
22/06/2025,09.00.00,1.25,903.0,182.3,5.8,1174.3,76.3,1053.1,68.8,1136.4,965.1,30.8,55.0,0.0166
22/06/2025,12.00.00,0.44,841.9,141.8,2.69,932.6,24.2,1255.5,22.3,907.1,762.6,28.2,68.4,0.0181
22/06/2025,15.00.00,0.25,748.2,67.1,0.41,717.1,9.0,1316.9,5.0,971.3,673.7,19.2,66.2,0.017
22/06/2025,18.00.00,1.27,854.7,132.3,3.73,1063.0,78.0,1021.9,51.7,1107.5,1006.2,22.6,68.2,0.0182
22/06/2025,21.00.00,1.02,928.3,157.4,3.33,1024.8,59.4,1096.9,48.5,1006.3,921.0,-200.0,67.5,0.0176
23/06/2025,00.00.00,0.82,994.0,122.8,1.26,760.1,54.3,1117.8,40.3,977.7,834.9,23.1,80.0,0.0205
23/06/2025,03.00.00,0.54,871.4,98.1,1.52,950.9,35.6,1204.2,6.1,939.0,730.8,28.3,71.3,0.0182
23/06/2025,06.00.00,0.41,982.2,88.5,0.33,766.2,7.4,1361.6,8.3,816.3,611.8,31.2,66.0,0.0188
23/06/2025,09.00.00,1.08,918.5,191.4,6.25,1208.0,76.2,1046.6,61.7,1162.9,930.5,26.3,68.0,0.0184
23/06/2025,12.00.00,0.77,894.1,150.9,2.96,937.7,49.9,1168.1,7.4,1023.3,832.2,26.6,51.7,0.015
23/06/2025,15.00.00,0.53,793.9,150.7,4.37,956.0,34.1,1319.6,23.1,1039.2,885.3,22.4,70.2,0.0182
23/06/2025,18.00.00,1.05,901.9,93.8,1.08,754.1,63.8,1037.3,54.5,1074.4,960.9,21.9,67.2,0.0166
23/06/2025,21.00.00,1.09,847.6,136.2,2.01,932.7,59.3,1122.7,50.6,1121.4,880.6,26.4,75.4,0.0187
24/06/2025,00.00.00,0.52,754.2,86.0,1.17,914.2,35.5,1418.3,30.0,932.5,800.8,25.0,69.6,0.0174
24/06/2025,03.00.00,0.44,770.7,122.1,2.75,904.9,21.4,1289.8,10.0,949.5,683.5,28.8,68.2,0.0186
24/06/2025,06.00.00,0.63,881.3,112.2,1.68,828.0,40.3,1198.6,14.6,935.4,895.0,25.7,65.6,0.0163
24/06/2025,09.00.00,0.48,806.4,106.8,0.22,704.0,26.2,1167.9,6.2,852.2,774.6,31.2,62.5,0.0176
24/06/2025,12.00.00,0.29,800.3,65.7,0.2,777.9,5.0,1317.9,14.0,999.7,757.4,26.9,59.9,0.0181
24/06/2025,15.00.00,0.72,915.6,80.4,0.61,654.2,45.6,1163.7,35.3,902.7,919.0,23.5,59.1,0.0184
24/06/2025,18.00.00,0.51,753.1,95.3,0.36,830.1,27.4,1305.9,36.6,963.6,742.5,23.9,59.8,0.0165
24/06/2025,21.00.00,0.96,921.3,190.2,5.5,1154.9,51.1,1196.4,32.4,955.2,795.4,21.4,66.4,0.018
25/06/2025,00.00.00,0.2,883.4,86.8,0.2,604.6,5.0,1401.1,11.1,909.2,887.8,27.8,72.6,0.0188
25/06/2025,03.00.00,0.2,889.4,86.0,0.43,673.8,5.0,1439.3,5.0,1011.0,756.6,27.4,71.6,0.0203
25/06/2025,06.00.00,0.51,897.6,109.4,1.53,750.4,36.4,1138.2,13.9,1008.2,789.6,28.4,66.0,0.0162
25/06/2025,09.00.00,0.79,890.8,97.5,2.23,884.9,38.5,1246.7,33.1,1039.9,902.2,27.1,72.1,0.0174
25/06/2025,12.00.00,0.43,807.8,88.2,0.37,594.1,30.6,1248.0,25.6,1006.5,770.2,24.8,60.8,0.0208
25/06/2025,15.00.00,0.37,839.2,107.6,0.3,686.1,14.9,1335.5,26.0,1003.3,767.5,24.9,66.7,0.0177
25/06/2025,18.00.00,0.98,1032.9,128.1,3.77,1044.8,57.0,1085.9,41.0,1159.9,831.3,23.2,62.7,0.0154
25/06/2025,21.00.00,0.96,933.7,163.5,5.29,1234.4,62.0,1013.7,37.8,924.1,884.9,24.8,71.5,0.0177
26/06/2025,00.00.00,0.83,891.7,128.9,3.05,977.0,42.5,1090.4,17.2,1022.7,808.2,25.7,74.2,0.0154
26/06/2025,03.00.00,0.59,910.7,85.9,0.61,785.8,46.0,1195.7,21.6,951.0,785.3,28.7,64.5,0.0181
26/06/2025,06.00.00,0.52,865.6,164.1,3.14,914.6,43.3,1223.2,49.1,1131.5,847.0,28.0,76.9,0.0199
26/06/2025,09.00.00,0.82,914.4,125.0,3.27,982.8,42.3,1178.1,41.8,1102.8,782.2,31.6,60.3,0.0163
26/06/2025,12.00.00,0.2,806.7,66.6,0.2,546.4,17.4,1312.1,21.9,1038.9,792.4,23.0,66.3,0.0174
26/06/2025,15.00.00,0.65,848.5,122.2,1.7,805.6,33.0,1177.4,18.1,1083.1,777.7,25.7,56.0,0.0181
26/06/2025,18.00.00,0.88,974.8,139.7,3.86,1037.6,52.6,1177.0,40.6,966.5,737.5,25.0,63.2,0.0156
26/06/2025,21.00.00,0.53,727.6,136.6,2.49,912.4,36.2,1223.8,37.4,1120.1,852.1,22.1,67.9,0.0165
27/06/2025,00.00.00,0.2,857.5,91.5,0.8,639.5,5.0,1345.8,5.0,915.5,759.6,29.3,77.8,0.0187
27/06/2025,03.00.00,0.32,805.1,91.9,0.28,655.2,29.3,1323.0,15.2,928.6,945.5,29.4,74.0,0.0178
27/06/2025,06.00.00,0.76,757.4,139.5,4.61,1074.2,49.3,1205.0,23.8,1137.7,849.2,30.2,69.9,0.0179
27/06/2025,09.00.00,0.79,826.4,105.1,1.01,722.7,56.2,996.1,38.4,1102.6,881.4,27.7,70.7,0.0168
27/06/2025,12.00.00,0.66,876.8,128.9,2.53,930.6,40.9,1199.4,25.8,974.2,856.2,25.2,66.7,0.0183
27/06/2025,15.00.00,0.28,840.3,96.9,1.15,747.4,15.8,1244.4,5.0,987.0,818.8,23.1,65.5,0.0177
27/06/2025,18.00.00,1.0,971.9,145.4,4.66,1098.0,68.6,1068.2,53.4,1110.3,972.8,23.2,58.2,0.0179
27/06/2025,21.00.00,1.18,998.1,142.4,3.29,935.3,74.1,777.2,56.8,1096.9,944.7,25.8,66.0,0.0182
28/06/2025,00.00.00,0.67,772.1,148.7,3.21,1013.8,40.2,1214.7,23.1,950.1,818.3,25.7,69.4,0.0185
28/06/2025,03.00.00,0.84,927.4,109.2,2.07,909.0,48.8,1213.0,22.0,1009.2,905.4,26.0,78.6,0.0173
28/06/2025,06.00.00,0.28,884.3,75.9,0.2,652.0,18.0,1301.1,12.2,905.9,748.8,29.8,69.2,0.0188
28/06/2025,09.00.00,0.76,906.4,119.2,1.52,950.9,45.1,1081.2,30.9,1034.6,745.1,29.1,55.9,0.0166
28/06/2025,12.00.00,0.82,933.5,160.8,3.06,898.7,64.7,1232.9,40.6,1124.4,789.1,26.5,59.0,0.0171
28/06/2025,15.00.00,0.78,758.1,104.6,0.58,760.7,55.5,1214.9,45.4,1089.3,846.0,24.6,53.1,0.018
28/06/2025,18.00.00,0.56,798.4,164.0,4.47,1022.6,33.6,1189.5,16.3,1103.6,809.2,22.0,66.0,0.0171
28/06/2025,21.00.00,0.99,1015.0,167.5,5.06,1173.5,66.8,1045.3,71.1,1185.4,1073.3,21.7,64.2,-200.0
29/06/2025,00.00.00,0.55,845.9,149.2,3.87,1055.5,37.2,1055.5,22.3,1083.8,803.2,23.8,78.4,0.0208
29/06/2025,03.00.00,0.73,1042.7,134.8,4.15,988.7,46.3,1206.2,32.8,1099.7,842.3,24.7,77.9,0.0199
29/06/2025,06.00.00,0.44,763.3,90.2,0.7,708.9,24.8,1166.2,7.9,1038.3,746.2,28.7,78.8,0.0179
29/06/2025,09.00.00,0.54,974.7,109.3,0.69,818.5,20.8,1349.3,32.3,1167.3,805.7,27.3,68.4,0.0155
29/06/2025,12.00.00,0.53,820.7,84.2,0.2,624.2,36.1,1301.7,21.1,861.2,827.9,24.6,59.3,0.0186
29/06/2025,15.00.00,0.62,934.7,99.1,1.58,822.5,46.0,1164.3,24.6,1016.9,793.4,18.2,69.5,0.0184
29/06/2025,18.00.00,0.98,896.9,171.2,5.66,1206.5,61.0,1009.9,40.1,1052.4,812.2,20.2,60.6,0.0166
29/06/2025,21.00.00,0.87,912.4,124.9,2.52,887.1,60.3,1198.4,42.7,1078.6,852.7,25.1,65.2,0.0193
30/06/2025,00.00.00,0.98,959.1,109.8,2.68,809.7,65.2,1074.0,44.6,1050.7,836.6,24.1,77.3,0.0179
30/06/2025,03.00.00,0.69,840.4,95.6,1.62,849.8,50.9,1153.1,33.3,995.0,836.4,27.9,62.7,0.0171
30/06/2025,06.00.00,0.44,908.6,130.6,1.53,796.3,24.1,1205.2,14.5,881.1,782.1,25.8,71.2,0.019
30/06/2025,09.00.00,0.92,891.6,152.1,4.87,1173.2,56.1,1134.9,35.7,1049.5,833.2,29.8,57.3,0.0158
30/06/2025,12.00.00,1.05,938.9,87.6,1.09,766.1,65.2,1057.7,32.7,1096.4,997.5,25.0,61.6,0.0174
30/06/2025,15.00.00,0.84,715.4,102.5,1.01,749.0,58.3,1002.3,31.5,991.5,956.0,23.6,56.0,0.0183
30/06/2025,18.00.00,0.9,884.9,164.4,5.06,1151.0,55.0,1232.3,46.7,1063.8,848.9,26.1,65.3,0.0181
30/06/2025,21.00.00,0.84,989.5,156.5,4.18,992.5,55.5,1263.3,49.0,1047.2,799.0,25.7,69.7,0.0198
01/07/2025,00.00.00,0.78,941.9,124.4,1.75,901.6,45.7,1252.8,36.3,975.7,835.1,24.6,82.3,0.0208
01/07/2025,03.00.00,0.6,934.6,127.2,3.91,1000.9,41.4,1262.6,25.6,986.1,814.8,26.2,74.9,0.0187
01/07/2025,06.00.00,0.74,893.0,114.3,1.28,751.3,64.8,1217.4,44.0,1100.0,889.9,27.5,66.3,0.0152
01/07/2025,09.00.00,0.6,989.9,132.2,3.39,1042.8,32.7,1152.9,26.6,1094.3,770.1,28.1,62.4,0.0163
01/07/2025,12.00.00,0.78,914.3,119.2,2.42,893.4,55.6,1037.4,17.0,884.7,793.3,24.9,54.4,-200.0
01/07/2025,15.00.00,0.48,810.8,151.7,2.38,863.3,36.8,1183.1,20.6,980.4,812.7,22.3,64.3,0.0159
01/07/2025,18.00.00,0.6,931.9,62.6,0.2,691.8,31.0,1269.1,23.4,1076.2,768.3,24.6,67.3,0.0177
01/07/2025,21.00.00,0.88,969.9,139.1,2.79,949.4,51.1,1120.8,29.3,934.8,835.1,22.8,84.1,0.02
02/07/2025,00.00.00,0.46,899.6,136.1,2.17,850.1,28.7,1175.0,12.1,1037.1,792.6,28.9,68.9,0.02
02/07/2025,03.00.00,0.77,864.6,103.4,1.87,878.5,43.3,1184.1,28.2,982.0,824.9,27.2,72.7,0.0179
02/07/2025,06.00.00,0.42,869.5,126.1,3.12,876.4,35.8,1213.3,10.9,993.3,812.6,31.0,64.6,0.017
02/07/2025,09.00.00,0.97,1014.0,151.1,4.26,1068.6,44.2,1246.3,28.3,997.9,804.8,27.7,65.0,0.0178
02/07/2025,12.00.00,0.82,931.5,96.8,1.51,837.3,59.1,1108.1,52.1,1140.6,902.5,26.6,61.8,0.018
02/07/2025,15.00.00,0.82,794.9,142.6,3.42,1009.4,54.1,977.1,17.5,1082.7,812.1,21.6,62.6,0.0174
02/07/2025,18.00.00,1.37,920.2,160.9,3.75,883.0,-200.0,970.7,63.2,1144.4,899.9,20.5,72.8,0.0198
02/07/2025,21.00.00,0.83,852.0,141.2,3.7,994.9,63.1,1211.1,35.5,1111.6,827.0,23.6,68.0,0.0172
03/07/2025,00.00.00,0.66,825.8,149.9,3.11,878.7,51.6,1144.2,24.5,1017.2,807.5,26.5,78.7,0.0192
03/07/2025,03.00.00,0.64,728.6,120.1,1.06,821.7,45.9,1249.5,26.5,950.9,747.5,27.0,76.9,0.0195
03/07/2025,06.00.00,0.61,1005.0,128.9,2.36,852.7,31.5,1202.3,9.6,928.3,675.9,25.6,71.5,0.018
03/07/2025,09.00.00,0.8,835.0,138.9,2.84,984.0,58.7,1151.7,50.1,1086.0,911.4,24.6,64.6,0.0188
03/07/2025,12.00.00,0.49,802.6,88.3,0.96,674.0,36.8,1156.6,36.3,946.4,899.5,22.4,75.1,0.0189
03/07/2025,15.00.00,0.37,708.4,72.5,1.77,839.3,20.4,1278.2,21.1,1016.4,800.3,19.7,60.2,0.0184
03/07/2025,18.00.00,1.04,985.6,135.9,2.62,898.9,62.6,1067.7,57.1,1174.4,854.1,22.0,67.7,0.0183
03/07/2025,21.00.00,0.91,902.3,129.1,2.07,998.3,51.8,1179.2,26.3,1062.1,735.2,24.6,66.6,0.0184
04/07/2025,00.00.00,0.55,841.0,139.4,3.1,1009.2,41.1,1128.5,23.1,1092.3,836.8,24.7,84.1,0.0188
04/07/2025,03.00.00,0.55,845.0,133.9,2.24,923.8,46.8,1048.7,33.7,1101.6,728.0,23.0,81.7,0.0186
04/07/2025,06.00.00,0.76,931.8,79.6,0.44,802.9,48.5,1195.3,38.8,1012.8,839.3,27.4,66.8,0.0195
04/07/2025,09.00.00,0.83,865.6,150.5,3.48,996.7,36.8,1250.4,48.4,1066.2,754.6,26.6,67.3,0.0188
04/07/2025,12.00.00,0.28,694.0,107.0,0.28,670.7,17.0,1324.1,21.2,1043.6,591.3,28.3,59.9,0.0162
04/07/2025,15.00.00,0.52,772.0,95.1,0.28,665.0,43.7,1256.2,36.0,1071.5,934.7,20.1,61.4,0.0177
04/07/2025,18.00.00,0.73,793.7,103.7,0.2,687.0,43.9,1164.4,61.5,1144.9,743.7,21.0,70.8,0.0155
04/07/2025,21.00.00,0.9,927.8,175.7,4.19,896.0,51.3,1165.9,40.8,1001.9,829.0,25.5,-200.0,0.0178
05/07/2025,00.00.00,0.53,928.6,71.2,0.53,700.2,34.7,1198.8,18.6,937.2,794.9,25.4,75.7,0.02
05/07/2025,03.00.00,0.79,997.4,98.8,0.45,704.9,43.1,1163.8,28.5,1054.8,796.4,27.7,73.5,0.0185
05/07/2025,06.00.00,0.65,764.1,113.5,2.39,868.2,36.0,1247.2,13.2,816.1,840.5,27.8,72.1,0.0186
05/07/2025,09.00.00,0.61,916.5,119.0,3.09,859.4,29.4,1434.2,26.9,843.9,736.4,27.3,65.4,0.0143
05/07/2025,12.00.00,0.48,814.9,97.2,1.19,754.9,47.5,1222.1,12.2,997.2,869.1,25.9,60.7,0.017
05/07/2025,15.00.00,0.86,1107.7,181.4,4.17,961.8,68.3,1102.3,-200.0,1010.9,927.3,21.1,60.0,0.0178
05/07/2025,18.00.00,0.73,984.5,166.6,5.26,1247.4,44.4,1240.1,34.3,1070.2,736.6,23.1,73.9,0.0192
05/07/2025,21.00.00,1.22,1065.7,168.2,6.36,1240.4,87.7,773.5,71.9,1297.9,979.7,20.1,68.5,0.0193
06/07/2025,00.00.00,0.77,948.2,125.2,3.71,889.3,50.8,1171.8,42.6,999.4,778.5,25.0,77.0,0.0187
06/07/2025,03.00.00,0.49,885.5,116.7,1.64,794.7,28.1,1332.2,7.8,814.3,702.8,26.9,72.7,0.0183
06/07/2025,06.00.00,0.48,830.0,93.4,1.38,829.9,42.4,1194.8,47.0,1068.8,847.5,26.4,79.7,0.0176
06/07/2025,09.00.00,0.93,869.7,104.5,3.06,950.7,51.8,1137.6,41.6,1018.4,826.8,26.6,60.2,0.0172
06/07/2025,12.00.00,0.57,812.5,99.8,2.27,815.2,38.7,1131.5,26.4,1003.7,842.1,23.4,58.6,0.0158
06/07/2025,15.00.00,0.67,924.2,91.3,0.49,659.2,44.4,1143.2,11.4,983.1,860.0,20.5,58.8,0.0151
06/07/2025,18.00.00,1.03,1033.0,137.6,2.55,876.6,59.4,1036.1,38.7,1077.5,778.4,20.9,68.7,0.0169
06/07/2025,21.00.00,0.49,833.6,78.8,0.31,654.9,27.1,1344.4,35.3,1044.5,833.2,20.5,66.6,0.0198
07/07/2025,00.00.00,0.76,840.7,128.8,2.17,787.0,42.0,1310.2,27.7,1085.0,845.9,24.9,72.6,0.0182
07/07/2025,03.00.00,0.46,751.9,119.9,1.45,784.4,30.1,1404.3,19.7,1025.9,749.2,24.5,65.3,0.0181
07/07/2025,06.00.00,0.97,933.0,100.6,1.8,747.2,57.3,1045.5,37.8,1038.5,862.4,28.6,70.5,0.0177
07/07/2025,09.00.00,0.74,974.6,150.3,4.01,1082.9,49.4,1099.6,24.2,1041.2,902.0,24.5,63.8,0.0156
07/07/2025,12.00.00,0.69,971.8,78.3,0.41,747.6,36.9,1155.5,21.9,879.5,788.4,23.4,54.8,0.0181
07/07/2025,15.00.00,0.7,980.4,118.2,1.67,753.5,55.5,1040.9,48.5,1168.5,1014.6,21.2,68.6,0.0156
07/07/2025,18.00.00,1.14,965.7,146.5,4.21,1010.2,54.9,1045.4,52.9,1113.1,969.0,23.6,58.5,0.0166
07/07/2025,21.00.00,0.86,909.2,143.3,4.53,1056.7,58.0,1068.7,42.7,986.8,882.2,22.8,75.7,0.0187
08/07/2025,00.00.00,0.72,976.4,96.4,0.87,730.6,40.5,1267.5,40.7,1033.8,805.5,23.9,72.3,0.0188
08/07/2025,03.00.00,0.87,826.7,152.9,3.12,960.8,63.2,1026.5,26.6,1079.1,876.7,27.2,82.1,0.0185
08/07/2025,06.00.00,0.56,835.8,94.2,0.36,709.9,28.8,1340.1,8.2,878.9,744.4,23.7,76.8,0.0167
08/07/2025,09.00.00,0.88,1025.9,149.9,3.04,963.2,55.1,1234.0,60.8,1171.9,874.0,26.3,59.9,0.0164
08/07/2025,12.00.00,0.26,756.0,115.2,1.19,848.4,22.6,1309.9,19.8,1040.6,815.9,27.6,54.5,0.016
08/07/2025,15.00.00,0.52,859.9,138.8,3.23,960.1,56.8,1214.3,32.3,1031.0,776.0,22.3,65.3,0.0169
08/07/2025,18.00.00,1.05,970.7,130.5,3.3,892.0,47.1,1055.5,36.7,986.1,886.4,21.3,65.4,0.0191
08/07/2025,21.00.00,0.9,913.4,130.6,3.54,897.5,53.5,1087.6,33.1,1028.1,926.0,23.0,70.7,0.0169
09/07/2025,00.00.00,0.22,907.2,59.8,0.2,759.0,31.0,1260.2,22.0,889.2,833.0,25.6,80.8,0.0196
09/07/2025,03.00.00,0.58,976.3,134.3,2.03,870.5,34.7,1244.5,23.5,959.7,794.9,22.8,73.6,0.0188
09/07/2025,06.00.00,0.29,868.5,93.1,1.0,756.5,7.6,1476.5,5.0,842.5,759.9,24.3,73.0,0.0197
09/07/2025,09.00.00,0.23,925.3,87.8,1.85,850.6,5.0,1295.1,5.0,916.7,805.9,26.6,69.5,0.0181
09/07/2025,12.00.00,-200.0,808.2,120.8,1.24,776.5,46.7,1123.5,31.6,937.6,836.0,22.9,66.7,0.019
09/07/2025,15.00.00,0.2,813.0,107.5,1.45,811.3,7.7,1354.5,5.0,925.8,724.9,24.2,60.1,0.0172
09/07/2025,18.00.00,1.14,1105.6,133.4,2.16,834.8,65.4,1031.7,38.7,1134.0,1045.4,20.6,65.9,0.0184
09/07/2025,21.00.00,1.38,1101.7,157.6,4.53,1138.2,94.3,844.9,79.2,1300.3,1004.5,18.7,66.1,0.0161
10/07/2025,00.00.00,0.75,800.7,94.2,1.45,758.8,39.5,1164.2,46.2,997.7,748.1,21.8,72.0,0.0153
10/07/2025,03.00.00,1.1,931.4,116.5,1.66,757.7,70.5,1028.0,63.1,1105.9,972.5,21.4,80.0,0.0197
10/07/2025,06.00.00,0.54,873.8,110.8,1.27,677.9,36.0,1335.6,28.8,1075.1,836.2,26.6,70.1,0.0188
10/07/2025,09.00.00,0.92,939.0,151.3,4.19,1035.4,69.5,970.7,48.5,1143.1,862.7,25.8,65.7,0.0185
10/07/2025,12.00.00,0.52,951.7,103.3,0.2,738.7,35.2,1289.4,21.1,941.3,728.2,23.3,67.6,0.0175
10/07/2025,15.00.00,0.24,957.6,97.8,0.2,643.8,7.4,1465.0,8.6,900.4,738.8,23.7,55.3,0.0188
10/07/2025,18.00.00,0.87,906.7,107.3,1.05,673.7,52.1,1098.4,36.1,1050.2,852.2,23.0,64.3,0.0172
10/07/2025,21.00.00,1.21,1024.2,182.5,6.62,1294.4,74.8,1046.5,67.6,1042.0,837.4,21.6,73.6,0.0191
11/07/2025,00.00.00,0.85,946.9,108.0,2.6,861.0,52.1,1185.8,11.9,984.4,850.0,20.2,75.0,0.0195
11/07/2025,03.00.00,0.42,849.0,115.6,0.98,828.1,18.4,1340.9,8.4,1009.6,744.6,27.0,81.3,0.0214
11/07/2025,06.00.00,0.64,758.3,88.4,2.29,926.9,44.7,1182.8,35.8,1015.8,829.9,27.8,74.4,0.0183
11/07/2025,09.00.00,1.05,997.9,157.6,4.39,997.0,63.6,1027.5,39.0,956.7,925.3,26.5,66.2,0.0172
11/07/2025,12.00.00,0.9,950.7,140.7,3.25,949.3,46.2,1222.1,26.2,1103.8,715.2,25.5,69.6,0.0165
11/07/2025,15.00.00,0.78,920.4,94.4,-200.0,723.3,68.6,1027.2,48.4,1109.1,827.8,19.8,56.7,0.019
11/07/2025,18.00.00,0.87,835.3,161.4,4.55,1018.6,48.4,1160.1,53.2,1162.5,811.3,24.3,64.5,0.0183
11/07/2025,21.00.00,1.48,1114.5,197.7,6.19,1235.0,86.6,981.3,48.7,1002.4,1052.5,20.1,75.6,0.0193
12/07/2025,00.00.00,0.51,871.3,103.3,1.78,864.2,41.4,1261.7,12.0,855.6,989.8,25.0,70.3,0.0221
12/07/2025,03.00.00,0.57,788.8,113.0,1.1,749.8,27.6,1416.4,7.6,959.5,783.1,23.0,78.7,0.0195
12/07/2025,06.00.00,0.55,775.3,92.3,0.2,640.6,26.7,1207.2,5.0,991.9,783.4,25.2,66.3,0.0164
12/07/2025,09.00.00,0.81,944.2,113.0,1.98,717.2,59.5,1106.7,-200.0,941.9,707.5,28.5,66.8,0.0178
12/07/2025,12.00.00,0.7,934.0,113.3,2.54,854.7,42.6,1068.2,16.7,959.6,891.2,23.3,67.6,0.0169
12/07/2025,15.00.00,-200.0,828.5,133.0,3.02,967.3,35.1,1343.0,34.1,925.3,836.8,23.1,63.1,-200.0
12/07/2025,18.00.00,0.63,908.4,169.9,3.23,883.4,34.6,1230.3,26.4,956.3,823.8,21.2,57.6,0.0167
12/07/2025,21.00.00,1.09,977.0,140.5,3.99,1099.8,73.0,1011.2,53.6,1096.2,831.7,21.5,-200.0,0.0174
13/07/2025,00.00.00,0.72,896.3,175.0,4.0,998.1,37.6,1216.3,13.7,989.2,951.3,26.0,77.0,0.0173
13/07/2025,03.00.00,0.46,805.8,97.8,2.45,893.7,27.7,1269.7,23.5,846.6,889.5,25.4,75.6,0.0207
13/07/2025,06.00.00,-200.0,947.9,99.8,1.82,800.8,50.9,1086.9,50.3,1193.7,873.3,23.6,59.6,0.0177
13/07/2025,09.00.00,0.86,961.2,177.2,5.85,1141.3,54.1,1224.6,32.7,1018.7,931.7,24.4,72.6,0.0183
13/07/2025,12.00.00,0.33,878.8,97.8,0.2,693.2,20.7,1348.2,30.1,1110.9,765.6,24.6,62.1,0.0185
13/07/2025,15.00.00,0.33,781.2,84.4,0.2,636.1,27.7,1324.1,20.8,1032.3,840.7,22.2,-200.0,0.0178
13/07/2025,18.00.00,0.82,805.2,146.4,2.59,850.7,51.1,1090.0,39.9,1119.1,761.8,18.0,74.2,0.019
13/07/2025,21.00.00,1.43,977.2,152.2,4.29,926.9,97.8,852.3,72.6,1332.0,834.2,20.3,70.2,0.0191
14/07/2025,00.00.00,0.84,965.7,116.3,2.06,917.3,55.5,1113.4,38.3,998.6,777.7,22.5,73.3,0.0188
14/07/2025,03.00.00,0.59,943.1,114.3,2.18,857.5,27.2,1328.1,35.4,1051.2,725.1,25.0,77.5,0.0198
14/07/2025,06.00.00,0.96,956.0,162.9,2.92,987.8,65.7,1111.7,45.9,1014.4,852.0,24.2,81.5,0.0202
14/07/2025,09.00.00,0.71,853.5,111.3,2.67,938.2,41.9,1128.4,39.4,1050.3,857.0,24.6,74.4,0.0189
14/07/2025,12.00.00,0.58,813.5,111.8,2.19,919.1,47.2,1217.7,25.0,1050.5,823.4,22.3,64.9,0.0176
14/07/2025,15.00.00,0.74,887.1,68.9,0.2,638.0,49.2,1076.1,38.9,1134.5,845.7,22.7,64.3,0.0196
14/07/2025,18.00.00,0.6,871.7,95.1,0.36,608.6,30.6,1194.0,17.4,942.9,708.9,21.9,70.3,0.0178
14/07/2025,21.00.00,0.78,970.9,105.9,2.39,918.8,45.6,1184.8,37.3,965.0,747.7,21.2,66.7,0.0185
15/07/2025,00.00.00,0.49,825.7,111.0,0.2,676.5,27.0,1171.3,45.6,1087.4,783.9,-200.0,79.8,0.0197
15/07/2025,03.00.00,0.72,859.0,112.8,1.76,791.1,45.2,1096.9,5.0,860.3,797.6,25.8,71.5,0.0177
15/07/2025,06.00.00,0.6,1015.8,146.3,3.34,1007.9,36.7,1340.6,25.1,959.9,810.5,25.0,73.6,0.0177
15/07/2025,09.00.00,0.95,1022.8,149.1,3.45,994.7,60.9,1204.9,48.5,1140.9,920.7,23.6,65.9,0.0175
15/07/2025,12.00.00,0.31,775.7,83.3,0.2,704.1,22.8,1469.1,11.9,981.5,883.2,21.8,66.0,0.0173
15/07/2025,15.00.00,0.72,989.2,109.6,1.54,740.4,55.5,1158.8,32.3,1087.7,864.9,20.2,64.5,0.0161
15/07/2025,18.00.00,1.11,854.7,187.2,5.88,1262.8,67.4,1114.7,50.7,1079.2,1029.1,18.4,53.6,0.016
15/07/2025,21.00.00,1.08,898.8,193.8,5.89,1209.0,72.2,1026.7,50.2,1171.6,945.0,21.6,73.5,0.0189
16/07/2025,00.00.00,0.38,822.9,105.6,2.11,909.9,30.9,1217.2,21.4,986.6,841.1,24.5,78.5,0.0206
16/07/2025,03.00.00,1.12,929.2,89.6,1.36,832.4,71.9,1110.4,39.7,1038.8,989.3,22.7,79.7,0.0198
16/07/2025,06.00.00,0.56,910.9,134.7,2.36,911.7,44.2,1288.0,47.6,1013.6,883.0,26.3,70.5,0.0152
16/07/2025,09.00.00,0.75,897.9,136.2,3.12,940.5,41.4,1256.0,31.1,878.3,768.0,25.0,74.1,0.0194
16/07/2025,12.00.00,0.24,872.2,55.8,0.33,720.4,6.6,1299.6,9.8,829.8,795.8,23.9,63.5,0.017
16/07/2025,15.00.00,0.38,816.9,77.9,0.28,737.9,-200.0,1324.0,6.6,941.6,738.2,21.1,65.4,0.0184
16/07/2025,18.00.00,0.58,895.5,148.1,2.51,921.5,47.6,1100.4,46.8,1023.8,863.9,17.8,74.6,0.0187
16/07/2025,21.00.00,1.0,925.1,125.4,2.66,913.7,58.4,1082.2,51.5,990.9,884.4,19.0,76.4,0.0186
17/07/2025,00.00.00,0.74,791.1,79.3,0.4,727.3,39.5,1333.6,28.7,985.3,898.5,23.2,71.8,0.0183
17/07/2025,03.00.00,0.7,917.2,121.2,3.53,956.6,42.1,1093.7,15.8,982.8,853.7,27.0,62.0,0.0176
17/07/2025,06.00.00,0.28,840.6,115.2,2.43,964.1,30.5,1421.2,11.4,974.5,694.4,22.4,71.6,0.0201
17/07/2025,09.00.00,0.94,862.4,103.2,2.26,771.8,40.0,1244.2,49.6,1096.5,966.3,25.9,69.1,0.0182
17/07/2025,12.00.00,0.56,837.9,133.9,2.64,902.2,49.2,1116.9,22.8,987.1,905.9,25.2,59.2,0.0186
17/07/2025,15.00.00,0.84,872.2,144.6,3.55,964.8,68.5,1063.1,48.9,1057.7,866.9,20.8,67.4,0.0192
17/07/2025,18.00.00,0.79,878.2,171.6,5.39,1126.9,39.5,1147.5,23.1,1036.6,739.0,21.1,67.7,0.0189
17/07/2025,21.00.00,1.23,1070.2,163.6,5.28,1168.5,76.3,974.7,65.4,1149.2,995.4,19.9,80.4,0.0171
18/07/2025,00.00.00,0.38,992.4,137.2,1.9,769.0,20.1,1305.6,5.6,917.0,688.9,22.9,75.1,0.0201
18/07/2025,03.00.00,0.36,652.3,88.6,1.07,869.7,22.7,1260.2,5.0,992.6,824.1,22.4,80.0,0.0187
18/07/2025,06.00.00,0.58,904.0,81.0,0.64,636.7,25.9,1196.0,8.9,991.1,852.4,22.1,76.7,0.0198
18/07/2025,09.00.00,0.98,984.8,170.4,5.22,1093.9,61.4,1075.2,40.5,1049.2,838.8,26.8,72.1,0.0173
18/07/2025,12.00.00,0.27,817.9,114.9,2.03,785.1,27.7,1156.5,21.2,961.9,731.3,21.4,55.3,0.0156
18/07/2025,15.00.00,0.61,938.6,94.9,0.43,701.6,31.6,1140.0,20.3,957.8,762.0,20.2,-200.0,0.0199
18/07/2025,18.00.00,0.91,1025.5,161.3,3.74,1061.5,53.3,1030.9,30.1,878.9,790.7,17.7,73.7,0.0175
18/07/2025,21.00.00,1.2,847.4,180.3,4.86,1140.7,67.9,1194.1,49.8,1176.1,919.8,18.5,82.6,0.0208
19/07/2025,00.00.00,0.64,886.3,120.0,0.2,750.0,37.0,1247.6,11.5,898.0,837.0,22.6,77.9,0.0192
19/07/2025,03.00.00,1.24,1085.3,92.8,2.12,806.3,71.8,1088.7,51.0,1163.6,966.3,23.8,75.1,0.0183
19/07/2025,06.00.00,0.4,761.9,111.6,1.57,835.0,25.1,1275.3,23.8,998.3,717.0,26.6,74.6,0.0187
19/07/2025,09.00.00,-200.0,892.3,84.8,0.7,699.8,49.1,1195.0,38.2,1150.2,906.1,25.8,69.7,0.0167
19/07/2025,12.00.00,0.6,840.0,113.7,0.2,681.5,34.5,1321.3,24.1,1033.6,734.5,23.5,60.4,0.0174
19/07/2025,15.00.00,0.65,952.2,115.2,1.81,882.7,47.4,1195.7,46.9,1151.5,900.9,21.2,64.8,0.0165
19/07/2025,18.00.00,1.28,1037.2,138.9,4.96,1028.4,79.4,1134.3,55.6,1081.1,834.1,22.6,71.7,0.018
19/07/2025,21.00.00,1.08,941.5,187.3,5.6,1291.7,92.4,935.2,55.8,1033.3,1086.8,19.0,84.0,0.0207
20/07/2025,00.00.00,0.57,870.3,147.2,3.51,975.5,35.8,1268.8,28.0,1022.3,770.9,22.7,80.3,0.0195
20/07/2025,03.00.00,0.63,755.0,127.1,1.99,750.5,42.0,1246.4,14.7,824.6,867.9,26.9,74.5,0.0169
20/07/2025,06.00.00,0.61,972.8,94.7,1.42,747.0,41.5,1117.8,23.6,961.8,872.1,28.0,69.5,0.0193
20/07/2025,09.00.00,1.0,895.2,127.8,2.38,881.8,70.0,1053.5,45.4,998.3,821.1,22.5,70.6,0.0183
20/07/2025,12.00.00,0.66,869.4,98.6,1.26,731.3,38.2,1061.7,16.7,907.9,873.0,22.3,62.5,0.017
20/07/2025,15.00.00,0.57,936.6,119.6,2.76,799.4,42.4,1177.5,23.8,1036.9,788.7,23.0,62.7,0.0185
20/07/2025,18.00.00,1.23,961.4,181.8,5.37,1165.6,81.5,970.1,67.5,1207.3,923.1,20.7,61.9,0.0174
20/07/2025,21.00.00,1.27,1022.7,170.7,4.91,1076.7,84.3,951.6,71.3,1173.8,905.9,21.0,79.5,0.0178
21/07/2025,00.00.00,0.98,959.6,161.6,3.66,1033.1,66.7,1034.1,50.6,1124.8,1012.9,22.3,71.2,0.0206
21/07/2025,03.00.00,0.75,904.5,140.1,3.32,906.2,39.6,1242.8,27.9,973.9,737.0,24.2,74.2,0.0187
21/07/2025,06.00.00,0.52,884.2,115.8,1.49,915.6,31.0,1174.0,16.7,1136.5,823.2,26.2,71.6,0.0183
21/07/2025,09.00.00,0.41,771.1,110.7,2.71,936.0,6.1,1518.5,5.0,941.1,674.5,24.4,76.3,0.0184
21/07/2025,12.00.00,0.42,840.4,105.4,0.25,684.7,25.0,1320.6,19.1,935.3,851.2,22.6,60.7,0.0189
21/07/2025,15.00.00,0.47,932.4,94.7,1.46,823.2,34.4,1163.5,5.0,981.3,965.8,20.7,-200.0,0.0168
21/07/2025,18.00.00,0.84,837.4,138.8,2.51,788.6,50.9,1197.3,20.3,1068.1,808.5,18.6,66.1,0.0161
21/07/2025,21.00.00,-200.0,888.5,177.4,5.19,1115.8,76.4,1097.5,53.8,1060.9,939.1,21.5,81.0,0.0185
22/07/2025,00.00.00,0.22,765.2,85.6,0.2,767.1,5.0,1404.5,5.7,823.7,688.0,27.6,59.0,0.0189
22/07/2025,03.00.00,0.47,867.0,106.5,0.84,711.9,27.2,1183.7,12.3,863.9,854.2,21.7,73.2,0.0196
22/07/2025,06.00.00,0.53,962.2,51.5,0.2,665.5,38.4,1387.1,39.1,1009.7,797.7,26.1,84.8,0.0193
22/07/2025,09.00.00,1.14,975.6,160.7,-200.0,1095.8,76.7,1067.8,60.2,1136.8,993.4,23.4,70.1,0.02
22/07/2025,12.00.00,0.25,677.7,138.5,2.63,980.2,25.1,1174.5,13.1,838.3,747.6,23.6,56.6,0.018
22/07/2025,15.00.00,0.68,927.1,168.0,3.29,948.9,48.8,1172.9,44.1,1047.1,1003.4,20.6,63.4,0.0174
22/07/2025,18.00.00,1.09,900.1,169.0,4.97,1052.9,70.9,1027.9,67.6,1155.9,759.3,20.9,67.4,0.0179
22/07/2025,21.00.00,1.37,1000.7,139.2,5.32,1297.3,78.1,1010.1,61.5,1168.9,960.6,22.5,76.2,0.0193
23/07/2025,00.00.00,0.79,884.7,124.4,2.73,833.6,42.0,1094.6,18.3,1015.9,825.2,22.8,85.8,0.0187
23/07/2025,03.00.00,0.57,808.5,128.7,2.76,906.4,44.8,1180.1,22.3,1017.3,831.3,26.5,76.5,0.0189
23/07/2025,06.00.00,0.42,845.7,129.8,1.84,778.4,22.8,1219.6,5.0,1045.5,788.3,21.5,71.9,0.0188
23/07/2025,09.00.00,0.82,867.4,118.4,2.09,810.1,46.2,1141.1,36.2,1121.5,842.7,27.3,68.1,0.0161
23/07/2025,12.00.00,0.45,875.3,81.1,1.13,698.7,30.4,1279.1,8.3,948.9,806.5,23.1,59.0,0.0171
23/07/2025,15.00.00,0.71,823.3,138.2,2.43,850.9,52.1,1101.5,29.0,948.1,884.8,22.2,57.2,0.0168
23/07/2025,18.00.00,0.89,827.9,142.5,3.0,989.2,57.9,1087.5,46.5,1038.6,996.0,17.4,60.9,0.0187
23/07/2025,21.00.00,1.27,1003.6,106.9,2.08,742.9,70.2,1114.7,31.7,926.7,717.0,19.0,66.8,0.0158
24/07/2025,00.00.00,0.55,943.5,95.2,0.24,742.5,38.4,1137.2,11.1,955.3,944.3,22.6,72.2,0.018
24/07/2025,03.00.00,0.7,924.8,113.3,2.3,928.8,45.1,1122.7,22.9,1014.7,1014.4,24.5,70.2,0.0177
24/07/2025,06.00.00,0.22,780.5,117.9,2.35,901.7,28.2,1158.8,16.9,1030.2,661.9,25.9,72.9,0.0197
24/07/2025,09.00.00,1.22,894.5,148.2,4.23,1058.6,75.9,954.5,50.1,1119.3,931.1,26.3,58.9,0.0173
24/07/2025,12.00.00,0.78,845.6,173.6,5.46,1183.7,47.5,1172.6,26.8,1080.9,938.6,19.4,49.6,0.0186
24/07/2025,15.00.00,0.83,961.4,129.6,2.0,918.3,69.0,1106.3,35.7,1118.0,971.2,21.9,57.4,0.018
24/07/2025,18.00.00,0.82,840.9,120.1,3.72,907.0,52.9,1070.8,26.3,933.3,976.1,19.4,65.9,0.0174
24/07/2025,21.00.00,1.03,985.4,188.6,5.11,1175.5,61.4,1142.0,40.7,1026.5,910.1,19.9,70.9,0.0187
25/07/2025,00.00.00,0.58,914.7,134.5,2.88,882.5,35.6,1230.5,19.9,978.9,664.4,19.8,86.5,0.0194
25/07/2025,03.00.00,0.75,976.1,126.7,2.92,972.7,47.4,1052.4,26.3,955.7,933.5,25.2,72.5,0.0196
25/07/2025,06.00.00,0.51,936.2,130.5,2.79,881.1,33.4,1246.9,21.8,970.3,844.7,21.2,79.3,0.0175
25/07/2025,09.00.00,0.99,957.0,120.3,2.99,973.3,47.3,1259.2,41.5,1087.1,944.5,25.5,65.5,0.0169
25/07/2025,12.00.00,0.54,761.7,124.4,3.83,928.2,40.7,1045.3,32.0,1019.5,714.6,19.7,64.8,0.0184
25/07/2025,15.00.00,0.87,947.1,127.8,3.39,879.0,41.1,1354.8,19.2,976.7,738.2,20.2,59.7,0.0188
25/07/2025,18.00.00,1.12,942.3,98.3,2.6,890.4,62.6,1037.9,31.1,958.3,889.1,19.1,68.2,0.0155
25/07/2025,21.00.00,1.18,915.0,138.4,4.37,1144.4,70.8,913.9,64.6,1194.0,1005.8,22.1,68.4,0.0198
26/07/2025,00.00.00,0.26,926.7,59.3,0.2,698.5,18.7,1317.7,15.4,992.1,868.9,21.8,78.1,0.0189
26/07/2025,03.00.00,0.62,863.6,157.6,3.29,991.6,32.5,1303.9,10.6,889.1,746.8,23.1,76.0,0.0166
26/07/2025,06.00.00,0.68,844.9,99.4,2.15,901.2,41.7,1169.0,28.6,924.1,796.7,24.3,67.8,0.0145
26/07/2025,09.00.00,0.7,962.1,167.6,4.9,1093.6,55.1,1149.3,52.9,1197.5,1066.4,26.4,69.8,0.0164
26/07/2025,12.00.00,0.32,809.9,117.5,1.15,793.2,28.6,1426.8,35.0,1162.3,747.0,23.1,64.7,0.0178
26/07/2025,15.00.00,0.83,858.8,98.6,0.32,648.8,56.7,1133.1,37.6,1067.0,917.3,19.4,62.3,0.0175
26/07/2025,18.00.00,0.89,827.6,191.2,6.42,1242.9,54.6,1365.4,52.5,1084.6,832.3,18.7,69.4,0.019
26/07/2025,21.00.00,1.11,875.2,153.7,4.34,1051.5,75.1,1125.7,42.5,1143.1,958.5,17.4,75.4,0.0181
27/07/2025,00.00.00,0.57,817.2,86.3,0.2,639.0,27.8,1265.2,16.9,1000.4,722.7,22.7,72.3,0.0172
27/07/2025,03.00.00,0.38,889.4,158.6,2.61,894.1,27.4,1286.4,13.6,939.8,723.5,21.2,79.0,0.0186
27/07/2025,06.00.00,0.5,788.9,158.9,4.04,1019.7,35.5,1197.1,25.4,1069.4,780.4,26.3,67.9,0.0182
27/07/2025,09.00.00,0.63,745.1,131.1,2.28,827.7,38.3,1228.5,47.9,1034.7,776.7,24.4,61.7,0.0178
27/07/2025,12.00.00,0.58,890.5,141.1,1.5,785.1,36.1,1264.6,24.9,951.1,786.9,26.1,52.1,0.0157
27/07/2025,15.00.00,0.59,827.0,133.3,2.73,918.0,54.4,1095.9,24.3,1022.7,899.9,18.0,63.7,0.0188
27/07/2025,18.00.00,1.37,963.7,166.9,3.87,957.4,97.9,800.1,56.1,1132.3,1126.0,18.9,71.4,0.0177
27/07/2025,21.00.00,0.57,958.0,120.3,1.84,847.7,41.5,1298.1,50.2,1145.4,783.2,23.0,68.1,0.0171
28/07/2025,00.00.00,0.72,890.8,165.1,4.34,1035.2,48.9,1233.1,35.5,1125.5,777.7,24.0,88.3,0.0193
28/07/2025,03.00.00,0.77,997.6,99.6,1.89,840.5,45.5,1058.9,32.7,922.2,837.3,22.9,81.8,0.0206
28/07/2025,06.00.00,0.51,856.2,66.7,0.2,632.4,24.5,1291.4,11.7,949.6,713.8,25.3,78.3,0.0189
28/07/2025,09.00.00,0.46,925.4,96.1,1.32,833.1,23.6,1364.3,25.3,1134.3,656.3,24.1,70.6,0.0175
28/07/2025,12.00.00,1.11,895.1,179.1,4.77,1155.6,77.4,1087.1,38.1,1010.6,1006.6,-200.0,72.3,0.0196
28/07/2025,15.00.00,0.54,872.9,96.1,0.2,611.3,37.8,1155.7,27.3,959.1,818.9,18.6,61.1,0.0201
28/07/2025,18.00.00,1.31,891.9,184.3,4.68,1123.6,79.5,1081.2,45.5,925.2,950.9,18.8,55.9,0.0173
28/07/2025,21.00.00,1.09,873.8,204.8,6.94,1389.0,70.8,1047.1,48.3,1100.4,777.6,17.1,73.8,0.0201
29/07/2025,00.00.00,0.2,808.3,145.7,3.2,902.2,17.0,1345.9,5.0,960.6,710.2,22.1,79.9,0.0204
29/07/2025,03.00.00,0.78,800.9,138.0,2.77,865.3,46.2,1095.2,5.0,960.5,739.6,24.7,76.7,0.0182
29/07/2025,06.00.00,0.89,918.5,161.3,4.61,1128.2,67.3,723.0,38.3,980.4,900.4,24.4,73.8,0.0187
29/07/2025,09.00.00,1.06,905.8,173.8,5.48,1098.8,69.2,992.0,41.9,1067.0,916.9,21.2,75.4,0.0172
29/07/2025,12.00.00,0.53,879.6,80.5,1.26,727.4,31.5,1285.6,17.4,985.1,803.7,23.5,64.1,0.0175
29/07/2025,15.00.00,0.41,756.9,126.5,2.71,851.9,35.6,1205.5,22.1,992.0,760.1,20.3,67.8,0.0173
29/07/2025,18.00.00,1.13,984.4,191.1,6.26,1285.5,73.6,1084.2,71.3,1108.5,861.0,17.6,64.9,0.0174
29/07/2025,21.00.00,1.02,1040.7,132.6,1.98,799.8,59.9,1189.2,-200.0,1098.1,866.1,19.2,68.9,0.0173
30/07/2025,00.00.00,0.92,1014.2,159.8,3.41,958.0,60.3,1071.9,40.8,1006.0,906.0,19.2,87.4,0.0195
30/07/2025,03.00.00,0.87,1037.4,143.1,3.38,930.3,65.6,1037.9,45.6,951.4,856.1,22.1,78.4,0.0197
30/07/2025,06.00.00,0.38,848.2,123.4,0.69,779.0,12.7,1161.8,16.6,1014.0,672.4,23.8,69.8,0.0181
30/07/2025,09.00.00,0.91,884.4,150.0,3.73,957.1,64.7,952.6,52.7,1120.5,831.6,25.9,62.1,0.0154
30/07/2025,12.00.00,0.48,892.1,129.9,1.91,754.1,36.3,1111.3,25.3,1042.7,762.8,20.6,61.1,0.0166
30/07/2025,15.00.00,0.67,863.9,124.2,2.54,811.9,48.1,1204.2,36.9,1010.2,812.5,20.7,60.0,0.0156
30/07/2025,18.00.00,0.97,794.0,148.9,4.78,1141.9,58.5,1081.6,20.0,1024.0,798.8,17.8,63.0,0.018
30/07/2025,21.00.00,1.12,992.2,160.2,4.81,1149.1,76.4,975.2,76.3,1276.6,898.1,20.0,66.3,0.0186
31/07/2025,00.00.00,0.84,883.8,137.0,1.94,903.0,-200.0,1108.8,45.6,1205.0,930.1,21.4,76.7,0.0192
31/07/2025,03.00.00,0.4,745.9,79.6,0.2,599.6,20.4,1235.7,14.8,1016.2,740.6,25.2,72.6,0.0176
31/07/2025,06.00.00,0.7,848.6,100.1,1.5,780.2,46.0,1243.8,14.4,984.5,751.3,23.7,78.5,0.0194
31/07/2025,09.00.00,0.86,888.6,139.7,3.32,1099.2,49.1,1162.0,50.5,1005.6,689.2,21.1,70.4,0.0178
31/07/2025,12.00.00,0.49,859.5,78.8,0.26,658.1,24.6,1356.3,8.3,925.8,902.4,19.3,66.7,0.0166
31/07/2025,15.00.00,0.79,896.7,162.7,3.6,961.1,54.8,950.5,39.3,957.7,944.2,18.6,61.4,0.0184
31/07/2025,18.00.00,1.2,1039.6,208.5,5.57,1177.6,94.4,970.4,53.7,1057.6,1003.3,16.5,69.8,0.0193
31/07/2025,21.00.00,0.88,815.1,153.8,4.09,1068.0,42.7,1147.8,56.7,1263.8,909.5,20.2,75.5,0.0199
01/08/2025,00.00.00,0.72,875.9,112.2,1.34,805.6,46.8,1143.3,14.6,886.8,877.4,20.7,81.7,0.0186
01/08/2025,03.00.00,0.6,810.1,103.4,0.49,662.6,33.0,1343.1,21.2,820.7,793.8,27.7,73.3,0.02
01/08/2025,06.00.00,0.72,974.9,148.1,3.69,968.7,51.8,1109.9,10.9,1000.5,768.5,21.6,80.0,0.0186
01/08/2025,09.00.00,0.72,846.8,128.6,3.43,959.7,55.0,1164.2,41.7,1019.7,998.7,24.0,66.7,0.0188
01/08/2025,12.00.00,0.2,799.9,85.1,0.63,669.4,19.3,1221.9,7.7,984.7,727.4,19.6,69.1,0.0176
01/08/2025,15.00.00,0.25,903.5,116.9,1.71,744.4,19.3,1306.2,23.4,911.5,731.2,18.5,62.7,0.0174
01/08/2025,18.00.00,1.21,1037.5,177.2,5.07,1231.1,77.3,886.4,51.6,1076.8,934.4,18.7,59.6,0.0145
01/08/2025,21.00.00,1.13,1038.8,90.3,2.07,823.9,61.6,1087.3,57.6,1214.1,888.7,15.4,78.6,0.0187
02/08/2025,00.00.00,0.68,766.9,137.6,3.56,969.2,42.2,1219.6,-200.0,871.3,867.0,21.8,81.0,0.0194
02/08/2025,03.00.00,0.78,927.5,110.5,2.31,851.6,62.2,1177.4,35.8,1031.2,918.8,26.8,77.3,0.0185
02/08/2025,06.00.00,0.21,844.6,140.6,2.63,895.5,13.1,1268.9,5.5,942.5,699.0,23.6,75.1,0.0209
02/08/2025,09.00.00,1.06,923.3,101.3,1.77,841.6,57.0,1072.6,48.3,1042.9,872.8,24.0,65.0,0.0165
02/08/2025,12.00.00,0.69,887.4,128.2,3.06,915.5,59.6,1050.4,40.6,1079.5,916.9,23.1,58.4,0.0166
02/08/2025,15.00.00,1.06,1017.4,117.8,2.51,951.5,60.8,1075.6,44.9,1080.8,836.1,19.0,67.5,0.017
02/08/2025,18.00.00,1.01,993.8,102.3,0.58,737.7,47.7,1084.3,40.2,1098.4,944.4,17.4,71.8,0.0178
02/08/2025,21.00.00,1.13,998.2,167.7,4.07,1025.9,55.1,952.1,48.8,1224.0,863.8,15.4,74.5,0.0199
03/08/2025,00.00.00,0.82,912.6,91.0,0.2,632.4,52.6,1053.6,23.6,1181.8,969.7,22.4,82.4,0.0212
03/08/2025,03.00.00,0.95,1072.8,147.8,2.85,980.1,71.0,1040.9,47.9,1124.2,815.7,23.2,72.6,0.0177
03/08/2025,06.00.00,0.56,839.6,149.4,2.83,909.6,33.4,1221.4,36.8,1039.3,845.9,22.6,70.9,0.0175
03/08/2025,09.00.00,0.96,801.6,96.9,2.45,814.4,50.8,1190.2,22.7,1021.6,790.1,23.6,-200.0,0.0174
03/08/2025,12.00.00,0.71,866.3,113.1,1.35,834.2,54.0,1197.1,38.4,1037.3,817.7,20.3,68.9,0.0198
03/08/2025,15.00.00,0.72,890.4,140.0,3.64,956.2,59.6,1065.9,43.7,963.8,942.2,18.3,63.5,0.0191
03/08/2025,18.00.00,1.02,1014.1,124.6,3.53,1032.8,67.3,936.9,64.3,1154.0,885.8,19.3,69.7,0.0181
03/08/2025,21.00.00,0.87,868.2,127.1,2.88,785.7,57.1,1146.7,50.7,1178.4,1053.1,16.9,76.9,0.0172
04/08/2025,00.00.00,0.69,917.0,149.0,3.22,936.0,37.6,1211.0,24.3,894.8,849.2,23.0,-200.0,0.0161
04/08/2025,03.00.00,0.73,783.6,120.7,-200.0,813.5,54.4,1107.1,38.1,983.3,814.6,20.9,74.2,0.0189
04/08/2025,06.00.00,0.88,981.6,99.9,2.23,862.0,61.8,1188.7,31.0,983.1,921.7,23.1,73.2,0.0192
04/08/2025,09.00.00,0.84,905.5,156.7,3.74,1038.6,42.3,1224.4,30.4,1047.5,810.4,26.6,63.0,0.0152
04/08/2025,12.00.00,0.65,858.2,113.1,0.2,619.4,33.9,1240.5,7.6,1096.9,859.8,23.1,63.7,0.0173
04/08/2025,15.00.00,0.47,1006.1,167.9,3.36,988.0,27.2,1276.9,31.8,970.4,761.0,19.2,70.2,0.0203
04/08/2025,18.00.00,1.45,1048.3,116.4,4.9,1115.8,96.9,983.4,72.6,1196.8,1019.2,16.6,68.7,0.0179
04/08/2025,21.00.00,0.94,840.6,200.0,4.85,1124.4,66.7,1011.2,40.2,1061.3,914.1,18.2,69.9,0.0201
05/08/2025,00.00.00,0.86,895.2,154.6,3.34,1079.7,51.0,1074.5,34.3,1016.3,858.5,21.2,79.4,0.0199
05/08/2025,03.00.00,0.65,1069.3,68.1,1.26,841.9,32.2,1220.5,31.5,1022.8,869.4,23.3,75.4,0.0175
05/08/2025,06.00.00,0.25,967.9,78.6,0.56,746.8,25.2,1179.7,25.6,969.7,649.4,23.9,72.0,0.0181
05/08/2025,09.00.00,0.58,933.8,123.2,1.35,822.9,13.5,1329.1,7.1,1120.3,747.2,23.2,65.8,0.0178
05/08/2025,12.00.00,0.2,694.7,109.1,1.32,725.1,10.3,1356.5,5.0,972.5,681.7,20.7,75.5,0.0177
05/08/2025,15.00.00,1.18,1034.4,118.8,2.63,874.1,84.8,970.6,56.5,1094.1,859.9,16.5,55.4,0.0158
05/08/2025,18.00.00,1.22,901.4,134.6,2.98,848.5,80.5,968.8,49.0,1178.9,882.7,17.2,67.9,0.0199
05/08/2025,21.00.00,0.94,1005.7,181.6,5.19,1073.3,58.0,1242.3,50.2,1118.7,830.6,20.5,73.4,0.0174
06/08/2025,00.00.00,0.46,804.8,78.8,0.42,640.8,28.8,1331.0,27.4,1013.6,770.1,18.7,75.8,0.0201
06/08/2025,03.00.00,0.25,863.8,99.1,1.17,759.5,16.5,1309.5,21.4,972.8,773.3,22.8,81.9,0.0188
06/08/2025,06.00.00,0.76,846.5,127.5,1.89,762.2,47.4,1170.5,46.8,1069.8,880.1,22.6,77.9,0.019
06/08/2025,09.00.00,1.12,908.4,141.5,4.0,1027.8,75.3,1133.6,67.0,1082.8,897.3,23.3,67.0,0.0187
06/08/2025,12.00.00,0.38,889.2,117.4,3.21,946.3,-200.0,1187.5,38.0,935.0,910.3,20.3,-200.0,0.017
06/08/2025,15.00.00,0.62,782.5,110.1,2.2,797.0,51.3,1066.5,45.6,1108.2,827.8,21.4,62.4,0.0183
06/08/2025,18.00.00,0.94,1078.8,129.1,3.47,1063.7,68.9,1073.8,65.4,1148.0,770.4,18.9,68.1,0.0157
06/08/2025,21.00.00,1.05,854.0,136.5,3.64,923.4,70.4,1081.1,51.2,1166.4,887.1,16.6,75.9,0.0194
07/08/2025,00.00.00,0.99,842.8,97.4,2.41,940.1,66.9,1104.6,28.6,952.1,904.0,22.0,76.2,0.0159
07/08/2025,03.00.00,0.5,903.4,97.8,0.79,601.1,35.4,1289.0,46.8,1010.3,577.2,21.7,79.5,0.0189
07/08/2025,06.00.00,0.85,992.5,123.6,1.7,803.8,51.1,1085.8,32.3,1083.6,937.9,22.9,77.3,0.02
07/08/2025,09.00.00,0.86,880.5,161.5,5.2,1078.5,53.5,1019.7,53.5,1093.2,853.6,23.6,60.9,0.0182
07/08/2025,12.00.00,0.48,782.9,112.9,2.37,839.2,33.7,1184.7,15.4,1021.5,720.4,20.1,59.5,0.0158
07/08/2025,15.00.00,-200.0,847.2,125.8,2.7,1006.1,69.2,1100.4,52.6,1112.6,840.5,20.3,55.1,0.0156
07/08/2025,18.00.00,1.23,875.5,158.4,5.11,1116.6,69.7,978.0,26.7,1138.4,962.3,16.6,74.6,0.0179
07/08/2025,21.00.00,0.74,910.1,116.5,1.21,704.1,51.4,988.2,35.8,1096.0,916.1,17.7,76.8,0.0191
08/08/2025,00.00.00,1.1,926.5,149.2,4.59,1112.6,65.3,1085.2,39.5,1086.6,850.4,19.7,81.4,0.0169
08/08/2025,03.00.00,0.84,930.9,141.9,3.88,998.7,51.6,1096.6,36.6,1102.5,759.9,22.0,70.9,0.0184
08/08/2025,06.00.00,0.93,937.2,170.1,5.64,1194.0,65.7,933.4,51.4,1086.7,906.2,25.7,80.4,0.0196
08/08/2025,09.00.00,0.41,907.2,135.4,2.24,812.4,5.0,1381.0,5.0,805.0,737.0,24.0,63.6,0.0174
08/08/2025,12.00.00,0.69,853.5,126.8,2.79,867.5,50.4,1117.3,37.8,1076.5,890.6,23.7,62.9,0.0183
08/08/2025,15.00.00,0.77,840.3,179.5,3.87,974.2,51.5,1276.4,44.2,1212.8,815.2,22.5,66.4,0.0182
08/08/2025,18.00.00,0.92,921.3,135.8,2.81,960.5,61.3,1100.8,69.4,1017.4,875.2,16.1,65.8,0.0173
08/08/2025,21.00.00,1.23,944.3,163.2,3.66,984.9,74.0,1076.8,61.0,1176.7,923.5,18.8,72.0,0.0162
09/08/2025,00.00.00,0.73,904.8,117.7,2.36,817.0,54.3,1127.3,29.0,908.7,930.5,18.7,80.5,0.0194
09/08/2025,03.00.00,-200.0,846.3,138.6,4.04,1042.6,53.3,1085.9,20.3,979.6,952.8,21.5,92.6,0.0192
09/08/2025,06.00.00,0.67,925.7,92.7,0.73,723.9,39.1,1165.5,42.5,1075.7,929.3,22.6,75.3,0.0181
09/08/2025,09.00.00,1.25,867.9,123.5,2.98,964.9,74.2,1115.7,61.4,1197.7,1013.7,21.0,76.9,0.0195
09/08/2025,12.00.00,0.79,863.7,105.1,3.06,914.4,61.7,1151.2,38.1,1066.9,1012.1,18.9,71.7,0.0202
09/08/2025,15.00.00,0.82,977.1,152.6,3.19,948.8,51.8,1022.1,15.9,1059.7,926.2,18.3,-200.0,0.018
09/08/2025,18.00.00,1.09,851.4,143.6,3.51,1006.5,78.9,905.4,47.6,1172.2,895.6,15.6,66.1,0.0186
09/08/2025,21.00.00,1.08,1003.5,168.3,5.49,1115.9,86.3,873.0,67.8,1157.6,1066.3,20.0,79.1,0.0174
10/08/2025,00.00.00,0.85,802.9,168.6,4.61,1136.8,66.0,1154.9,44.4,1154.4,801.6,19.1,71.9,0.0188
10/08/2025,03.00.00,0.64,765.7,134.2,2.97,933.2,34.0,1091.4,5.0,898.1,967.6,27.5,81.8,0.0193
10/08/2025,06.00.00,0.85,797.3,157.1,3.11,884.6,59.6,1164.8,43.3,1039.2,810.6,22.8,74.6,0.0202
10/08/2025,09.00.00,0.95,922.5,152.1,3.65,935.5,65.7,1103.4,33.0,947.9,959.2,22.9,54.3,0.0162
10/08/2025,12.00.00,1.16,989.7,184.9,5.96,1210.7,86.2,981.0,67.0,1259.7,1059.5,18.4,64.3,0.0175
10/08/2025,15.00.00,0.83,989.6,138.3,2.66,872.4,58.7,1068.7,38.5,1032.9,908.2,21.4,66.2,0.0192
10/08/2025,18.00.00,0.96,1000.5,158.7,4.4,1110.0,55.0,1219.9,37.5,880.4,721.6,19.5,66.9,0.0179
10/08/2025,21.00.00,1.37,1024.3,224.9,7.9,1384.6,105.5,881.4,83.3,1271.3,950.2,19.0,78.1,0.0177
11/08/2025,00.00.00,0.27,774.5,126.3,1.55,814.2,12.2,1223.3,11.1,914.1,761.7,18.2,75.8,0.0219
11/08/2025,03.00.00,0.62,815.9,73.5,0.62,661.8,40.3,1101.8,38.2,1031.9,865.3,23.0,70.7,0.0171
11/08/2025,06.00.00,0.42,905.4,70.7,0.2,667.7,35.1,1092.8,22.6,974.0,792.9,21.6,74.2,0.0186
11/08/2025,09.00.00,1.08,1029.2,147.8,4.12,1113.5,81.6,1087.8,60.0,1116.5,950.1,25.1,66.0,0.0184
11/08/2025,12.00.00,0.52,790.1,121.2,2.52,881.1,37.0,1328.7,20.1,1171.4,708.3,21.9,61.7,0.0179
11/08/2025,15.00.00,0.59,961.2,138.0,2.26,834.0,38.3,1295.4,26.4,1121.9,939.1,18.6,71.2,0.0182
11/08/2025,18.00.00,1.19,807.9,184.4,6.98,1265.7,78.5,996.1,73.6,1243.5,909.0,13.4,68.5,0.0179
11/08/2025,21.00.00,0.75,917.1,140.1,3.36,968.4,45.3,1059.2,31.1,1041.2,891.2,16.7,77.8,0.0187
12/08/2025,00.00.00,0.62,866.8,100.9,1.62,881.4,44.7,1092.1,34.2,1115.8,932.4,21.6,77.8,0.0177
12/08/2025,03.00.00,0.26,817.2,109.1,0.2,594.0,14.9,1246.2,5.0,937.1,664.0,24.6,68.2,0.0207
12/08/2025,06.00.00,0.42,852.3,137.0,2.43,878.0,22.5,1283.8,5.0,977.1,776.5,25.3,65.2,0.0176
12/08/2025,09.00.00,1.33,899.5,162.4,4.38,971.8,79.7,1112.4,59.5,1177.1,958.6,19.8,69.9,0.019
12/08/2025,12.00.00,0.47,887.8,99.8,0.29,655.4,46.7,1277.2,32.7,1039.6,822.0,20.9,74.0,0.0183
12/08/2025,15.00.00,0.54,869.6,85.1,1.38,796.0,30.2,1210.0,17.6,1036.3,855.5,20.0,66.9,0.0176
12/08/2025,18.00.00,0.84,965.8,144.7,1.9,744.0,51.1,965.6,24.7,969.5,806.6,14.6,63.2,0.0171
12/08/2025,21.00.00,0.97,1028.1,119.4,2.89,899.9,57.8,1017.9,46.9,1091.5,877.1,18.3,59.5,0.0155
13/08/2025,00.00.00,0.89,915.4,141.0,2.34,888.2,51.8,1236.0,34.8,970.6,829.5,20.8,81.7,0.0192
13/08/2025,03.00.00,0.7,826.7,111.7,1.3,780.7,53.0,1153.4,24.0,935.5,1021.9,21.9,77.5,0.0185
13/08/2025,06.00.00,1.03,843.7,126.5,2.37,893.3,65.6,1043.7,27.1,831.4,850.3,20.2,81.3,0.0207
13/08/2025,09.00.00,1.01,1039.5,157.0,3.27,906.6,74.6,992.8,51.7,1138.9,976.0,21.9,63.8,0.0163
13/08/2025,12.00.00,0.82,1008.2,125.8,1.71,828.5,57.2,1054.1,42.0,1119.1,997.2,19.8,66.7,0.0173
13/08/2025,15.00.00,1.08,991.3,125.7,2.45,849.6,81.3,897.2,54.6,1194.3,879.6,18.0,69.8,0.0172
13/08/2025,18.00.00,1.53,988.3,164.5,5.05,1168.7,107.2,1029.5,65.7,1085.6,1028.4,16.4,68.2,0.0199
13/08/2025,21.00.00,0.73,944.4,115.7,1.88,701.6,47.9,1298.1,39.0,1087.0,774.6,17.5,73.6,0.0176
14/08/2025,00.00.00,0.32,930.1,100.4,1.22,750.1,11.5,1276.7,16.0,964.0,593.6,20.2,78.7,0.0198
14/08/2025,03.00.00,0.73,844.7,118.7,1.85,831.6,35.9,1080.4,10.5,993.7,752.6,23.1,79.8,0.0204
14/08/2025,06.00.00,0.57,870.2,157.1,3.43,1050.2,44.4,1191.6,28.2,967.0,793.2,22.7,73.6,0.0185
14/08/2025,09.00.00,0.93,834.2,186.7,5.54,1180.8,55.0,1113.4,55.5,1098.3,829.1,21.7,73.3,0.0169
14/08/2025,12.00.00,0.81,888.4,138.9,3.12,956.3,51.2,1194.4,19.0,867.2,832.5,20.4,62.2,0.016
14/08/2025,15.00.00,0.55,974.4,111.8,2.31,890.1,39.3,1271.6,36.0,993.6,818.5,14.9,61.2,0.0185
14/08/2025,18.00.00,1.04,1000.0,158.4,4.08,1106.9,53.2,1040.2,57.2,1129.0,775.9,18.1,79.1,0.0176
14/08/2025,21.00.00,-200.0,913.1,123.3,3.82,992.0,54.7,1228.9,39.7,1070.9,888.7,18.1,72.2,0.019
15/08/2025,00.00.00,0.56,678.1,98.2,1.68,732.0,35.9,1192.3,18.8,857.3,892.6,20.2,75.7,0.0189
15/08/2025,03.00.00,0.67,834.1,130.9,2.32,783.0,52.4,1186.6,42.8,1035.5,950.4,23.9,76.2,0.0193
15/08/2025,06.00.00,0.62,881.5,102.9,0.54,737.5,39.2,1183.3,22.4,1000.9,799.3,19.8,76.2,0.0194
15/08/2025,09.00.00,0.91,894.7,157.5,4.32,1073.0,55.9,1194.2,19.1,1075.1,930.3,18.9,68.6,0.017
15/08/2025,12.00.00,0.79,897.5,123.8,2.26,851.0,51.1,955.3,30.7,963.7,805.8,20.6,64.3,0.0166
15/08/2025,15.00.00,0.77,909.3,165.2,4.42,1037.9,59.6,1160.9,41.7,1101.0,854.9,18.0,65.3,0.0187
15/08/2025,18.00.00,1.35,925.2,203.7,6.31,1259.1,98.0,843.6,76.1,1165.2,1021.8,17.4,70.5,0.0176
15/08/2025,21.00.00,0.83,898.8,114.7,2.1,860.7,45.5,1178.4,27.4,978.4,813.0,17.3,64.1,0.0145
16/08/2025,00.00.00,0.53,852.9,107.8,2.36,901.0,19.3,1403.1,9.3,875.6,669.4,21.2,87.2,0.0206
16/08/2025,03.00.00,0.63,826.6,89.4,0.2,608.0,36.0,1155.6,32.1,955.3,866.4,23.8,75.9,-200.0
16/08/2025,06.00.00,0.95,1042.9,193.3,4.66,996.0,52.2,1062.4,31.7,993.7,798.5,23.9,75.7,0.0194
16/08/2025,09.00.00,0.82,864.6,87.4,1.18,711.9,44.2,1149.5,20.1,1053.7,796.1,21.8,61.5,0.0192
16/08/2025,12.00.00,1.03,765.7,146.8,3.82,938.4,71.6,1007.0,56.8,1074.3,989.0,16.5,65.1,0.0179
16/08/2025,15.00.00,1.24,1073.7,155.1,4.5,999.9,88.5,873.5,52.7,1047.2,1003.1,19.3,61.2,0.0187
16/08/2025,18.00.00,1.06,867.6,198.9,4.59,1172.7,54.3,1136.9,52.6,1125.0,875.3,19.2,75.7,0.019
16/08/2025,21.00.00,1.47,1039.1,146.8,4.51,953.8,91.2,956.5,50.6,1102.8,870.8,19.0,71.6,0.0203
17/08/2025,00.00.00,0.22,778.6,81.2,0.2,694.8,14.7,1363.5,7.9,926.9,662.7,18.5,83.6,0.0182
17/08/2025,03.00.00,0.83,939.8,109.3,1.93,883.5,51.7,1076.0,37.1,1066.3,882.9,23.3,73.8,0.0186
17/08/2025,06.00.00,0.54,861.6,82.7,1.2,817.9,32.4,1162.4,19.2,906.2,841.3,24.5,70.1,0.0191
17/08/2025,09.00.00,0.99,988.4,82.4,1.23,781.7,64.1,1070.0,-200.0,980.7,910.0,24.8,64.9,0.0176
17/08/2025,12.00.00,0.45,839.5,123.3,1.93,906.3,41.8,1171.6,5.0,989.0,792.1,18.5,72.4,0.0199
17/08/2025,15.00.00,0.47,810.0,102.4,0.65,810.0,43.2,1166.0,42.0,1057.8,794.1,17.5,56.5,0.0166
17/08/2025,18.00.00,0.79,913.0,140.2,3.81,995.7,49.7,1095.1,41.3,1106.8,864.1,18.3,62.5,0.0201
17/08/2025,21.00.00,0.75,863.1,154.6,2.97,956.7,54.8,1152.6,53.6,1200.2,776.7,18.0,65.6,0.0205
18/08/2025,00.00.00,0.92,775.6,144.1,5.44,1236.6,68.5,982.0,51.8,1166.3,912.0,18.0,74.7,0.0191
18/08/2025,03.00.00,0.63,833.9,84.6,1.31,726.6,35.8,1211.0,28.2,916.9,710.3,22.7,73.4,0.0193
18/08/2025,06.00.00,0.7,1084.6,120.1,2.92,913.6,53.3,1108.8,-200.0,1011.3,786.3,23.9,64.8,0.0193
18/08/2025,09.00.00,0.87,776.5,131.7,2.88,889.0,51.9,1138.0,45.0,1153.1,868.0,22.2,64.4,0.0164
18/08/2025,12.00.00,0.75,906.5,89.2,0.88,759.4,62.9,1180.1,53.4,1150.0,929.7,20.3,54.5,0.0153
18/08/2025,15.00.00,0.5,842.5,96.6,1.09,649.1,29.7,1146.5,19.2,989.8,812.9,17.3,60.9,0.019
18/08/2025,18.00.00,1.05,1054.5,168.2,4.5,1156.3,62.1,898.3,65.5,1047.3,808.2,19.4,74.2,0.019
18/08/2025,21.00.00,0.78,816.0,173.9,4.0,1059.8,55.2,1076.6,27.2,965.7,734.5,16.3,78.6,0.0188
19/08/2025,00.00.00,0.86,910.7,139.3,2.63,931.9,66.2,977.1,25.0,1004.7,897.9,18.8,80.5,0.0193
19/08/2025,03.00.00,0.52,910.1,84.4,0.2,539.0,42.7,945.3,36.4,945.7,695.2,22.0,73.0,0.0157
19/08/2025,06.00.00,0.37,832.3,106.6,1.54,739.6,17.1,1454.0,5.0,975.6,817.6,24.3,64.8,0.0176
19/08/2025,09.00.00,0.71,831.3,150.8,3.01,1018.4,38.0,1254.6,52.0,1099.8,738.4,19.4,64.4,0.0169
19/08/2025,12.00.00,0.45,852.4,149.1,2.27,855.8,27.9,1313.8,30.7,884.2,940.2,17.6,66.4,0.0191
19/08/2025,15.00.00,0.83,877.9,131.7,2.34,777.4,59.3,1080.7,52.6,1070.9,810.6,14.2,72.7,0.0197
19/08/2025,18.00.00,1.11,911.8,106.5,1.88,840.8,68.9,1089.0,59.6,1118.3,939.2,16.9,74.6,0.0194
19/08/2025,21.00.00,1.1,996.7,163.7,4.43,1108.4,66.5,1033.8,40.0,1050.9,847.9,15.8,80.1,0.0197
20/08/2025,00.00.00,0.56,894.9,120.2,1.75,845.3,39.1,1269.6,7.6,1030.0,805.5,19.1,75.7,0.017
20/08/2025,03.00.00,0.79,933.8,150.2,4.36,1056.0,59.8,1116.2,52.0,1148.6,892.2,23.0,77.4,0.0197
20/08/2025,06.00.00,0.51,884.8,119.9,1.49,854.3,32.4,1235.0,5.1,824.8,857.5,21.7,72.9,0.0193
20/08/2025,09.00.00,1.22,1013.0,164.4,4.47,1036.2,82.8,989.1,75.2,1096.5,1019.8,22.3,67.0,0.0195
20/08/2025,12.00.00,0.95,1005.4,147.6,2.78,944.3,50.8,1263.4,38.2,1034.0,903.2,19.2,75.6,0.0213
20/08/2025,15.00.00,0.55,845.7,85.2,1.1,762.3,40.5,1211.1,24.3,1006.1,894.0,18.8,56.1,0.015
20/08/2025,18.00.00,1.03,980.9,105.4,2.86,914.8,63.1,1002.2,51.5,1175.6,846.1,17.6,68.4,0.0177
20/08/2025,21.00.00,1.21,854.1,146.6,4.03,1011.6,74.3,1055.5,58.7,1255.9,968.3,16.4,82.5,0.0185
21/08/2025,00.00.00,0.91,752.0,104.0,1.32,756.0,53.8,1170.3,31.3,1150.1,837.4,19.4,71.8,0.0187
21/08/2025,03.00.00,-200.0,968.2,67.3,0.79,727.2,23.8,1269.7,29.0,985.0,840.3,23.6,73.6,0.0186
21/08/2025,06.00.00,0.75,866.7,145.8,4.16,1029.4,40.8,1191.9,39.2,1122.2,830.5,23.3,70.6,0.0181
21/08/2025,09.00.00,1.2,962.3,202.0,5.71,1232.7,81.3,908.3,60.0,1169.6,987.3,19.4,69.0,0.0194
21/08/2025,12.00.00,0.95,827.9,134.8,2.6,867.8,49.6,1159.6,24.8,922.7,869.3,20.8,56.3,0.0157
21/08/2025,15.00.00,0.89,818.3,165.0,4.61,1173.9,61.0,997.9,50.9,971.3,936.2,15.7,70.2,0.0171
21/08/2025,18.00.00,0.82,848.1,107.3,2.4,845.9,57.5,1092.4,23.4,1003.8,816.0,19.1,71.8,0.0172
21/08/2025,21.00.00,1.26,996.5,236.1,7.63,1425.2,85.3,919.9,65.3,1056.7,845.9,19.3,76.9,0.0185
22/08/2025,00.00.00,0.98,882.0,112.2,2.14,905.9,59.8,1179.9,44.4,1018.2,948.5,20.1,74.3,0.0172
22/08/2025,03.00.00,0.35,818.3,138.1,3.15,958.5,16.6,1441.1,5.0,872.1,843.9,22.0,78.4,0.019
22/08/2025,06.00.00,0.82,846.5,176.7,5.03,1132.4,58.5,1015.7,46.0,1099.4,867.5,22.2,69.6,0.0181
22/08/2025,09.00.00,0.47,938.4,86.2,0.2,628.9,13.6,1331.7,16.2,1054.3,797.6,22.9,65.9,0.017
22/08/2025,12.00.00,0.76,952.4,178.6,4.24,1024.1,55.0,1100.0,28.7,1015.5,751.0,19.0,76.4,0.0199
22/08/2025,15.00.00,0.44,819.5,105.9,0.96,753.2,28.9,1292.7,27.5,972.5,743.2,17.9,66.1,0.0179
22/08/2025,18.00.00,0.8,943.9,131.8,2.6,894.1,55.0,1132.5,31.3,880.3,870.9,18.1,63.3,0.019
22/08/2025,21.00.00,1.17,922.8,154.0,4.18,1112.4,61.2,1063.2,54.6,1150.5,762.0,16.5,77.3,0.0187
23/08/2025,00.00.00,0.43,827.4,92.8,0.35,658.4,34.7,1234.0,5.0,922.0,697.0,18.5,73.1,0.0185
23/08/2025,03.00.00,0.85,899.0,135.2,3.24,936.5,58.7,1089.4,39.2,1018.5,887.1,19.6,73.8,0.018
23/08/2025,06.00.00,0.55,911.0,87.9,0.28,585.2,31.3,1370.4,19.9,1061.1,751.6,20.7,70.0,0.0183
23/08/2025,09.00.00,0.88,842.9,136.0,3.4,1008.1,53.0,1071.6,35.5,958.4,834.7,18.5,68.6,0.019
23/08/2025,12.00.00,0.72,921.3,149.9,4.3,1088.7,59.9,1121.1,41.0,1016.2,851.2,20.8,68.9,0.0177
23/08/2025,15.00.00,0.72,1060.7,121.6,3.07,995.7,58.0,1150.9,35.2,1023.5,784.1,20.5,66.6,0.0186
23/08/2025,18.00.00,1.22,959.2,144.6,3.82,1069.4,76.6,1052.0,66.1,1124.9,914.6,18.9,71.2,0.0174
23/08/2025,21.00.00,1.18,943.6,168.8,5.21,1188.6,83.6,958.1,65.4,1200.3,949.9,14.6,72.4,0.0194
24/08/2025,00.00.00,0.66,873.7,126.7,1.07,797.2,61.2,1203.3,42.5,1102.5,842.9,20.7,75.5,0.0181
24/08/2025,03.00.00,0.88,938.7,123.9,1.61,836.6,58.2,942.1,39.0,1129.5,839.4,24.0,77.9,0.02
24/08/2025,06.00.00,0.55,753.4,103.1,1.4,824.7,42.5,1099.9,21.6,1021.7,813.3,21.7,71.4,0.0185
24/08/2025,09.00.00,0.69,1001.7,131.0,3.19,851.5,32.1,1292.7,24.9,991.4,853.6,21.7,67.0,0.0199
24/08/2025,12.00.00,0.73,955.9,139.9,2.82,856.9,51.7,1070.9,34.6,1014.4,848.6,16.0,70.0,0.0169
24/08/2025,15.00.00,0.84,855.9,171.4,3.46,909.4,62.7,1011.6,37.1,1080.3,753.1,17.8,64.0,0.016
24/08/2025,18.00.00,1.12,936.9,164.2,4.01,1101.2,72.1,1001.9,63.8,1142.1,832.9,14.6,72.9,0.0178
24/08/2025,21.00.00,0.22,787.0,57.8,0.2,625.9,5.0,1312.1,12.0,951.4,780.2,17.7,83.5,0.0179
25/08/2025,00.00.00,0.76,911.6,171.9,4.39,1032.4,57.8,1162.1,39.6,1094.0,825.4,16.7,80.3,0.0176
25/08/2025,03.00.00,0.9,912.3,132.9,2.07,847.1,64.6,1149.2,26.0,1013.9,887.7,22.4,83.6,0.0203
25/08/2025,06.00.00,0.4,863.5,147.3,1.91,762.7,31.2,1251.1,28.8,1036.7,928.3,24.1,75.5,0.0188
25/08/2025,09.00.00,1.22,874.5,150.1,4.1,1060.8,76.4,1102.3,49.6,1042.9,973.5,20.2,62.2,0.017
25/08/2025,12.00.00,0.79,860.5,141.9,3.32,848.4,58.8,995.1,26.0,1098.6,726.0,17.4,61.2,0.017
25/08/2025,15.00.00,0.68,962.4,121.8,1.95,770.2,59.4,1109.0,53.3,1035.7,979.4,13.6,64.7,0.0171
25/08/2025,18.00.00,1.24,911.1,176.8,6.01,1232.3,87.8,1068.8,69.4,1208.4,973.9,15.9,66.5,0.02
25/08/2025,21.00.00,0.95,728.8,157.4,5.01,1057.7,56.8,1194.1,53.0,1078.0,896.3,16.3,76.2,0.018
26/08/2025,00.00.00,0.64,866.4,143.5,3.19,1024.7,44.5,1292.4,32.1,1104.3,854.8,16.7,84.3,0.018
26/08/2025,03.00.00,0.64,1045.2,90.3,1.86,829.1,37.1,1167.3,22.1,1050.1,875.2,22.2,84.1,0.0205
26/08/2025,06.00.00,0.55,925.9,75.1,0.83,790.7,30.0,1323.6,15.8,963.0,784.3,21.5,76.1,0.0186
26/08/2025,09.00.00,1.23,906.7,218.1,6.99,1333.7,62.3,1054.4,54.4,1226.5,783.2,19.6,67.8,0.0205
26/08/2025,12.00.00,1.0,916.2,118.9,1.75,815.2,65.2,1121.4,51.8,1094.0,918.4,18.4,55.6,0.0164
26/08/2025,15.00.00,0.81,944.2,175.3,4.25,999.1,71.0,1150.0,43.3,1135.0,816.2,19.0,65.1,0.0189
26/08/2025,18.00.00,1.07,805.6,166.7,4.43,1122.1,71.8,977.4,73.3,1142.2,1042.6,17.3,69.9,0.0196
26/08/2025,21.00.00,0.73,827.9,127.0,2.6,921.3,41.7,1043.2,31.9,1055.8,799.7,17.0,77.0,0.0183
27/08/2025,00.00.00,0.57,895.8,126.9,1.53,909.9,29.0,1402.6,5.0,854.7,783.5,20.3,89.0,0.0191
27/08/2025,03.00.00,0.57,979.8,96.8,-200.0,817.8,42.2,1228.0,9.0,937.2,779.3,19.4,86.1,0.0206
27/08/2025,06.00.00,0.67,849.2,123.3,2.68,883.2,48.3,1150.1,13.1,948.6,868.6,22.3,78.0,0.0197
27/08/2025,09.00.00,0.75,999.5,143.4,3.57,1005.4,53.2,1121.1,36.8,1108.8,891.4,21.6,63.7,0.016
27/08/2025,12.00.00,0.95,860.7,204.8,6.56,1296.2,74.3,860.7,43.8,1028.1,875.5,18.4,63.4,0.0164
27/08/2025,15.00.00,0.48,621.2,130.7,2.87,987.0,35.3,1240.2,28.7,1230.0,837.6,17.8,65.2,0.0148
27/08/2025,18.00.00,1.12,986.4,144.6,4.83,1181.2,75.7,979.0,54.7,1021.9,931.9,14.9,67.7,0.0188
27/08/2025,21.00.00,1.14,974.3,170.1,5.23,1137.6,83.0,989.2,67.9,1187.9,942.3,18.0,77.8,0.0187
28/08/2025,00.00.00,0.93,963.4,165.8,4.79,1038.4,57.4,1115.2,36.1,1064.4,819.7,20.1,80.4,0.019
28/08/2025,03.00.00,1.3,1004.8,136.0,3.02,834.6,92.9,665.3,57.7,1168.6,1140.7,16.3,76.8,0.0169
28/08/2025,06.00.00,0.38,859.2,95.3,1.22,703.5,32.0,1279.0,14.1,920.3,878.9,24.2,78.6,0.0178
28/08/2025,09.00.00,0.86,885.6,102.0,0.8,693.4,50.8,1160.9,53.7,1131.9,903.5,16.1,73.1,0.018
28/08/2025,12.00.00,0.34,824.8,94.1,2.13,934.7,32.3,1264.1,5.0,880.5,875.9,18.1,57.6,0.0164
28/08/2025,15.00.00,1.19,910.7,168.0,4.54,1165.2,78.4,993.5,51.6,1237.5,956.1,18.8,64.7,0.018
28/08/2025,18.00.00,1.31,929.3,160.5,2.98,985.6,74.9,1029.3,52.6,1066.1,900.3,15.6,72.4,0.0192
28/08/2025,21.00.00,1.1,804.7,172.4,5.64,1253.6,69.3,1067.2,58.8,1124.8,722.9,14.5,82.8,0.0222
29/08/2025,00.00.00,0.55,780.7,98.4,0.98,703.8,40.9,1217.6,25.1,954.1,737.3,17.2,79.1,0.0191
29/08/2025,03.00.00,0.83,888.6,119.8,2.41,796.1,62.8,1124.1,39.0,1000.1,1039.9,23.0,81.4,0.0207
29/08/2025,06.00.00,0.69,725.6,119.2,2.37,819.6,49.4,1175.5,28.0,913.8,929.5,18.8,77.6,0.018
29/08/2025,09.00.00,1.08,789.5,171.8,5.96,1104.0,72.1,1187.5,66.6,1213.6,930.4,23.1,60.8,0.0155
29/08/2025,12.00.00,0.93,888.6,138.0,1.56,737.0,57.6,1054.1,35.7,995.8,762.3,-200.0,58.5,0.0168
29/08/2025,15.00.00,1.0,910.8,144.1,3.24,929.9,64.2,1048.9,59.5,1082.3,937.1,14.9,73.4,0.0167
29/08/2025,18.00.00,1.28,931.4,163.3,5.18,1151.7,76.8,1151.5,58.3,1065.9,910.9,15.1,77.4,0.019
29/08/2025,21.00.00,0.97,749.6,141.4,4.07,1043.8,57.4,1100.5,43.8,1096.6,921.1,15.2,79.0,0.0182
30/08/2025,00.00.00,0.54,973.7,127.9,2.61,860.2,41.9,1265.1,24.5,999.6,747.8,20.5,85.8,0.0174
30/08/2025,03.00.00,0.36,743.2,83.6,2.01,872.1,24.3,1289.2,20.7,984.8,738.7,22.4,83.0,0.0215
30/08/2025,06.00.00,0.82,841.5,129.2,1.86,789.7,56.1,1101.3,28.9,962.3,930.2,19.1,79.8,0.0185
30/08/2025,09.00.00,1.06,838.6,186.7,6.35,1254.1,78.4,1086.9,58.1,1162.7,1070.2,20.5,64.8,0.0159
30/08/2025,12.00.00,0.86,993.8,130.1,2.46,822.4,57.6,1153.6,35.8,996.7,826.6,17.6,75.3,0.0199
30/08/2025,15.00.00,0.75,919.4,118.2,1.76,877.1,45.6,1049.2,31.5,1031.0,766.9,19.1,67.4,0.0172
30/08/2025,18.00.00,1.15,904.7,195.2,5.59,1182.6,70.6,1060.8,55.3,1111.3,983.4,13.7,70.5,0.0197
30/08/2025,21.00.00,1.19,904.4,148.2,3.38,1008.4,74.1,949.7,58.0,1013.8,834.2,19.6,70.8,0.0175
31/08/2025,00.00.00,0.65,890.1,144.5,2.96,864.6,57.3,1215.2,36.5,1187.9,788.7,18.9,80.8,0.0186
31/08/2025,03.00.00,1.02,835.2,130.8,1.97,847.1,63.1,1224.6,54.8,1159.6,908.0,19.1,71.8,0.0189
31/08/2025,06.00.00,0.81,923.5,185.0,6.11,1261.6,68.5,1207.3,46.7,1099.5,1051.6,20.8,78.6,0.0198
31/08/2025,09.00.00,1.12,896.2,237.2,6.94,1197.2,74.9,1053.9,80.5,1245.8,865.4,19.7,65.1,0.0188
31/08/2025,12.00.00,0.68,918.5,116.6,1.74,879.3,41.5,1155.3,26.3,1148.7,798.8,16.8,69.1,0.0181
31/08/2025,15.00.00,1.07,962.3,152.8,4.07,967.9,76.6,1042.9,57.1,1207.8,937.5,17.0,63.7,0.0184
31/08/2025,18.00.00,0.75,849.0,124.7,3.18,964.1,52.9,1060.6,33.5,1058.5,825.5,13.9,71.0,0.0193
31/08/2025,21.00.00,0.85,757.8,131.0,3.01,1034.1,58.4,1295.8,58.2,1083.2,751.4,13.1,75.2,0.019
01/09/2025,00.00.00,0.41,832.2,104.9,1.05,801.9,20.1,1395.2,5.4,883.0,816.3,18.3,79.2,-200.0
01/09/2025,03.00.00,0.88,803.8,125.3,2.44,799.7,55.3,1148.1,38.8,929.1,878.8,18.0,90.5,0.0184
01/09/2025,06.00.00,0.53,869.3,111.0,0.2,659.2,41.2,1273.8,22.9,965.8,849.3,20.6,82.2,0.0201
01/09/2025,09.00.00,0.81,879.5,129.6,3.08,1010.5,43.7,1142.4,39.6,1104.7,821.1,19.5,71.8,0.0185
01/09/2025,12.00.00,0.44,811.8,121.2,1.72,768.6,39.4,1114.4,22.1,1032.6,924.1,17.4,66.6,0.0175
01/09/2025,15.00.00,0.73,797.2,106.8,2.43,861.0,45.6,994.7,20.4,1024.8,801.6,20.2,68.1,0.0197
01/09/2025,18.00.00,1.3,1039.4,202.0,4.96,1099.8,94.5,934.2,63.9,1119.4,908.1,16.0,76.4,0.0172
01/09/2025,21.00.00,1.43,939.6,147.8,4.76,1133.4,97.6,895.4,83.9,1274.2,1109.2,17.2,71.8,0.0204
02/09/2025,00.00.00,0.96,1079.4,185.2,4.12,956.6,68.2,1100.7,46.9,1145.4,750.6,15.8,81.4,0.0193
02/09/2025,03.00.00,0.78,895.7,125.6,2.64,935.6,44.5,1178.3,14.7,803.0,822.9,19.9,70.5,0.0187
02/09/2025,06.00.00,0.75,914.9,116.1,3.87,983.3,48.7,1194.2,41.2,1086.0,840.9,22.2,79.7,0.0187
02/09/2025,09.00.00,1.13,938.7,188.0,4.87,1112.3,77.3,1078.3,47.0,1233.7,923.9,19.2,80.6,0.0173
02/09/2025,12.00.00,0.67,904.1,111.8,1.7,798.8,43.0,1068.3,34.1,1015.9,720.3,20.4,64.9,0.0177
02/09/2025,15.00.00,0.82,975.4,120.7,2.64,933.9,42.2,1258.3,31.7,850.4,743.8,14.7,57.4,0.0176
02/09/2025,18.00.00,1.11,1011.0,114.3,1.37,779.2,65.5,1039.8,54.8,1062.3,963.7,15.4,74.3,0.0195
02/09/2025,21.00.00,1.07,805.1,205.8,6.43,1340.3,69.1,1096.1,69.4,1050.4,1004.2,15.7,72.5,0.0183
03/09/2025,00.00.00,0.56,926.6,126.1,2.21,914.8,41.9,1272.3,17.7,926.3,796.5,19.1,76.1,0.0162
03/09/2025,03.00.00,0.73,922.3,187.5,5.03,1083.9,53.5,1214.9,39.3,971.4,795.3,19.8,82.7,0.0176
03/09/2025,06.00.00,0.96,917.4,115.8,1.78,894.0,62.7,1096.9,51.5,1171.0,763.1,21.3,76.0,0.0213
03/09/2025,09.00.00,1.18,1061.3,149.3,3.31,982.0,85.6,986.4,54.6,1173.0,1022.6,20.5,66.9,0.0167
03/09/2025,12.00.00,0.93,1034.3,135.2,3.5,991.7,68.0,1131.4,34.7,1062.8,974.0,17.5,63.4,0.0194
03/09/2025,15.00.00,0.89,969.8,141.4,2.77,960.2,52.0,1020.0,29.4,1103.2,659.2,17.5,66.5,0.0169
03/09/2025,18.00.00,0.9,869.7,137.1,3.61,935.2,53.3,1057.3,44.3,1037.6,690.3,16.2,68.6,0.018
03/09/2025,21.00.00,0.79,811.7,125.7,3.47,904.1,54.5,1105.3,27.7,1015.8,873.0,16.5,70.9,0.0191
04/09/2025,00.00.00,0.78,945.9,91.5,0.81,728.3,34.7,1119.7,27.1,1161.8,822.9,18.0,78.5,0.0181
04/09/2025,03.00.00,0.54,960.4,79.5,0.2,635.7,18.7,1284.7,5.0,961.0,722.7,22.2,79.5,0.0211
04/09/2025,06.00.00,0.48,715.8,120.2,1.46,902.6,24.9,1249.5,28.4,1054.2,772.3,21.3,73.9,0.0187
04/09/2025,09.00.00,1.22,1022.7,103.1,2.5,845.1,71.9,1047.5,57.7,1077.1,898.4,20.3,62.4,0.0182
04/09/2025,12.00.00,0.83,882.4,116.2,1.1,756.9,61.2,1089.4,57.1,1099.2,885.5,18.9,70.6,0.018
04/09/2025,15.00.00,0.79,768.5,104.9,1.9,841.4,52.5,1223.3,39.2,986.6,794.3,19.5,50.7,0.0174
04/09/2025,18.00.00,1.31,990.2,141.5,5.47,1237.2,92.3,984.6,62.1,1266.3,975.9,13.5,70.4,0.0202
04/09/2025,21.00.00,0.67,943.5,156.4,5.25,1094.2,45.9,1164.7,28.5,904.9,790.6,17.9,72.3,0.0183
05/09/2025,00.00.00,1.2,919.9,150.2,4.16,956.4,66.3,1041.9,43.5,1137.9,845.8,15.5,82.8,0.0215
05/09/2025,03.00.00,0.78,819.7,170.0,4.63,1166.3,64.6,1073.1,39.8,1099.7,763.2,21.2,81.4,0.0186
05/09/2025,06.00.00,0.46,974.8,111.5,1.86,831.4,24.0,1277.8,26.7,894.6,759.6,24.4,78.1,0.0199
05/09/2025,09.00.00,0.7,836.9,113.3,2.86,966.3,36.0,1421.5,21.0,1064.1,864.2,21.6,64.9,0.0184
05/09/2025,12.00.00,0.73,969.2,160.1,5.1,1181.7,46.5,1050.8,49.1,1078.1,816.8,19.0,68.5,0.0169
05/09/2025,15.00.00,0.97,811.0,91.6,1.64,862.3,71.7,967.5,57.2,1036.3,890.3,15.6,68.3,0.0184
05/09/2025,18.00.00,1.11,962.4,149.2,3.63,973.8,73.9,944.9,51.8,1132.5,1009.5,15.7,62.4,0.0176
05/09/2025,21.00.00,0.8,923.2,120.3,2.32,834.3,42.6,1208.4,52.4,1052.0,899.6,16.1,86.2,0.0187
06/09/2025,00.00.00,1.13,997.1,172.8,4.65,981.5,-200.0,1021.3,41.4,1051.3,1059.6,17.3,73.5,0.019
06/09/2025,03.00.00,0.63,980.4,65.1,0.65,656.9,40.5,1151.6,27.2,973.3,979.5,20.3,81.4,0.0195
06/09/2025,06.00.00,0.77,835.5,131.7,3.32,968.6,53.4,1204.8,20.3,919.8,864.3,22.0,76.2,0.0188
06/09/2025,09.00.00,0.72,922.6,177.9,3.75,967.7,50.1,1179.1,57.5,1046.9,769.3,19.5,71.5,0.0183
06/09/2025,12.00.00,0.77,796.2,137.5,2.66,839.8,37.4,1288.1,6.7,982.6,775.7,17.3,64.4,0.0177
06/09/2025,15.00.00,0.69,786.0,126.7,2.84,922.6,41.9,1286.8,11.6,969.0,865.8,14.2,72.5,0.0181
06/09/2025,18.00.00,1.27,911.6,181.2,6.45,1336.2,84.4,807.3,54.0,1134.3,1054.1,16.3,62.7,0.0178
06/09/2025,21.00.00,1.4,996.4,191.2,5.26,1146.4,100.4,953.0,83.4,1208.3,927.7,17.4,75.4,0.018
07/09/2025,00.00.00,0.42,967.8,140.3,2.07,784.4,31.9,1137.4,29.3,1020.9,813.5,19.0,76.6,0.0221
07/09/2025,03.00.00,0.6,1001.8,72.3,0.53,770.4,31.4,1262.8,20.7,931.3,738.8,22.3,74.3,0.017
07/09/2025,06.00.00,0.78,869.3,88.1,1.33,733.4,55.2,1118.2,44.4,1024.9,855.3,21.7,76.6,0.0182
07/09/2025,09.00.00,1.2,965.9,196.7,6.25,1325.3,74.1,1027.1,52.8,1230.9,911.0,21.4,74.0,0.0181
07/09/2025,12.00.00,0.74,954.7,119.3,1.87,813.6,-200.0,987.1,43.5,1135.8,916.6,19.1,63.8,0.0202
07/09/2025,15.00.00,1.13,989.3,158.4,3.95,1031.3,70.8,1128.6,60.4,1102.3,1054.6,16.3,70.7,0.0168
07/09/2025,18.00.00,1.17,929.0,189.8,4.56,1169.5,69.5,949.2,48.6,989.8,941.8,14.7,72.0,0.019
07/09/2025,21.00.00,1.08,935.5,162.5,5.39,1087.8,70.7,1106.6,44.2,957.6,882.0,20.2,69.2,0.0185
08/09/2025,00.00.00,0.77,884.2,84.2,0.2,611.2,48.1,1045.1,34.5,993.6,802.5,17.8,79.1,0.0195
08/09/2025,03.00.00,0.93,896.5,158.0,3.73,986.7,59.2,1102.6,44.1,1083.9,864.2,19.5,78.3,0.0205
08/09/2025,06.00.00,0.94,888.7,153.2,3.47,972.4,78.8,1150.6,49.9,1108.0,875.3,22.3,70.6,0.0198
08/09/2025,09.00.00,1.26,943.2,128.9,3.26,1104.8,70.6,1235.9,61.8,1157.6,921.6,21.1,71.0,0.0178
08/09/2025,12.00.00,0.82,870.1,109.2,2.13,803.6,54.0,1000.3,31.5,1049.4,693.3,16.1,68.9,0.0184
08/09/2025,15.00.00,0.6,792.2,133.6,3.36,897.5,47.0,1108.5,30.4,949.1,826.3,18.3,57.3,0.0149
08/09/2025,18.00.00,0.83,959.7,183.3,4.32,1008.7,58.7,1064.8,48.1,1198.0,866.8,15.4,63.0,0.0178
08/09/2025,21.00.00,1.34,996.8,142.8,4.31,1071.9,81.3,1173.7,61.3,1131.4,862.8,14.5,80.0,0.0183
09/09/2025,00.00.00,0.72,1017.3,88.4,0.74,747.3,46.8,1160.5,45.1,1101.2,813.7,20.5,74.2,0.0185
09/09/2025,03.00.00,0.67,906.8,101.1,0.53,661.2,-200.0,1284.9,28.6,968.6,899.1,21.7,79.7,0.0172
09/09/2025,06.00.00,0.92,881.0,132.0,3.8,1011.9,64.3,1102.5,36.8,1069.1,976.3,19.3,80.1,0.0197
09/09/2025,09.00.00,0.93,867.4,124.6,2.26,971.8,66.5,971.4,54.5,1263.5,862.3,23.6,60.6,0.0154
09/09/2025,12.00.00,0.48,860.7,70.7,-200.0,753.4,26.9,1116.8,26.8,937.8,817.3,19.6,58.1,0.0174
09/09/2025,15.00.00,0.76,929.7,184.2,5.63,1202.2,53.6,1083.2,40.9,985.7,755.8,16.4,75.1,0.0173
09/09/2025,18.00.00,1.23,930.4,171.5,5.04,1232.8,82.0,1175.4,66.0,1103.6,925.2,18.2,70.9,0.0174
09/09/2025,21.00.00,1.49,875.8,180.2,-200.0,1127.7,83.1,1004.9,44.6,1054.9,965.6,16.6,74.2,0.0201
10/09/2025,00.00.00,0.97,864.1,94.2,1.51,751.8,61.9,1174.7,13.5,917.4,992.7,18.4,75.2,0.0195
10/09/2025,03.00.00,0.77,893.6,93.2,0.54,675.8,44.8,1062.5,40.5,989.3,917.9,19.4,77.3,0.0203
10/09/2025,06.00.00,0.92,962.6,132.3,2.94,900.0,44.0,1153.8,31.7,1023.3,846.8,-200.0,68.0,0.02
10/09/2025,09.00.00,1.14,833.0,165.3,3.66,897.2,71.0,1107.3,51.8,1216.5,849.2,21.4,73.1,0.0176
10/09/2025,12.00.00,0.87,923.2,165.4,4.22,1058.1,62.4,1000.8,45.6,1072.0,982.2,18.5,62.1,0.0194
10/09/2025,15.00.00,0.81,912.2,111.4,2.95,942.5,-200.0,1085.8,57.6,1123.6,861.6,15.0,73.3,0.0168
10/09/2025,18.00.00,1.04,892.7,215.2,8.21,1419.4,69.8,980.8,65.4,1185.5,940.7,15.7,69.0,0.0191
10/09/2025,21.00.00,1.04,883.2,141.9,3.95,1039.1,82.7,1052.9,68.9,1220.8,939.4,16.2,71.4,0.0178
11/09/2025,00.00.00,1.11,881.1,150.7,3.78,1023.1,73.6,1064.0,36.8,1143.1,1060.2,16.1,79.4,0.018
11/09/2025,03.00.00,0.43,861.9,89.9,0.69,643.1,36.5,1272.2,15.1,977.0,766.8,18.0,67.8,0.0188
11/09/2025,06.00.00,1.31,1035.8,175.1,5.43,1181.6,90.5,1017.4,32.2,1028.7,1035.5,22.4,73.4,0.0197
11/09/2025,09.00.00,1.19,1026.1,211.8,4.98,1153.4,78.4,989.8,62.9,1082.3,929.1,16.1,71.7,0.0196
11/09/2025,12.00.00,0.64,798.0,87.5,0.84,642.2,41.7,1271.9,36.9,1099.5,864.9,18.8,69.9,0.0185
11/09/2025,15.00.00,0.9,895.1,150.3,2.74,991.1,66.8,1019.0,53.3,1054.1,1013.7,15.5,58.0,-200.0
11/09/2025,18.00.00,1.28,799.7,183.6,5.88,1140.2,73.5,1082.3,60.4,1080.1,780.3,17.6,75.3,0.0194
11/09/2025,21.00.00,1.23,955.7,148.0,5.6,1118.9,70.5,889.8,50.2,1114.2,907.0,15.4,81.3,0.0197
12/09/2025,00.00.00,0.52,904.1,86.5,0.2,680.1,30.7,1187.0,13.4,1061.4,729.4,19.5,85.3,0.0203
12/09/2025,03.00.00,0.65,988.1,129.3,1.8,850.8,49.8,1336.0,22.7,1041.5,880.7,19.8,79.4,0.0194
12/09/2025,06.00.00,0.81,771.6,169.4,4.44,1114.6,47.4,1211.7,27.8,1008.5,890.7,21.6,-200.0,0.0202
12/09/2025,09.00.00,0.68,805.9,134.0,2.79,945.6,45.9,1219.2,26.7,938.1,804.9,21.7,61.0,0.0155
12/09/2025,12.00.00,0.32,848.2,109.9,1.64,777.1,28.9,1189.8,35.5,1148.4,750.0,17.6,70.2,0.0182
12/09/2025,15.00.00,0.75,777.0,136.9,3.57,995.2,49.3,1066.0,17.5,966.2,862.2,17.9,61.7,0.0159
12/09/2025,18.00.00,1.2,956.0,138.1,2.48,868.0,70.2,1028.1,49.5,1077.8,821.3,13.7,-200.0,0.0181
12/09/2025,21.00.00,0.92,953.8,117.8,2.46,893.4,59.3,1098.1,25.4,1040.5,901.3,16.7,70.6,0.0203
13/09/2025,00.00.00,0.57,778.5,91.6,1.18,765.8,32.2,1392.3,22.9,960.3,739.3,19.9,78.8,0.0185
13/09/2025,03.00.00,0.39,855.8,134.3,2.67,876.2,24.6,1358.5,15.2,908.2,825.2,21.6,74.2,0.0188
13/09/2025,06.00.00,0.85,817.5,143.4,3.77,989.1,53.9,1139.0,29.9,973.5,769.6,24.6,74.2,0.0196
13/09/2025,09.00.00,1.01,1017.2,176.4,4.29,955.6,55.7,1126.8,33.2,986.6,827.4,19.2,61.3,0.015
13/09/2025,12.00.00,0.57,882.8,119.4,1.8,866.6,41.0,1255.4,25.5,923.0,770.5,16.0,57.2,0.0165
13/09/2025,15.00.00,0.74,844.4,142.9,4.14,1059.8,59.2,998.3,31.3,938.4,856.8,14.5,75.0,0.0192
13/09/2025,18.00.00,0.9,821.9,129.8,3.72,876.5,66.3,914.8,47.7,1159.0,995.2,16.5,74.9,0.0153
13/09/2025,21.00.00,1.06,954.8,149.2,4.32,1104.3,60.2,1158.4,64.9,1206.5,939.9,17.1,70.8,0.0172
14/09/2025,00.00.00,0.35,937.6,158.9,2.43,878.2,27.1,1270.4,-200.0,916.4,747.6,18.5,79.8,0.0205
14/09/2025,03.00.00,0.87,850.3,161.0,4.7,1044.9,56.5,1012.5,40.4,1123.6,835.9,18.5,85.7,0.0209
14/09/2025,06.00.00,0.63,844.4,120.1,1.6,745.3,34.3,1060.8,16.6,988.2,864.9,22.6,75.9,0.0193
14/09/2025,09.00.00,0.87,851.4,114.2,2.99,896.1,55.7,1193.3,34.7,1016.0,785.5,18.3,71.7,0.0195
14/09/2025,12.00.00,0.49,968.2,119.9,3.12,894.8,32.1,1198.0,19.6,892.8,797.7,20.3,70.1,0.0186
14/09/2025,15.00.00,0.85,768.1,152.2,4.17,1002.1,53.4,1165.2,58.1,1156.4,817.7,21.0,59.6,0.018
14/09/2025,18.00.00,1.21,1035.7,181.0,4.19,1142.0,87.3,942.6,59.2,1267.5,949.8,15.9,71.0,0.018
14/09/2025,21.00.00,1.16,913.0,120.6,3.33,986.6,83.0,982.3,63.1,1153.3,1005.6,17.2,75.9,0.019
15/09/2025,00.00.00,1.03,919.0,160.8,5.01,1238.1,76.2,971.6,39.0,1125.7,881.8,17.4,79.2,0.0184
15/09/2025,03.00.00,1.07,904.9,114.3,1.16,772.3,66.8,1059.8,13.9,940.6,968.6,17.3,79.5,0.0207
15/09/2025,06.00.00,0.71,902.5,107.5,0.2,700.9,34.7,1272.6,13.6,1019.0,958.1,20.2,75.9,0.0207
15/09/2025,09.00.00,1.21,894.3,163.1,4.25,1005.3,81.1,972.2,82.1,1218.0,985.7,18.5,71.0,0.02
15/09/2025,12.00.00,0.6,945.8,129.9,2.21,850.6,46.4,1141.6,34.7,870.4,833.2,15.8,62.7,0.0172
15/09/2025,15.00.00,0.81,974.4,82.9,-200.0,732.0,48.5,1206.2,46.5,1035.4,926.5,19.1,68.7,0.017
15/09/2025,18.00.00,1.42,901.0,170.0,6.1,1263.8,111.9,894.4,73.9,1204.9,958.1,15.7,66.1,0.0195
15/09/2025,21.00.00,0.98,964.3,130.2,3.74,1003.0,58.3,1017.4,20.6,1058.2,981.5,16.8,75.1,0.0194
16/09/2025,00.00.00,0.67,855.8,92.6,1.43,805.2,44.6,1174.7,16.6,955.5,781.1,17.7,78.9,0.0195
16/09/2025,03.00.00,1.09,933.8,182.0,5.48,1187.6,67.5,1020.8,45.8,1085.3,1054.2,20.1,81.2,0.0185
16/09/2025,06.00.00,0.78,999.8,106.3,2.48,868.6,43.6,1183.3,29.4,976.4,780.5,22.9,63.0,0.0182
16/09/2025,09.00.00,0.78,847.0,164.8,4.5,1055.3,52.1,1254.0,40.2,1170.2,902.8,20.3,73.9,0.0173
16/09/2025,12.00.00,0.58,934.0,78.9,0.2,632.2,37.3,1242.3,17.8,1076.3,702.7,19.1,62.1,0.0183
16/09/2025,15.00.00,0.39,879.3,75.2,0.2,728.5,26.6,1440.1,25.9,956.2,764.9,15.8,73.3,0.0203
16/09/2025,18.00.00,1.49,965.6,203.8,6.14,1216.8,106.4,885.4,69.0,1069.8,943.7,14.6,69.4,0.0202
16/09/2025,21.00.00,1.24,974.1,181.8,6.45,1281.1,76.2,1005.9,58.3,1006.7,827.6,13.7,78.3,0.0199
17/09/2025,00.00.00,0.66,896.1,115.1,0.75,712.9,43.7,1180.1,29.0,1058.3,915.4,14.8,92.1,0.0186
17/09/2025,03.00.00,0.92,829.0,146.6,3.01,994.4,-200.0,1096.0,35.4,1051.1,803.3,19.9,78.2,0.0193
17/09/2025,06.00.00,0.64,833.8,68.7,0.2,559.7,32.8,1261.6,11.5,891.5,747.1,21.3,81.0,0.0219
17/09/2025,09.00.00,0.89,834.0,130.2,1.79,836.4,41.1,1115.1,29.2,1035.9,763.7,-200.0,71.3,0.0174
17/09/2025,12.00.00,0.78,874.4,110.0,2.59,827.3,52.5,1119.0,51.3,1018.9,937.2,18.1,68.3,0.0181
17/09/2025,15.00.00,0.52,957.1,115.2,0.88,755.0,32.7,1178.7,31.4,1081.2,869.3,16.2,67.2,0.0197
17/09/2025,18.00.00,0.73,928.4,110.4,1.41,775.9,48.4,1240.5,48.2,1066.0,934.0,11.5,78.3,0.0198
17/09/2025,21.00.00,1.09,830.9,88.0,1.76,735.7,56.7,962.4,35.3,965.5,815.1,14.5,74.5,0.0217
18/09/2025,00.00.00,0.99,899.6,74.2,0.76,740.5,67.1,1076.9,27.2,983.3,995.9,18.9,74.6,0.0178
18/09/2025,03.00.00,0.58,885.9,113.3,2.19,869.9,35.8,1099.3,33.2,1004.7,751.9,21.0,75.6,0.0176
18/09/2025,06.00.00,0.78,946.2,148.9,3.11,932.4,53.1,1169.1,42.0,1093.4,806.4,-200.0,76.8,0.0204
18/09/2025,09.00.00,1.12,888.3,161.1,4.65,1086.0,69.7,1019.4,52.6,1192.1,860.3,20.6,68.2,0.0167
18/09/2025,12.00.00,0.79,808.3,97.3,1.12,765.5,49.2,1008.7,26.8,1085.2,801.2,19.9,68.4,0.0179
18/09/2025,15.00.00,0.9,903.6,148.0,3.74,1070.3,56.3,1193.7,20.3,992.3,862.6,17.4,72.5,0.0184
18/09/2025,18.00.00,1.24,988.5,136.3,4.79,1087.7,69.8,849.7,59.9,1126.7,850.7,15.0,66.6,0.0192
18/09/2025,21.00.00,1.0,937.0,156.0,3.54,1041.7,60.6,1094.4,57.4,1090.0,898.1,15.3,73.7,0.0194
19/09/2025,00.00.00,1.24,887.1,159.8,3.31,962.8,77.8,1066.1,41.5,942.1,750.9,17.1,73.7,0.0192
19/09/2025,03.00.00,1.11,1055.8,134.7,2.38,947.4,70.2,1159.1,35.9,1042.3,926.6,21.1,88.8,0.0195
19/09/2025,06.00.00,0.89,900.3,129.2,3.09,930.5,63.5,953.7,51.8,1047.6,814.2,21.5,76.2,0.0203
19/09/2025,09.00.00,0.42,863.6,138.7,4.0,993.2,28.0,1218.9,18.9,1060.9,737.0,21.3,71.1,0.0232
19/09/2025,12.00.00,0.62,828.4,122.6,3.27,900.1,42.3,1275.3,44.0,1062.0,781.7,18.4,59.3,0.0182
19/09/2025,15.00.00,0.75,967.7,89.7,1.48,789.0,39.8,1293.2,23.6,1046.6,885.3,17.4,66.0,0.0181
19/09/2025,18.00.00,1.08,969.2,200.8,4.82,1064.7,75.1,1127.2,50.7,1068.9,960.5,15.3,73.8,0.0171
19/09/2025,21.00.00,0.8,917.6,105.5,1.48,868.0,44.5,1382.4,36.0,996.9,822.0,17.4,74.5,0.0179
20/09/2025,00.00.00,0.44,772.5,127.9,1.9,783.0,22.9,1245.0,10.3,983.6,718.5,19.6,84.4,0.0193
20/09/2025,03.00.00,1.17,1017.5,136.6,2.43,843.3,76.2,1048.6,58.5,1153.6,983.5,18.9,91.9,0.0196
20/09/2025,06.00.00,0.74,942.1,141.0,3.27,992.6,54.3,1101.0,42.5,1092.6,988.4,18.0,72.5,0.0185
20/09/2025,09.00.00,0.73,958.8,184.1,6.56,1338.4,48.8,997.9,49.2,1090.0,844.5,22.9,62.4,0.0198
20/09/2025,12.00.00,0.63,878.7,106.9,1.06,791.3,38.9,1198.5,25.9,1059.0,704.7,18.6,61.5,0.019
20/09/2025,15.00.00,0.81,891.9,177.1,6.3,1306.6,62.0,930.3,33.9,1080.7,836.9,13.1,77.2,0.0188
20/09/2025,18.00.00,0.76,878.9,160.4,3.97,1022.4,57.3,1071.9,43.4,921.3,911.0,13.9,77.5,0.0175
20/09/2025,21.00.00,1.31,1116.8,121.5,3.17,947.4,72.6,919.4,48.8,1077.1,886.9,17.3,75.2,0.0204
21/09/2025,00.00.00,0.72,847.9,88.5,0.84,840.2,39.8,1236.0,39.4,1128.5,759.4,17.6,80.6,0.0192
21/09/2025,03.00.00,0.65,795.4,146.7,4.07,1129.8,27.4,1200.7,27.0,936.7,719.1,19.4,75.9,0.0168
21/09/2025,06.00.00,1.04,898.1,166.2,3.62,1033.4,67.4,920.4,40.8,944.9,908.5,23.5,77.6,0.0198
21/09/2025,09.00.00,1.18,904.3,104.2,3.37,1031.4,72.3,1107.7,43.6,1064.6,809.6,18.4,68.9,0.0194
21/09/2025,12.00.00,0.78,982.1,152.9,2.11,897.3,52.2,1090.5,47.8,1127.6,854.3,16.7,66.0,0.015
21/09/2025,15.00.00,0.75,794.7,120.4,2.92,860.8,53.3,1098.7,34.4,1005.5,866.2,-200.0,69.8,0.0173
21/09/2025,18.00.00,1.49,939.4,172.8,5.26,1147.5,99.3,825.1,68.3,1263.7,966.5,15.8,70.0,0.0182
21/09/2025,21.00.00,1.14,950.0,171.5,-200.0,1182.3,78.3,1100.6,72.0,1317.1,861.8,16.8,75.0,-200.0
22/09/2025,00.00.00,0.74,977.6,170.8,4.77,1143.0,58.8,1127.8,31.3,890.6,947.6,19.6,79.0,0.0185
22/09/2025,03.00.00,0.49,908.9,96.3,0.2,665.5,31.3,1194.6,16.2,937.9,700.5,20.5,83.0,0.0185
22/09/2025,06.00.00,0.76,1004.2,135.5,2.57,977.3,40.0,1047.0,22.5,830.2,832.0,21.9,82.5,0.0203
22/09/2025,09.00.00,1.0,944.7,182.5,4.0,1050.2,73.0,1235.7,40.1,1106.7,970.1,19.8,72.8,0.018
22/09/2025,12.00.00,0.54,851.0,116.6,1.42,826.8,45.0,1333.6,31.0,976.5,846.0,18.2,70.2,0.019
22/09/2025,15.00.00,0.67,940.7,134.9,3.15,969.4,41.3,1309.0,18.0,938.6,910.1,16.1,65.9,0.0166
22/09/2025,18.00.00,0.91,813.9,102.6,1.72,843.1,59.4,1046.8,39.1,1136.8,798.7,15.4,67.6,0.0165
22/09/2025,21.00.00,1.23,828.0,96.7,1.41,817.5,76.6,976.8,48.5,1000.9,874.5,17.3,79.1,0.02
23/09/2025,00.00.00,0.51,929.6,122.2,1.27,842.1,-200.0,1321.0,7.9,821.0,734.4,19.0,80.3,0.0195
23/09/2025,03.00.00,0.87,919.5,150.4,2.45,961.2,58.1,1038.1,27.6,851.0,1104.6,20.3,72.2,0.0196
23/09/2025,06.00.00,0.67,947.7,106.2,0.62,684.0,49.8,1071.7,33.4,1122.4,885.0,19.7,74.3,0.0181
23/09/2025,09.00.00,1.05,866.1,55.6,1.28,791.2,56.3,1235.3,41.3,1138.0,917.5,20.3,69.0,0.0173
23/09/2025,12.00.00,0.87,994.6,134.1,4.88,1183.4,56.9,1110.9,35.8,1022.6,916.6,18.0,63.8,0.0194
23/09/2025,15.00.00,0.73,934.9,130.2,2.79,908.1,49.7,1061.8,54.4,1028.2,854.7,16.3,74.2,0.0169
23/09/2025,18.00.00,0.85,900.2,133.3,3.1,872.7,50.6,1223.0,37.8,1109.7,925.4,18.8,71.0,0.0199
23/09/2025,21.00.00,1.25,965.0,205.9,6.98,1262.8,78.7,960.5,62.9,1344.3,805.3,15.1,84.4,0.0212
24/09/2025,00.00.00,0.84,925.5,170.1,3.96,980.2,60.8,937.8,44.9,1063.0,901.7,18.8,80.9,0.0203
24/09/2025,03.00.00,0.35,781.9,161.3,3.51,958.7,30.9,1154.6,18.5,890.0,822.8,22.0,78.4,0.0182
24/09/2025,06.00.00,0.5,832.5,86.2,0.2,628.0,24.5,1236.1,17.9,1058.7,844.9,21.2,70.2,0.0173
24/09/2025,09.00.00,0.85,925.2,81.8,1.37,836.8,45.1,1191.9,36.2,965.5,754.5,24.1,66.6,0.0177
24/09/2025,12.00.00,0.36,814.0,106.9,2.52,874.1,39.5,1216.1,26.5,980.5,742.9,17.4,66.8,0.0165
24/09/2025,15.00.00,0.95,810.9,143.2,3.46,1047.8,65.8,1169.3,34.9,855.0,826.0,16.5,59.8,0.0162
24/09/2025,18.00.00,1.34,981.5,189.7,5.75,1133.9,76.6,997.9,50.6,1081.0,966.4,13.7,69.8,0.0191
24/09/2025,21.00.00,1.15,996.3,108.7,2.61,878.6,83.7,944.1,60.1,1050.8,988.7,15.3,75.7,0.0196
25/09/2025,00.00.00,0.45,928.4,125.8,1.99,845.0,25.5,1372.0,5.0,1008.1,710.1,18.5,81.9,0.0181
25/09/2025,03.00.00,0.77,929.6,118.5,3.6,1036.3,53.6,1210.5,48.2,1024.3,994.7,21.6,80.6,0.0201
25/09/2025,06.00.00,0.9,965.0,101.0,3.38,1034.4,50.2,1131.8,52.8,1165.6,870.7,21.6,71.7,0.019
25/09/2025,09.00.00,1.01,990.6,116.6,2.76,882.9,54.5,1151.0,43.5,1066.5,872.1,22.3,70.3,0.0201
25/09/2025,12.00.00,0.74,894.2,159.6,3.28,1016.2,59.1,1066.7,43.3,1081.8,862.6,17.9,65.5,0.0186
25/09/2025,15.00.00,0.83,751.6,133.5,1.7,719.3,58.5,1014.3,47.1,1125.0,940.7,15.4,53.2,0.0181
25/09/2025,18.00.00,0.84,981.8,89.1,1.84,872.4,30.9,1421.5,13.9,951.8,819.8,19.6,65.6,0.0185
25/09/2025,21.00.00,1.16,876.5,113.5,3.12,873.1,79.5,959.3,66.6,1120.9,1070.7,16.6,81.8,0.0205
26/09/2025,00.00.00,0.73,808.1,115.4,1.33,801.0,49.8,1174.5,26.6,949.6,764.5,-200.0,-200.0,0.017
26/09/2025,03.00.00,0.65,801.1,99.0,1.42,847.1,38.0,1088.8,46.5,1121.5,705.8,19.0,80.8,0.0191
26/09/2025,06.00.00,0.58,1043.0,122.7,1.23,815.8,40.5,1256.6,23.2,859.7,769.6,19.4,84.1,0.0195
26/09/2025,09.00.00,0.84,931.9,118.2,1.5,702.5,35.8,1124.4,39.3,1174.6,846.2,21.7,64.6,0.0175
26/09/2025,12.00.00,0.2,751.1,97.3,0.2,644.4,5.0,1509.2,5.0,929.2,685.0,17.4,66.8,0.0185
26/09/2025,15.00.00,0.39,798.6,138.2,3.92,1061.7,34.8,1369.8,43.5,1050.5,893.3,16.1,60.4,0.0182
26/09/2025,18.00.00,1.06,926.6,147.2,3.36,1007.5,70.3,1093.5,46.5,1104.6,883.5,14.9,79.7,0.0196
26/09/2025,21.00.00,0.66,917.2,154.7,2.47,899.7,28.3,1267.8,37.2,1007.1,860.6,17.1,75.5,0.0186
27/09/2025,00.00.00,0.5,879.1,85.7,0.2,547.9,35.8,1206.1,28.4,1001.3,749.2,16.6,81.5,0.0185
27/09/2025,03.00.00,0.47,791.1,127.5,2.68,970.4,23.3,1279.6,18.5,894.8,852.8,18.3,87.5,0.0212
27/09/2025,06.00.00,0.56,888.8,101.3,1.55,872.5,29.9,1283.3,20.8,1009.5,885.5,21.4,78.0,0.0194
27/09/2025,09.00.00,1.24,905.5,136.4,4.47,1083.7,93.4,940.2,59.2,1131.5,940.7,21.2,64.4,0.0166
27/09/2025,12.00.00,0.5,933.8,84.3,1.16,772.4,37.3,1292.0,5.0,933.1,846.2,18.6,62.6,0.0174
27/09/2025,15.00.00,0.77,896.1,126.3,3.31,992.6,50.5,1074.1,42.0,1172.0,870.2,14.5,70.6,0.0163
27/09/2025,18.00.00,1.5,926.3,85.9,1.7,891.5,98.7,1028.9,64.3,1100.8,1032.2,16.2,67.5,-200.0
27/09/2025,21.00.00,1.14,985.5,118.0,3.4,986.8,79.7,967.4,69.1,1167.5,1029.2,14.6,67.3,0.0178
28/09/2025,00.00.00,0.72,913.8,78.8,1.97,827.0,47.0,1105.1,32.7,915.1,909.3,17.1,80.6,0.0186
28/09/2025,03.00.00,1.13,902.1,134.6,3.68,1021.0,85.4,1002.2,64.9,1198.2,992.0,18.5,-200.0,0.0205
28/09/2025,06.00.00,0.73,938.9,178.8,4.93,1117.5,42.7,1220.7,34.5,1036.7,874.5,23.2,81.4,0.0179
28/09/2025,09.00.00,1.2,988.5,143.5,3.79,1010.4,75.5,883.4,30.2,1021.9,837.7,21.2,69.7,0.0191
28/09/2025,12.00.00,0.5,943.9,125.5,2.79,817.5,35.5,1184.1,28.1,1001.6,803.6,19.0,61.0,0.0201
28/09/2025,15.00.00,0.67,930.7,165.4,4.11,1068.9,-200.0,1011.5,23.2,952.3,751.7,18.0,62.0,0.0189
28/09/2025,18.00.00,1.02,907.2,190.5,4.73,1163.9,69.5,998.5,62.7,1325.7,907.2,19.8,58.5,0.0172
28/09/2025,21.00.00,1.16,821.3,172.4,3.24,1013.7,72.1,988.7,58.6,1137.2,994.6,13.0,73.6,0.0173
29/09/2025,00.00.00,1.05,939.0,111.6,1.64,857.6,70.6,1070.9,49.8,1119.9,911.3,16.7,86.2,0.0181
29/09/2025,03.00.00,0.77,915.8,116.5,2.26,861.9,30.4,1185.1,16.1,884.7,615.7,19.1,91.3,0.0197
29/09/2025,06.00.00,1.03,927.2,171.4,5.42,1173.3,76.7,972.6,38.4,1115.6,856.7,19.6,79.7,0.0183
29/09/2025,09.00.00,1.08,718.7,172.2,4.63,1155.2,70.5,1151.7,47.4,1080.9,952.2,18.3,70.5,0.0175
29/09/2025,12.00.00,0.51,908.9,135.4,3.21,1002.3,38.4,1373.3,5.8,954.4,777.4,17.5,64.5,0.0174
29/09/2025,15.00.00,0.85,837.7,190.0,6.24,1324.4,69.5,978.8,37.2,1111.9,963.4,13.8,63.9,0.0176
29/09/2025,18.00.00,0.84,948.4,152.8,4.12,1004.0,51.4,1224.8,25.2,993.5,769.6,15.6,81.4,0.0199
29/09/2025,21.00.00,1.12,1053.1,110.1,2.46,846.0,66.2,1100.2,34.6,991.2,925.2,16.0,75.9,0.0173
30/09/2025,00.00.00,0.74,870.7,79.9,1.94,815.8,41.7,1052.4,27.0,845.1,855.3,18.8,-200.0,0.0193
30/09/2025,03.00.00,0.76,921.6,138.3,3.79,958.6,47.8,1097.8,35.0,1012.8,898.7,21.0,85.7,0.0195
30/09/2025,06.00.00,0.9,910.6,151.5,2.76,839.2,67.9,818.4,41.8,1019.3,857.8,22.0,65.5,0.0177
30/09/2025,09.00.00,1.05,963.2,206.3,5.84,1230.7,71.9,1066.5,47.6,1010.3,970.2,19.5,66.7,0.0202
30/09/2025,12.00.00,0.32,845.8,113.2,1.06,772.7,25.3,1187.1,6.2,1026.7,881.5,21.6,60.3,0.0177
30/09/2025,15.00.00,0.43,815.1,104.4,1.76,831.2,30.3,1259.2,15.6,1031.3,631.8,16.3,66.4,0.016
30/09/2025,18.00.00,1.12,871.6,142.6,-200.0,1062.3,83.5,1188.3,51.5,978.0,954.0,11.8,73.6,0.0191
30/09/2025,21.00.00,1.34,1072.5,184.3,4.44,991.4,76.7,1144.2,54.9,1130.4,803.5,14.2,93.2,0.021
01/10/2025,00.00.00,0.87,934.8,105.1,2.3,841.9,45.4,1111.6,12.9,894.5,776.0,15.0,77.0,0.0188
01/10/2025,03.00.00,0.83,957.4,105.0,1.35,762.5,73.0,954.4,52.3,1134.7,864.5,20.2,80.5,0.0178
01/10/2025,06.00.00,0.95,941.7,148.4,2.39,879.7,64.9,1179.1,34.6,982.2,890.0,20.8,78.2,0.0212
01/10/2025,09.00.00,0.94,981.3,114.7,1.83,743.2,55.7,1041.2,46.3,1047.4,893.5,19.3,70.2,0.017
01/10/2025,12.00.00,0.52,799.2,92.4,0.93,687.8,31.6,1321.1,28.5,1081.4,858.2,21.4,64.3,0.0186
01/10/2025,15.00.00,0.7,890.2,124.3,-200.0,767.8,54.4,1346.9,37.0,1105.3,881.6,16.8,61.2,0.0177
01/10/2025,18.00.00,0.92,945.8,155.8,4.15,1102.6,47.5,1216.6,45.4,1187.4,889.6,16.2,71.1,0.0191
01/10/2025,21.00.00,1.4,1058.5,193.3,6.13,1246.8,91.2,1038.9,43.9,1060.2,898.0,14.3,80.7,0.0213
02/10/2025,00.00.00,1.0,1107.1,165.2,3.47,1036.2,62.3,1174.2,-200.0,932.8,960.7,16.3,83.1,0.0202
02/10/2025,03.00.00,0.78,921.9,62.0,1.12,749.6,58.7,1062.1,47.4,1154.1,645.3,20.2,82.2,0.0187
02/10/2025,06.00.00,0.67,834.2,127.9,2.36,874.6,55.1,1147.5,39.3,1122.0,972.3,21.3,81.8,0.0207
02/10/2025,09.00.00,1.27,869.1,119.4,2.83,946.0,81.0,918.6,76.7,1250.7,1037.2,17.0,76.6,0.0181
02/10/2025,12.00.00,0.67,817.3,117.4,2.25,854.3,54.0,1233.2,50.5,1050.0,914.5,17.7,66.9,0.0182
02/10/2025,15.00.00,0.91,855.2,142.7,3.39,937.5,58.0,1023.1,39.0,980.9,1030.1,15.9,61.2,0.016
02/10/2025,18.00.00,1.02,718.9,172.2,5.69,1108.3,82.1,1045.4,56.4,1163.1,820.2,14.6,68.8,0.0169
02/10/2025,21.00.00,1.22,899.4,176.3,5.16,1107.2,-200.0,1069.3,50.6,1040.6,1007.3,14.5,76.8,0.019
03/10/2025,00.00.00,0.56,917.7,145.1,3.3,1009.3,39.7,1162.0,19.9,957.9,828.7,17.1,82.1,0.0198
03/10/2025,03.00.00,0.55,871.4,118.7,1.98,907.5,37.1,1156.9,18.9,1179.1,828.4,19.8,77.2,0.0169
03/10/2025,06.00.00,0.59,853.3,106.5,1.38,738.4,36.9,1202.1,16.9,1116.7,729.1,21.2,70.2,0.0189
03/10/2025,09.00.00,0.84,787.7,150.1,3.99,933.7,47.6,1090.6,28.3,1068.8,870.4,21.2,62.9,0.0167
03/10/2025,12.00.00,0.51,934.6,121.2,2.37,926.4,28.6,1269.7,21.7,940.5,810.0,19.8,56.7,0.0186
03/10/2025,15.00.00,1.03,958.9,125.9,2.49,889.9,69.2,980.6,59.9,1088.9,859.4,15.4,66.3,0.0175
03/10/2025,18.00.00,1.08,928.9,146.7,4.49,1002.3,71.9,973.2,61.9,1197.6,910.8,14.2,64.7,0.0165
03/10/2025,21.00.00,1.16,784.9,154.3,3.07,770.5,58.3,1152.3,40.9,1168.4,782.9,16.6,71.3,0.0185
04/10/2025,00.00.00,0.92,875.6,82.2,0.2,616.0,53.2,1183.6,43.1,1036.6,831.8,19.0,77.4,0.0179
04/10/2025,03.00.00,0.76,921.6,128.0,3.0,909.7,55.0,1101.7,37.5,1018.2,932.2,19.4,73.3,0.0201
04/10/2025,06.00.00,0.74,886.6,99.5,0.75,658.4,51.3,1011.8,31.4,1031.7,922.6,22.4,75.9,0.0188
04/10/2025,09.00.00,0.86,916.5,143.1,3.6,1030.3,53.5,1226.0,40.2,963.4,914.4,21.8,72.0,0.0183
04/10/2025,12.00.00,0.68,930.1,102.2,0.2,624.3,44.7,1140.7,25.7,907.7,901.3,20.2,61.9,0.0183
04/10/2025,15.00.00,0.7,895.2,124.3,1.72,813.7,57.3,1278.4,42.0,985.9,940.1,18.9,62.7,0.0164
04/10/2025,18.00.00,0.74,934.9,124.8,2.41,1009.6,47.4,1152.6,38.8,1093.3,797.0,13.5,75.3,0.0172
04/10/2025,21.00.00,0.75,831.4,183.0,4.94,1125.5,59.9,1111.3,37.9,1070.5,903.5,15.9,73.3,0.0191
05/10/2025,00.00.00,0.82,813.0,120.9,2.08,840.8,60.3,1063.7,29.6,1098.2,957.1,18.0,76.2,0.0175
05/10/2025,03.00.00,0.99,951.9,88.5,1.44,781.3,60.6,1116.6,40.6,940.9,785.2,20.0,85.5,0.0184
05/10/2025,06.00.00,0.7,931.6,139.7,2.57,931.2,47.4,1440.9,33.7,928.6,745.4,19.9,80.2,0.0202
05/10/2025,09.00.00,1.33,995.9,134.5,4.61,1118.0,90.5,919.7,61.0,1175.7,870.6,17.6,74.5,0.0193
05/10/2025,12.00.00,0.47,866.0,65.8,2.14,798.1,26.5,1369.7,5.1,859.3,654.4,18.2,70.8,0.0169
05/10/2025,15.00.00,0.96,892.8,133.3,2.38,853.3,79.8,1008.1,62.0,1092.1,865.9,14.6,58.2,0.0165
05/10/2025,18.00.00,0.61,887.5,128.7,2.34,835.4,28.6,1351.1,36.1,1115.3,748.9,15.2,78.1,0.0179
05/10/2025,21.00.00,1.35,988.9,220.9,7.51,1348.2,83.3,828.8,39.8,1020.4,1055.8,14.5,79.9,0.0213
06/10/2025,00.00.00,0.67,911.2,128.3,1.53,895.4,40.3,1354.1,38.4,1023.0,790.3,16.2,86.6,0.0209
06/10/2025,03.00.00,1.3,1138.3,154.9,4.18,1081.1,87.9,987.7,52.4,1092.2,857.6,20.5,81.0,0.0188
06/10/2025,06.00.00,0.81,832.3,77.9,0.2,664.6,45.4,1151.5,30.1,1007.0,847.9,21.3,75.0,0.0194
06/10/2025,09.00.00,1.32,1184.0,156.1,3.57,1057.3,84.2,1051.2,71.6,1234.3,939.4,21.1,67.5,0.0164
06/10/2025,12.00.00,0.85,813.9,133.4,3.56,998.8,66.9,1077.0,58.0,1047.3,846.0,21.7,65.4,0.0171
06/10/2025,15.00.00,0.54,892.1,100.3,1.33,686.0,38.3,1116.7,33.8,1021.9,773.7,16.4,65.2,0.018
06/10/2025,18.00.00,1.2,860.8,162.4,4.37,1156.6,62.9,891.4,49.4,1179.1,963.5,15.9,75.2,0.0193
06/10/2025,21.00.00,1.06,948.5,161.3,4.24,1044.0,65.1,1220.7,34.6,1187.6,796.5,14.1,70.3,0.0182
07/10/2025,00.00.00,0.79,963.1,88.8,0.76,598.6,52.1,1121.5,12.1,853.3,739.8,15.9,79.1,0.0194
07/10/2025,03.00.00,0.52,864.5,124.8,2.89,837.0,37.3,1164.7,31.9,1050.7,844.4,22.9,87.6,0.02
07/10/2025,06.00.00,0.55,934.6,66.8,0.2,731.0,36.0,1177.4,35.7,1029.6,764.9,19.5,73.0,0.0184
07/10/2025,09.00.00,1.23,918.4,127.9,3.32,878.2,76.4,1135.3,47.2,1081.9,1037.7,18.4,69.7,0.0179
07/10/2025,12.00.00,0.54,721.5,141.2,1.88,903.1,35.7,1182.2,19.5,922.5,796.4,18.0,61.9,0.0171
07/10/2025,15.00.00,0.61,916.5,145.9,3.88,1023.1,44.4,1229.3,22.0,1040.8,826.3,15.8,68.9,0.0185
07/10/2025,18.00.00,1.01,923.9,129.5,2.59,935.5,66.6,1040.2,43.5,1123.1,954.8,13.5,68.9,0.0187
07/10/2025,21.00.00,1.17,907.1,128.9,3.96,1012.1,66.3,968.2,59.8,1316.0,781.8,15.4,76.3,0.0191
08/10/2025,00.00.00,0.7,855.2,154.5,2.0,868.9,40.3,1270.5,27.2,916.2,844.6,20.1,82.8,0.018
08/10/2025,03.00.00,0.97,945.4,134.1,3.72,1021.1,65.2,1162.3,38.1,930.2,870.0,18.8,76.9,0.0177
08/10/2025,06.00.00,0.78,836.8,127.9,3.64,993.8,49.4,1098.9,57.2,1272.5,919.9,18.7,80.7,0.0197
08/10/2025,09.00.00,0.83,925.5,131.6,2.92,868.8,57.9,1107.6,29.5,1014.5,828.4,21.8,72.5,0.0203
08/10/2025,12.00.00,0.7,967.8,125.6,3.28,980.9,45.8,1178.7,33.9,1003.6,849.8,18.9,70.9,0.0186
08/10/2025,15.00.00,0.82,1043.0,154.2,-200.0,912.9,49.4,1188.6,20.1,993.7,823.1,14.9,68.6,0.0177
08/10/2025,18.00.00,1.08,1027.9,165.9,6.03,1274.4,68.7,1214.1,49.0,998.5,935.1,12.4,89.7,0.0203
08/10/2025,21.00.00,1.25,961.6,182.1,4.72,1109.5,73.8,1005.2,55.2,1147.2,903.8,14.7,83.1,0.0181
09/10/2025,00.00.00,0.89,924.8,143.9,2.77,938.5,57.3,1087.0,44.0,1070.3,890.3,18.0,81.8,0.0209
09/10/2025,03.00.00,0.39,818.3,81.8,0.2,525.1,14.3,1314.7,6.2,1000.1,865.5,22.2,73.5,0.0188
09/10/2025,06.00.00,1.04,892.7,84.6,1.63,743.4,75.2,948.4,43.0,1131.9,905.7,19.3,75.8,0.018
09/10/2025,09.00.00,1.52,1043.7,155.5,4.87,1085.1,97.9,772.7,65.9,1229.5,1021.9,20.0,76.8,0.0187
09/10/2025,12.00.00,0.5,838.6,118.1,2.06,883.2,42.9,1196.2,15.8,976.5,988.7,-200.0,74.0,0.018
09/10/2025,15.00.00,0.78,919.4,102.6,2.26,813.2,53.2,1176.0,39.3,1169.6,887.0,11.9,77.5,0.0205
09/10/2025,18.00.00,1.27,884.6,155.2,5.05,1269.9,78.5,1007.7,59.5,1178.3,765.1,16.8,74.1,0.0184
09/10/2025,21.00.00,0.98,1013.7,126.1,1.69,795.8,58.5,1102.6,48.6,1057.1,828.8,13.9,72.1,0.0187
10/10/2025,00.00.00,0.98,894.7,127.0,2.48,830.0,60.0,1028.0,36.5,989.4,795.8,18.6,82.1,0.0201
10/10/2025,03.00.00,0.59,947.3,157.2,4.19,1037.3,39.8,1221.1,22.8,942.3,884.0,20.6,72.8,0.0177
10/10/2025,06.00.00,0.88,856.9,164.8,4.27,1003.4,68.4,1071.8,54.1,1157.8,898.5,22.9,66.1,0.0182
10/10/2025,09.00.00,0.83,846.9,155.9,4.35,998.2,62.5,1125.6,57.0,1034.6,961.9,21.1,70.0,0.0186
10/10/2025,12.00.00,0.75,982.6,131.0,2.89,979.7,53.7,1157.4,47.4,1100.6,903.9,14.0,71.9,0.0166
10/10/2025,15.00.00,1.13,891.7,142.9,3.11,973.9,78.9,1036.9,52.7,1052.3,979.3,14.6,72.6,0.0188
10/10/2025,18.00.00,1.19,833.0,126.8,1.92,861.2,71.8,1146.7,66.0,1076.3,829.6,15.3,73.7,0.0186
10/10/2025,21.00.00,1.16,866.9,182.0,5.25,1219.1,86.7,1012.1,57.6,1054.0,995.6,15.6,79.8,0.0193
11/10/2025,00.00.00,1.06,986.8,105.5,0.2,695.8,67.1,1103.1,39.6,1056.7,996.9,18.9,74.6,0.0188
11/10/2025,03.00.00,0.58,923.3,109.9,1.64,747.0,45.1,1035.1,39.9,1113.1,734.0,21.6,77.8,0.0193
11/10/2025,06.00.00,0.3,782.5,72.6,0.71,756.7,15.9,1404.6,18.3,925.9,725.6,22.1,66.6,0.0196
11/10/2025,09.00.00,0.59,826.7,129.4,1.84,762.8,35.0,1201.0,26.8,861.9,829.9,19.9,59.8,0.016
11/10/2025,12.00.00,0.78,940.2,164.0,4.87,1086.4,50.3,1154.7,-200.0,1203.7,857.8,15.0,72.3,0.0181
11/10/2025,15.00.00,0.95,1005.7,163.4,5.27,1148.4,68.5,955.6,40.4,1140.0,1006.1,15.2,63.9,0.0185
11/10/2025,18.00.00,1.46,970.7,204.3,6.31,1241.4,94.9,1092.6,60.0,1205.3,1035.8,15.8,75.3,0.0193
11/10/2025,21.00.00,1.4,1007.1,143.9,3.24,859.6,79.0,807.2,74.2,1310.8,965.3,14.1,83.8,0.0201
12/10/2025,00.00.00,0.48,918.4,122.6,3.43,922.7,25.0,1394.1,23.1,998.9,832.2,19.2,76.2,0.0222
12/10/2025,03.00.00,0.2,974.7,110.0,1.11,753.8,8.1,1393.6,5.0,910.5,777.7,21.8,81.1,0.02
12/10/2025,06.00.00,1.26,869.9,160.8,2.93,894.5,90.2,796.8,45.4,1176.7,973.4,21.3,71.4,0.0198
12/10/2025,09.00.00,1.55,939.4,175.7,5.04,1191.2,93.5,1095.7,58.2,1227.1,955.5,15.0,64.2,0.0174
12/10/2025,12.00.00,1.03,888.0,153.5,4.3,1129.8,70.0,1091.2,37.8,1094.3,979.3,16.0,68.5,0.017
12/10/2025,15.00.00,0.94,970.4,91.4,2.02,780.5,60.9,906.7,36.1,1106.2,830.7,19.2,62.3,0.0172
12/10/2025,18.00.00,0.78,875.6,174.8,3.56,991.3,57.6,1078.4,54.8,1032.6,867.6,14.2,69.9,0.0191
12/10/2025,21.00.00,1.24,970.3,155.4,4.62,1176.1,76.5,1060.4,45.8,1065.0,848.5,12.6,89.2,0.0205
13/10/2025,00.00.00,0.99,927.2,95.0,2.01,833.4,74.0,1167.1,68.8,1294.3,973.2,20.3,70.9,0.0189
13/10/2025,03.00.00,0.76,891.1,121.8,2.23,839.2,56.7,1083.8,25.7,1059.2,956.4,20.3,81.2,0.019
13/10/2025,06.00.00,0.52,869.7,99.8,0.26,721.9,33.1,1022.7,6.4,823.4,733.8,23.0,68.5,0.0177
13/10/2025,09.00.00,0.76,963.7,165.4,3.72,987.9,-200.0,1308.6,50.7,1065.6,814.1,20.7,73.7,0.0184
13/10/2025,12.00.00,0.57,800.5,84.8,0.83,798.7,42.6,1226.6,39.7,1166.5,794.3,18.9,67.1,0.0189
13/10/2025,15.00.00,0.65,867.8,119.2,2.26,832.1,42.5,1009.0,24.5,1029.9,902.7,16.6,68.4,0.0192
13/10/2025,18.00.00,1.56,901.9,154.6,4.15,1017.7,111.4,870.4,80.9,1236.3,1133.4,16.3,65.8,0.0167
13/10/2025,21.00.00,1.15,953.4,140.6,2.55,935.8,69.1,1090.2,54.9,1134.5,873.9,19.9,70.1,0.0192
14/10/2025,00.00.00,0.68,868.2,97.7,0.49,702.2,42.4,1161.9,27.7,1004.8,610.9,19.8,83.4,0.0187
14/10/2025,03.00.00,0.7,958.3,111.3,1.51,799.5,41.3,1127.3,12.6,913.9,904.6,17.6,90.1,0.0207
14/10/2025,06.00.00,1.01,920.7,149.8,3.11,840.7,64.4,1029.4,15.1,902.0,896.3,21.9,76.7,-200.0
14/10/2025,09.00.00,0.7,853.3,109.7,2.79,895.3,34.4,1201.8,20.9,1054.3,806.7,22.2,63.5,0.0196
14/10/2025,12.00.00,0.69,865.1,89.9,0.2,716.5,47.3,1191.8,47.5,1106.6,909.4,20.2,66.4,0.0175
14/10/2025,15.00.00,0.78,1014.7,137.0,2.98,890.3,70.8,1109.1,62.4,1199.3,886.9,15.3,79.7,0.0194
14/10/2025,18.00.00,1.3,846.1,145.1,3.66,1035.9,83.5,810.7,57.2,1166.9,906.4,17.2,70.4,0.0191
14/10/2025,21.00.00,0.91,865.5,151.7,4.19,1063.2,61.2,1114.6,36.3,1144.0,858.6,17.6,82.9,0.0184
15/10/2025,00.00.00,0.56,869.8,105.8,1.32,764.5,36.5,1256.6,25.4,1033.5,843.7,22.6,73.0,0.0185
15/10/2025,03.00.00,0.43,807.4,86.7,0.85,805.2,21.0,1308.6,17.4,1027.3,824.5,19.1,80.0,0.0189
15/10/2025,06.00.00,0.73,921.8,135.5,0.81,708.2,37.8,1178.4,29.5,1029.6,927.9,20.3,78.6,0.0185
15/10/2025,09.00.00,1.4,964.5,217.6,6.51,1253.5,80.9,1109.2,32.9,965.2,970.9,19.8,71.8,0.0179
15/10/2025,12.00.00,0.57,886.8,106.0,0.53,689.1,46.1,1277.1,60.2,1124.8,828.1,17.4,63.0,0.019
15/10/2025,15.00.00,1.14,945.6,141.8,3.87,1022.3,96.7,887.2,71.3,1226.4,1052.2,14.6,64.0,0.017
15/10/2025,18.00.00,1.46,967.9,160.9,5.29,1194.7,96.9,908.8,66.1,1211.8,922.7,10.5,79.8,0.0199
15/10/2025,21.00.00,0.65,787.6,109.8,1.83,742.9,29.6,1313.8,19.2,1078.2,888.2,15.3,83.3,0.0199
16/10/2025,00.00.00,0.23,840.3,85.3,0.2,716.7,16.4,1420.6,20.0,948.0,764.0,18.9,87.1,0.0182
16/10/2025,03.00.00,0.63,752.0,61.9,0.2,672.7,39.2,1138.7,-200.0,1032.9,801.6,19.5,-200.0,0.0206
16/10/2025,06.00.00,0.96,868.4,124.3,2.06,876.2,64.2,995.2,40.7,1053.9,824.9,24.5,73.0,0.0169
16/10/2025,09.00.00,1.04,959.3,152.2,3.11,1076.9,76.9,1037.5,60.3,1254.7,974.5,20.4,67.8,0.0189
16/10/2025,12.00.00,0.82,981.8,136.2,4.98,1095.4,66.0,980.2,39.8,1085.5,878.3,20.4,71.3,0.0178
16/10/2025,15.00.00,0.81,1061.1,165.6,5.51,1105.7,62.0,934.6,42.4,1097.4,879.3,16.6,70.2,0.0183
16/10/2025,18.00.00,1.09,901.2,170.9,4.03,1043.3,73.1,968.9,60.6,1139.8,802.3,16.6,65.4,0.0163
16/10/2025,21.00.00,1.01,860.9,116.6,1.72,832.8,57.9,1143.8,47.3,1073.6,843.3,16.6,71.2,0.0186
17/10/2025,00.00.00,0.71,922.0,123.4,3.13,995.5,49.9,1274.7,33.9,934.0,810.0,20.6,80.7,0.0204
17/10/2025,03.00.00,0.72,1017.0,108.4,0.96,711.9,47.6,1105.5,43.4,985.4,872.0,20.5,78.2,0.0181
17/10/2025,06.00.00,0.77,999.1,86.7,0.87,686.9,34.0,1220.3,5.1,932.8,783.1,22.1,74.0,0.0179
17/10/2025,09.00.00,1.24,875.9,150.1,4.09,954.1,89.8,963.2,55.7,1126.7,784.1,21.0,74.3,0.0192
17/10/2025,12.00.00,0.47,846.1,79.4,0.92,662.0,33.7,1179.4,21.2,997.7,772.2,17.8,70.3,0.0189
17/10/2025,15.00.00,0.96,975.2,124.2,2.44,859.2,63.7,1023.1,32.2,1094.8,789.4,16.8,73.0,0.0157
17/10/2025,18.00.00,-200.0,965.7,116.4,1.17,755.1,43.3,1210.2,30.9,1030.1,757.0,19.1,58.8,0.0197
17/10/2025,21.00.00,1.88,1067.0,178.5,5.87,1321.4,131.4,647.1,102.4,1285.1,1164.5,15.7,78.3,0.0197
18/10/2025,00.00.00,0.73,856.1,138.7,2.72,815.4,33.3,1172.2,19.1,961.9,681.6,19.0,82.9,0.0203
18/10/2025,03.00.00,0.73,928.9,117.5,2.12,870.1,48.1,1143.5,11.5,963.1,864.8,22.6,69.9,0.0181
18/10/2025,06.00.00,0.64,942.4,147.2,2.83,879.4,59.7,1127.5,32.8,1004.4,843.5,23.2,70.0,0.0161
18/10/2025,09.00.00,1.11,868.5,97.8,1.37,792.7,72.3,917.5,53.4,1188.0,867.8,20.4,65.1,0.0187
18/10/2025,12.00.00,0.94,1005.4,182.4,4.39,1036.8,72.3,1027.9,45.2,1080.2,848.4,14.2,69.2,0.0176
18/10/2025,15.00.00,1.14,1006.4,134.1,2.44,938.3,72.4,934.8,50.4,1119.4,939.6,17.1,74.4,0.0193
18/10/2025,18.00.00,1.18,889.6,177.1,5.19,1199.9,67.7,1007.0,54.7,1061.6,933.2,11.5,84.2,0.0193
18/10/2025,21.00.00,0.76,955.8,147.2,3.5,976.3,55.9,1183.6,41.3,1139.6,746.9,18.7,70.7,0.0187
19/10/2025,00.00.00,0.92,967.7,104.1,1.72,893.0,53.3,1127.5,21.1,1085.2,940.5,18.6,82.3,0.0185
19/10/2025,03.00.00,0.72,946.5,75.7,0.2,710.8,40.4,1331.4,20.7,887.2,738.2,22.2,80.7,0.0203
19/10/2025,06.00.00,1.02,1033.1,192.7,6.04,1300.6,76.3,1012.9,41.1,1092.3,956.0,19.8,77.8,0.0176
19/10/2025,09.00.00,1.09,930.2,150.9,4.94,1116.9,70.6,1124.6,48.9,1088.1,829.0,17.8,73.3,0.0213
19/10/2025,12.00.00,0.94,936.5,135.8,3.6,1044.4,57.0,1178.6,42.3,1088.9,838.9,18.8,67.3,0.0207
19/10/2025,15.00.00,0.72,701.7,158.0,5.11,1093.5,65.1,1073.3,44.4,1109.3,805.9,16.2,75.3,0.0207
19/10/2025,18.00.00,0.83,978.0,143.5,3.05,892.0,44.0,1074.5,43.5,917.8,795.1,14.5,77.4,0.0205
19/10/2025,21.00.00,0.99,990.2,175.1,4.8,1225.5,52.7,1127.9,36.9,1100.6,844.1,16.4,71.3,-200.0
20/10/2025,00.00.00,0.65,972.9,123.4,1.35,718.9,42.8,1143.2,41.6,1144.5,748.1,23.1,80.3,0.0206
20/10/2025,03.00.00,1.08,864.1,149.4,4.14,1019.0,72.3,993.0,51.5,1191.8,938.8,21.9,82.5,-200.0
20/10/2025,06.00.00,0.71,952.2,92.2,1.35,673.9,46.8,1178.5,30.1,954.4,871.6,-200.0,75.0,0.0169
20/10/2025,09.00.00,1.24,1020.3,133.5,4.2,1002.2,88.9,839.4,69.2,1174.5,1156.2,21.9,73.9,0.0205
20/10/2025,12.00.00,0.7,838.8,131.1,2.62,843.8,55.5,1052.4,27.7,973.0,931.6,20.9,65.1,0.0192
20/10/2025,15.00.00,0.78,967.1,112.9,0.67,676.3,48.6,1076.1,9.0,802.1,928.1,15.9,68.1,0.0181
20/10/2025,18.00.00,1.01,953.9,155.9,4.28,1072.8,68.5,1037.3,44.4,1034.1,781.6,11.9,74.4,0.0172
20/10/2025,21.00.00,1.06,808.2,153.6,4.07,1066.2,80.9,933.9,65.7,1086.7,805.7,15.9,66.8,0.0173
21/10/2025,00.00.00,0.71,925.8,83.5,0.2,613.6,46.2,1112.9,29.4,1041.1,817.7,19.8,78.4,0.0169
21/10/2025,03.00.00,1.01,867.5,136.2,2.91,883.1,76.9,1026.4,46.3,971.0,1055.7,18.9,77.0,0.0201
21/10/2025,06.00.00,0.31,719.7,108.1,0.73,778.7,25.4,1237.5,7.3,860.4,949.3,21.1,69.0,0.0163
21/10/2025,09.00.00,1.12,960.3,199.4,5.03,1221.9,71.3,1043.8,32.7,994.3,865.8,19.4,77.3,0.0193
21/10/2025,12.00.00,0.96,910.2,144.9,3.19,1022.4,63.3,994.0,53.5,1168.0,849.0,21.0,66.6,0.017
21/10/2025,15.00.00,0.69,981.1,158.2,3.87,927.4,47.5,1096.4,27.4,1203.9,880.5,17.6,65.7,0.0162
21/10/2025,18.00.00,0.89,919.8,153.2,4.26,1120.6,63.1,1247.6,42.8,1092.6,875.6,16.5,67.5,0.0184
21/10/2025,21.00.00,1.32,1012.6,149.0,3.92,1124.6,84.2,923.4,53.5,1041.6,940.4,17.3,77.3,0.0186
22/10/2025,00.00.00,0.95,949.8,123.8,2.54,797.7,57.9,941.8,48.5,1046.3,918.3,18.4,84.8,0.0206
22/10/2025,03.00.00,0.94,984.3,106.4,1.77,878.1,48.7,1183.9,39.0,1102.1,1036.2,20.9,74.7,0.0172
22/10/2025,06.00.00,0.6,810.2,114.1,1.79,832.3,26.7,1209.7,6.9,833.4,871.5,19.4,76.1,0.0179
22/10/2025,09.00.00,1.29,968.9,181.7,5.13,1119.0,94.6,946.7,78.3,1289.8,1114.5,16.9,76.4,0.016
22/10/2025,12.00.00,0.94,903.1,118.3,2.08,853.0,62.9,1078.4,37.5,1069.3,759.6,18.7,56.1,0.0144
22/10/2025,15.00.00,0.94,958.5,129.6,2.99,958.4,66.2,1112.9,35.0,1031.0,973.9,16.9,66.1,0.0201
22/10/2025,18.00.00,1.02,940.5,166.7,4.71,1161.2,74.6,1019.0,51.3,987.3,857.3,17.5,67.5,0.0206
22/10/2025,21.00.00,1.34,918.1,129.9,3.57,1050.0,88.4,939.9,55.0,1184.3,1082.5,19.0,73.9,0.0188
23/10/2025,00.00.00,1.06,903.0,148.0,3.11,862.6,60.7,1188.5,24.4,944.3,977.0,21.2,75.3,0.0178
23/10/2025,03.00.00,0.8,1011.2,77.4,0.2,633.3,44.4,1000.4,35.3,1052.0,875.6,18.9,81.0,-200.0
23/10/2025,06.00.00,0.63,756.9,125.6,3.49,987.1,48.2,1053.2,27.7,999.6,792.5,20.9,84.7,0.0207
23/10/2025,09.00.00,0.94,962.4,159.8,4.05,1121.2,58.2,1043.2,50.2,990.1,840.6,21.4,67.0,0.0174
23/10/2025,12.00.00,0.51,947.9,146.1,3.24,808.2,28.6,1121.3,20.6,966.4,757.7,22.8,64.2,0.0181
23/10/2025,15.00.00,0.31,877.4,70.7,0.2,635.4,28.8,1217.5,23.4,908.7,839.9,18.9,74.8,0.0187
23/10/2025,18.00.00,0.79,1032.3,176.5,4.84,1025.9,59.6,1055.9,24.5,952.3,907.0,17.4,66.9,0.0173
23/10/2025,21.00.00,1.28,1018.7,190.6,5.62,1108.1,82.1,1067.7,50.2,1131.1,1045.6,15.7,86.1,0.0191
24/10/2025,00.00.00,0.76,918.3,146.1,2.03,896.9,49.9,1143.2,36.7,1095.8,962.6,17.0,80.9,0.0196
24/10/2025,03.00.00,0.24,796.0,86.3,0.55,672.6,22.2,1272.1,5.0,918.7,707.3,22.0,86.9,0.0186
24/10/2025,06.00.00,0.46,883.2,82.8,0.2,540.6,23.0,1254.4,18.0,910.2,802.4,19.7,79.7,0.0197
24/10/2025,09.00.00,1.47,1024.1,131.4,3.36,960.4,92.7,852.1,51.6,1061.1,1010.7,20.3,71.0,0.0178
24/10/2025,12.00.00,0.67,881.2,110.2,1.27,882.2,48.2,1230.5,30.0,973.6,837.8,18.3,65.7,0.0181
24/10/2025,15.00.00,0.68,829.0,90.5,0.59,606.4,46.5,1264.2,44.9,930.2,905.5,19.1,61.6,0.0192
24/10/2025,18.00.00,1.27,867.7,208.5,6.31,1279.2,80.0,903.1,65.3,1166.5,974.4,14.9,71.9,0.0183
24/10/2025,21.00.00,1.48,990.5,134.0,3.36,1055.7,97.0,1044.6,49.6,981.9,950.8,12.3,84.1,0.0207
25/10/2025,00.00.00,0.64,773.7,135.5,2.69,902.7,-200.0,1067.5,43.1,1077.6,857.4,19.4,79.0,0.017
25/10/2025,03.00.00,0.23,795.1,98.2,1.21,871.2,15.3,1263.2,27.7,908.7,721.5,19.5,78.3,0.0185
25/10/2025,06.00.00,1.08,758.9,126.5,4.12,1004.8,82.0,1028.0,78.8,1130.7,895.0,21.7,73.2,0.0186
25/10/2025,09.00.00,0.77,950.3,153.9,3.58,1069.6,49.9,1195.5,43.7,1121.6,843.7,20.6,74.2,0.021
25/10/2025,12.00.00,0.8,977.0,109.6,3.1,1011.4,43.7,1175.7,13.5,955.6,740.4,18.1,72.4,0.0162
25/10/2025,15.00.00,0.65,883.9,100.2,1.26,767.5,39.8,1173.3,29.0,884.2,852.6,17.8,62.3,0.0175
25/10/2025,18.00.00,1.03,1051.9,154.6,4.27,973.4,74.7,1120.4,70.3,1141.9,1022.3,13.0,69.7,0.02
25/10/2025,21.00.00,1.23,1041.3,154.4,4.14,988.1,82.0,940.0,57.0,1146.3,949.6,15.6,79.0,0.0182
26/10/2025,00.00.00,0.38,879.7,116.6,2.0,710.6,9.6,1346.5,16.4,922.2,795.1,19.8,86.5,0.0195
26/10/2025,03.00.00,0.6,863.9,160.3,4.43,1103.6,42.5,1323.1,17.9,947.7,838.3,19.7,85.4,0.0201
26/10/2025,06.00.00,1.14,911.9,122.1,2.03,869.3,77.0,907.8,51.5,1123.0,859.6,18.9,70.3,0.0185
26/10/2025,09.00.00,0.94,952.3,86.9,0.47,699.2,-200.0,1129.0,12.2,951.8,981.1,21.9,66.9,0.0199
26/10/2025,12.00.00,0.65,868.2,160.0,2.26,858.4,35.2,1306.3,12.3,879.7,635.9,20.5,59.8,0.0179
26/10/2025,15.00.00,0.74,927.0,138.7,3.54,1061.4,50.2,1191.1,31.1,1025.9,851.4,16.4,65.4,0.0195
26/10/2025,18.00.00,-200.0,999.3,179.4,6.54,1288.0,75.5,1094.3,51.1,1084.5,872.6,12.3,81.5,0.0189
26/10/2025,21.00.00,0.82,882.9,131.9,4.06,1005.3,52.8,1030.2,27.7,1131.6,969.1,17.7,68.4,0.0173
27/10/2025,00.00.00,0.79,971.6,147.7,3.21,963.0,34.1,1255.1,16.2,957.4,817.5,15.9,73.7,0.0184
27/10/2025,03.00.00,0.75,874.4,132.2,4.23,1164.1,49.7,1128.9,34.1,1045.8,1027.8,21.3,74.3,0.0173
27/10/2025,06.00.00,0.98,918.6,142.3,4.47,1108.7,60.2,1280.6,-200.0,1064.1,883.2,20.2,77.0,0.0195
27/10/2025,09.00.00,0.87,835.9,137.2,4.31,1037.6,54.4,1192.7,42.3,1046.8,810.0,18.8,73.7,0.0182
27/10/2025,12.00.00,0.68,862.9,93.5,0.37,682.7,42.4,1186.1,33.6,984.1,707.5,17.9,68.6,0.0174
27/10/2025,15.00.00,0.84,1051.4,143.7,2.43,906.3,54.2,1151.7,30.2,1052.9,940.1,16.3,72.7,0.0191
27/10/2025,18.00.00,0.8,833.2,131.4,3.64,972.7,55.1,1128.7,55.8,1155.8,806.9,14.6,63.0,0.0163
27/10/2025,21.00.00,1.08,960.0,159.8,4.08,1009.8,-200.0,1077.9,45.0,1225.7,897.4,17.6,81.6,0.0203
28/10/2025,00.00.00,0.94,880.4,94.6,3.01,935.0,67.8,992.3,61.3,1197.3,989.5,18.0,78.6,0.0185
28/10/2025,03.00.00,0.89,751.9,145.5,4.26,1138.2,52.9,1245.0,43.9,1128.7,932.3,22.5,81.2,0.0207
28/10/2025,06.00.00,0.27,871.6,95.1,0.34,725.5,27.7,1155.7,13.6,1004.6,740.3,22.2,67.5,0.0176
28/10/2025,09.00.00,1.07,890.0,165.4,5.0,1102.7,72.1,1056.0,49.8,1050.9,884.5,19.7,69.9,0.0191
28/10/2025,12.00.00,0.91,931.5,146.0,2.84,967.5,54.7,1060.8,36.0,955.8,741.1,17.3,68.0,0.0183
28/10/2025,15.00.00,0.69,951.9,73.7,1.51,794.2,56.5,1121.0,41.0,993.8,725.6,13.8,74.4,-200.0
28/10/2025,18.00.00,1.19,959.0,116.1,2.62,917.9,69.2,1133.2,61.8,1195.5,961.0,16.2,62.6,0.0178
28/10/2025,21.00.00,1.07,951.2,126.7,2.22,874.8,76.9,878.5,42.3,1168.6,991.9,16.0,77.0,0.0169
29/10/2025,00.00.00,0.84,839.6,150.4,3.54,870.5,65.8,1057.5,45.2,1132.0,922.4,14.8,77.2,0.0202
29/10/2025,03.00.00,0.73,936.9,126.6,2.16,687.5,-200.0,1036.5,9.6,926.8,862.1,20.0,82.0,0.0193
29/10/2025,06.00.00,1.16,925.4,121.0,2.1,862.4,68.8,1033.7,40.9,1180.8,856.9,20.3,-200.0,0.0201
29/10/2025,09.00.00,1.19,802.3,104.0,2.29,820.4,83.1,869.2,74.0,1165.1,1052.0,23.6,73.4,0.0194
29/10/2025,12.00.00,0.72,944.4,130.1,3.43,885.9,64.7,1089.3,26.0,923.5,769.3,15.9,65.2,0.0169
29/10/2025,15.00.00,0.65,956.7,155.1,2.24,818.0,54.5,1093.4,17.8,988.9,830.7,14.2,73.0,0.0175
29/10/2025,18.00.00,0.93,1015.4,99.3,2.12,902.3,48.4,1217.9,40.2,1151.2,856.4,17.7,76.3,0.0197
29/10/2025,21.00.00,1.23,1099.0,128.0,3.85,1035.2,93.4,1031.1,79.8,1160.1,980.3,19.0,66.4,0.0176
30/10/2025,00.00.00,0.77,947.0,119.1,1.6,844.9,42.0,1190.7,29.3,897.9,825.9,17.6,83.5,0.0206
30/10/2025,03.00.00,0.59,906.3,103.1,2.17,880.8,35.6,1293.4,5.0,922.6,770.5,19.9,84.3,0.0194
30/10/2025,06.00.00,0.64,953.3,134.5,1.53,745.0,42.8,1296.4,9.7,992.9,866.4,22.9,72.3,0.0197
30/10/2025,09.00.00,1.1,869.5,165.7,2.48,928.3,69.0,981.1,51.8,899.6,822.0,17.0,65.9,0.0184
30/10/2025,12.00.00,0.97,798.8,136.9,3.36,1001.3,76.2,1133.8,35.5,1110.2,918.5,15.7,72.8,0.0189
30/10/2025,15.00.00,0.84,867.7,155.8,3.95,1019.0,59.9,1097.4,38.5,958.4,910.0,16.3,60.8,0.017
30/10/2025,18.00.00,1.13,1024.7,135.7,4.61,1091.6,83.7,903.3,61.8,1198.1,927.8,18.5,68.0,0.0184
30/10/2025,21.00.00,1.16,892.8,163.1,3.76,1050.5,63.9,1104.5,42.7,931.1,892.0,16.0,76.6,0.0203
31/10/2025,00.00.00,0.56,900.1,74.2,1.54,755.6,43.0,1179.1,44.8,976.0,844.1,19.1,82.9,0.0194
31/10/2025,03.00.00,0.38,885.9,63.5,0.2,728.8,17.0,1202.4,16.5,1009.1,627.8,23.0,74.1,0.0193
31/10/2025,06.00.00,0.2,841.1,85.4,0.2,700.1,14.4,1240.0,21.0,1069.3,626.5,25.5,68.2,0.0182
31/10/2025,09.00.00,0.93,822.5,116.7,1.58,800.3,61.7,1222.7,55.4,1121.1,894.4,20.1,70.1,0.0185
31/10/2025,12.00.00,0.51,884.7,111.3,2.98,1017.1,34.7,1248.9,20.0,1147.7,761.4,18.9,70.7,0.0204
31/10/2025,15.00.00,1.15,908.1,129.9,3.23,885.3,59.4,1221.7,34.9,967.9,839.7,19.9,75.5,0.0202
31/10/2025,18.00.00,1.16,1058.8,133.9,4.38,1040.6,77.3,980.2,53.0,1039.3,971.7,13.3,65.2,0.018
31/10/2025,21.00.00,1.02,1002.3,153.2,4.33,1024.0,70.6,982.8,58.6,1113.2,842.6,18.5,76.5,0.0191
01/11/2025,00.00.00,1.0,892.7,136.5,3.81,1031.3,75.5,887.7,40.3,1036.8,757.7,17.2,75.3,-200.0
01/11/2025,03.00.00,0.57,992.1,93.1,1.26,834.6,47.5,1239.7,46.7,1106.8,958.6,21.3,83.6,0.0193
01/11/2025,06.00.00,0.69,907.0,122.0,1.79,766.0,48.5,1190.5,22.6,938.4,930.1,21.6,69.9,0.0187
01/11/2025,09.00.00,1.38,849.1,153.1,3.83,1195.4,79.9,967.8,59.7,1178.5,1023.6,19.5,-200.0,0.019
01/11/2025,12.00.00,1.07,923.4,205.1,6.48,1229.6,77.1,950.9,45.5,1120.2,852.9,17.3,63.9,0.0186
01/11/2025,15.00.00,0.9,1022.8,147.0,3.83,1033.5,57.9,1200.9,31.4,1138.4,868.2,17.3,65.6,0.0166
01/11/2025,18.00.00,1.14,879.8,175.3,4.7,1096.5,82.2,975.0,80.7,1188.3,857.7,17.7,71.1,0.0196
01/11/2025,21.00.00,0.92,906.2,169.5,5.0,1127.7,56.9,1102.0,38.9,1079.2,866.6,16.6,78.8,0.019
02/11/2025,00.00.00,0.69,788.1,135.2,3.48,936.8,44.2,1130.8,24.4,1039.9,808.3,19.2,79.3,0.018
02/11/2025,03.00.00,0.66,795.1,99.5,0.61,766.6,50.3,1115.7,24.6,997.8,775.6,22.1,71.2,0.02
02/11/2025,06.00.00,0.36,784.5,80.6,0.39,639.9,14.6,1371.2,9.4,922.9,778.9,20.4,79.1,0.0209
02/11/2025,09.00.00,1.47,890.7,168.0,5.16,1043.1,97.4,799.9,67.3,1024.9,974.0,22.4,67.6,-200.0
02/11/2025,12.00.00,0.8,852.2,150.7,3.04,876.9,51.2,1150.4,20.6,988.1,974.2,20.4,70.3,0.0192
02/11/2025,15.00.00,0.65,999.1,127.1,1.81,901.0,46.1,1245.9,24.3,1039.0,844.3,21.3,59.5,0.0183
02/11/2025,18.00.00,1.19,940.2,144.9,-200.0,1085.0,70.5,1040.6,57.8,1127.2,733.2,15.4,63.2,0.0194
02/11/2025,21.00.00,1.44,1027.3,178.8,4.76,991.8,100.3,982.8,80.5,1167.1,874.1,16.1,76.5,0.0198
03/11/2025,00.00.00,0.83,976.6,131.9,3.95,1069.7,59.7,1208.5,37.3,931.6,1025.9,20.4,84.9,0.018
03/11/2025,03.00.00,0.81,819.2,79.7,0.22,562.2,43.5,1255.0,27.5,1041.8,805.2,22.6,78.3,0.0215
03/11/2025,06.00.00,0.84,842.3,114.5,2.54,890.2,67.9,1017.4,38.5,1056.3,920.6,21.2,73.9,0.0199
03/11/2025,09.00.00,0.72,940.2,98.8,1.04,682.8,54.6,1124.1,36.8,1144.6,864.5,20.5,64.9,0.0172
03/11/2025,12.00.00,0.64,832.5,108.9,1.0,793.6,49.6,1179.8,21.5,884.7,947.9,20.0,73.6,0.0174
03/11/2025,15.00.00,0.66,928.5,129.8,2.3,899.2,42.7,1148.9,10.9,910.7,694.6,15.6,62.2,0.0182
03/11/2025,18.00.00,1.39,1084.7,177.1,5.04,1183.2,85.4,932.9,53.9,1023.1,1049.2,15.4,67.6,0.0177
03/11/2025,21.00.00,1.41,866.9,171.4,4.96,1105.4,100.9,850.4,79.6,1290.2,1090.9,17.1,78.8,0.0195
04/11/2025,00.00.00,0.86,877.9,139.2,3.42,964.4,46.0,1373.3,24.3,1083.9,838.6,20.9,68.8,0.0191
04/11/2025,03.00.00,0.72,872.5,165.3,3.74,922.5,46.9,1143.7,25.6,1137.1,869.7,20.3,85.7,0.019
04/11/2025,06.00.00,0.59,833.9,86.2,1.63,748.6,38.2,1294.7,20.0,1016.5,788.5,19.0,79.6,0.0178
04/11/2025,09.00.00,1.01,878.2,146.2,4.23,1104.2,69.6,982.6,63.6,1209.6,790.8,18.0,75.7,0.0193
04/11/2025,12.00.00,0.77,858.2,106.9,1.15,779.5,37.6,1348.0,14.0,986.7,853.5,17.0,69.8,0.0176
04/11/2025,15.00.00,0.98,916.4,175.4,4.03,1038.1,72.7,1006.0,47.9,1131.6,935.5,14.8,67.1,0.0182
04/11/2025,18.00.00,0.74,900.6,106.4,1.76,886.4,53.1,1138.6,40.2,1064.4,878.1,15.9,65.5,0.0163
04/11/2025,21.00.00,1.44,1039.7,192.6,6.47,1193.2,78.1,862.8,57.1,1171.8,968.1,15.0,76.9,0.0186
05/11/2025,00.00.00,0.51,859.1,107.7,2.61,938.0,27.7,1350.8,19.6,1128.3,740.8,18.0,75.3,0.0196
05/11/2025,03.00.00,0.78,971.7,83.2,0.63,645.0,46.0,1276.8,29.1,1031.6,942.4,20.0,81.9,0.0201
05/11/2025,06.00.00,0.76,849.3,103.7,0.73,800.2,37.2,1119.2,31.0,1025.6,812.1,21.5,78.7,0.0181
05/11/2025,09.00.00,1.24,864.9,189.7,4.78,1134.0,77.2,1108.0,55.6,1136.1,969.5,23.6,74.4,0.0173
05/11/2025,12.00.00,0.79,873.1,106.8,1.73,867.5,47.5,1055.6,46.9,1077.1,823.4,20.4,66.4,0.018
05/11/2025,15.00.00,1.1,963.8,144.7,4.26,1016.3,80.2,1049.6,50.2,1117.9,1014.1,17.1,70.8,0.019
05/11/2025,18.00.00,1.32,1018.2,155.0,-200.0,1160.5,83.1,961.2,42.5,1057.3,956.7,15.5,69.7,0.0188
05/11/2025,21.00.00,1.57,1090.4,192.1,7.57,1479.2,109.8,957.8,82.5,1310.0,1023.5,16.4,74.1,0.0181
06/11/2025,00.00.00,0.72,907.2,137.9,2.19,881.3,48.4,1178.1,33.9,1108.7,929.6,19.9,81.2,0.0197
06/11/2025,03.00.00,0.79,947.6,157.2,5.31,1219.4,53.5,1206.9,33.5,1185.7,740.0,22.4,75.7,0.0206
06/11/2025,06.00.00,0.98,1013.9,157.5,4.05,1017.8,73.9,1129.8,43.2,1071.1,902.0,20.8,76.5,0.0191
06/11/2025,09.00.00,1.25,896.0,135.2,2.82,848.0,80.8,972.6,37.0,1068.1,899.6,21.5,63.3,0.0157
06/11/2025,12.00.00,1.01,906.0,191.3,5.66,1231.5,70.1,1047.0,24.0,1013.4,936.6,15.9,63.5,0.018
06/11/2025,15.00.00,0.85,1096.3,151.2,3.74,955.0,53.9,1041.7,49.9,1113.5,883.7,17.5,69.0,0.0207
06/11/2025,18.00.00,1.2,1003.4,162.0,4.55,1154.4,73.2,1009.9,47.5,1169.3,918.9,17.6,74.0,0.0171
06/11/2025,21.00.00,1.8,1051.6,205.9,6.64,1338.4,-200.0,991.6,87.4,1135.9,987.6,16.7,71.4,0.0185
07/11/2025,00.00.00,1.16,1002.0,128.4,1.99,852.4,76.0,1080.4,31.1,1056.7,926.4,22.5,80.2,0.0189
07/11/2025,03.00.00,0.56,773.4,110.5,0.2,678.9,36.7,1133.0,12.3,1088.8,832.7,20.0,76.8,0.019
07/11/2025,06.00.00,0.66,834.4,95.3,1.77,872.7,40.5,1328.2,31.9,1122.9,808.9,22.7,73.8,0.0189
07/11/2025,09.00.00,1.0,848.7,137.0,4.7,1111.6,49.9,1181.7,37.9,1139.0,927.2,21.4,75.7,0.0202
07/11/2025,12.00.00,0.87,933.6,122.0,3.62,971.7,69.9,1116.9,48.7,1153.8,952.6,19.2,69.5,0.0184
07/11/2025,15.00.00,0.74,862.5,117.3,3.58,906.9,34.0,1269.3,20.9,942.1,803.3,17.1,70.2,0.0199
07/11/2025,18.00.00,1.16,945.4,170.4,6.02,1274.9,80.8,1029.5,56.0,1071.6,778.2,16.6,79.9,0.019
07/11/2025,21.00.00,1.34,939.4,142.7,4.59,1106.3,83.7,821.7,53.1,1060.4,935.8,18.7,71.3,0.018
08/11/2025,00.00.00,0.72,772.8,139.2,3.64,1147.1,49.3,1242.2,18.6,894.7,891.9,21.8,72.4,0.0177
08/11/2025,03.00.00,1.06,989.5,188.7,5.33,1150.8,77.8,830.8,-200.0,1215.3,913.8,21.6,74.7,0.0165
08/11/2025,06.00.00,0.38,721.8,113.1,1.32,791.9,31.4,1324.1,35.2,1143.5,815.6,23.8,71.6,0.0188
08/11/2025,09.00.00,1.49,928.1,159.9,4.96,1138.9,98.1,917.5,58.4,1164.1,978.6,20.4,57.6,0.0197
08/11/2025,12.00.00,0.68,789.7,122.0,2.78,949.8,58.0,1176.8,24.9,1056.1,890.3,20.7,63.2,0.0182
08/11/2025,15.00.00,0.27,770.2,113.8,0.2,615.8,24.5,1290.3,11.7,967.3,871.5,16.0,64.3,0.0186
08/11/2025,18.00.00,1.61,1006.9,193.0,5.78,1195.2,103.3,967.2,75.4,1241.5,1064.9,18.3,72.9,0.0181
08/11/2025,21.00.00,1.53,1069.9,186.5,5.77,1243.9,91.3,944.9,62.8,1002.9,883.2,21.1,74.8,0.0184
09/11/2025,00.00.00,0.64,767.3,123.3,2.3,850.4,47.3,1185.9,34.3,1059.3,725.9,19.3,76.2,0.02
09/11/2025,03.00.00,0.74,850.2,116.3,2.26,908.0,41.0,1227.4,24.9,969.9,853.9,17.9,84.0,0.022
09/11/2025,06.00.00,0.68,759.3,140.2,1.67,814.4,38.4,1358.4,22.6,987.8,896.9,21.6,78.2,0.0208
09/11/2025,09.00.00,1.44,930.9,130.7,2.98,954.9,101.6,939.9,95.1,1296.4,888.7,23.7,63.0,0.0186
09/11/2025,12.00.00,0.71,890.8,149.9,3.76,1070.2,39.1,1099.0,19.0,926.0,802.7,20.5,62.0,0.0176
09/11/2025,15.00.00,0.57,922.3,80.4,1.4,770.2,40.9,1150.6,41.7,991.6,988.7,17.8,54.5,0.0172
09/11/2025,18.00.00,1.21,797.1,134.0,3.53,905.5,77.1,1062.2,70.3,1128.9,912.6,18.2,63.6,0.0168
09/11/2025,21.00.00,0.65,916.0,150.7,4.39,1052.1,43.5,1283.3,40.0,958.7,1007.3,-200.0,71.4,0.0167
10/11/2025,00.00.00,0.48,789.7,139.7,2.91,881.1,38.6,1149.4,5.0,839.1,758.1,21.7,77.8,0.0176
10/11/2025,03.00.00,1.0,835.1,125.2,3.16,833.0,62.9,1264.8,39.3,985.9,843.4,23.3,72.3,0.0186
10/11/2025,06.00.00,0.96,920.2,150.2,3.86,1010.7,65.2,1087.9,35.3,940.7,846.5,25.2,69.3,0.0179
10/11/2025,09.00.00,1.03,967.0,114.9,2.45,893.3,67.4,1096.7,50.0,1136.9,812.6,22.3,61.8,0.0158
10/11/2025,12.00.00,0.88,898.3,100.3,2.04,900.2,47.6,1061.9,18.9,912.4,724.3,21.1,64.8,0.0178
10/11/2025,15.00.00,0.99,841.9,136.4,4.08,975.1,56.2,1208.3,42.4,939.2,853.1,17.0,68.4,0.0178
10/11/2025,18.00.00,1.24,942.2,141.2,-200.0,991.5,79.0,969.3,66.8,1139.3,947.2,15.6,73.1,0.0172
10/11/2025,21.00.00,0.93,860.5,129.7,2.68,966.3,68.3,998.7,62.1,1070.3,854.8,20.4,73.6,0.0182
11/11/2025,00.00.00,0.61,914.9,111.8,1.93,801.4,40.7,1171.1,21.4,1087.8,788.8,20.0,70.9,0.018
11/11/2025,03.00.00,0.54,939.7,102.6,1.95,864.5,40.6,1307.8,14.6,967.5,922.9,23.2,74.0,0.0179
11/11/2025,06.00.00,0.58,941.0,122.1,2.45,970.9,37.2,1251.1,26.6,903.5,879.7,22.9,71.5,0.0196
11/11/2025,09.00.00,1.18,940.1,129.5,3.02,834.2,86.0,898.8,78.9,1255.4,940.0,20.8,67.1,0.0158
11/11/2025,12.00.00,0.71,963.3,68.0,0.2,684.0,59.0,1062.7,37.3,1055.0,907.0,19.7,65.4,0.0155
11/11/2025,15.00.00,0.42,779.0,136.1,3.05,1003.7,43.2,1296.7,31.3,1008.5,715.1,20.0,71.2,0.0184
11/11/2025,18.00.00,0.99,1043.1,146.5,2.19,838.6,59.7,1082.4,42.7,1181.0,898.1,17.6,73.6,0.0187
11/11/2025,21.00.00,1.05,854.3,148.5,3.93,1099.6,85.8,1015.7,56.2,1056.4,953.1,14.6,72.9,0.019
12/11/2025,00.00.00,1.15,796.2,80.9,1.26,805.0,86.3,1032.8,60.1,1212.9,932.8,19.4,82.5,0.0188
12/11/2025,03.00.00,0.54,960.6,146.4,2.46,981.5,27.5,989.0,16.0,935.3,784.8,24.9,79.0,0.018
12/11/2025,06.00.00,0.69,832.6,149.1,2.79,947.1,52.7,1237.8,36.7,1045.5,849.0,22.4,69.9,0.0183
12/11/2025,09.00.00,0.97,924.6,178.2,4.26,1156.9,68.7,988.3,55.7,1070.2,814.1,18.8,74.8,0.0182
12/11/2025,12.00.00,0.76,819.1,130.2,2.82,934.8,54.7,1097.9,37.4,1001.4,981.6,23.0,61.8,0.0194
12/11/2025,15.00.00,0.69,1048.2,71.8,0.2,593.8,55.7,1244.8,40.1,1029.8,933.6,18.8,57.9,0.0168
12/11/2025,18.00.00,1.5,1107.2,142.6,4.22,1016.4,102.3,1004.1,62.9,1018.6,979.8,16.6,72.5,0.0185
12/11/2025,21.00.00,1.18,1049.5,170.7,4.09,1094.3,85.1,1013.9,51.6,1130.8,832.1,17.0,77.2,0.0219
13/11/2025,00.00.00,0.85,907.7,136.5,1.8,875.7,59.9,1158.7,36.7,1054.9,707.8,21.7,76.3,0.0186
13/11/2025,03.00.00,0.84,969.6,109.9,2.43,863.6,61.2,1172.2,37.8,946.2,1023.9,21.0,78.5,0.0197
13/11/2025,06.00.00,0.87,900.3,97.8,3.09,1042.5,62.0,1204.2,33.2,1079.2,874.0,24.8,68.6,0.0189
13/11/2025,09.00.00,1.45,1052.6,186.1,5.91,1191.8,86.7,1091.2,64.2,1258.6,1013.4,22.9,70.6,0.0192
13/11/2025,12.00.00,1.12,905.8,100.9,1.92,857.5,82.1,998.3,60.0,1093.4,879.8,20.3,64.4,0.0181
13/11/2025,15.00.00,-200.0,1068.3,146.3,4.27,1079.6,95.1,865.3,70.9,1128.5,963.9,18.0,66.4,0.0182
13/11/2025,18.00.00,1.25,917.5,177.8,5.63,1111.7,88.4,937.8,76.9,1285.6,947.1,16.5,72.1,0.0186
13/11/2025,21.00.00,1.17,915.6,141.4,3.07,935.4,75.1,1034.9,41.4,1093.8,942.1,19.5,68.4,0.0175
14/11/2025,00.00.00,0.93,879.5,119.9,2.87,1053.4,68.9,1051.4,31.1,1014.8,912.9,18.4,75.4,0.0192
14/11/2025,03.00.00,0.81,911.1,138.5,3.14,897.1,57.2,1032.9,32.6,1087.4,807.1,19.3,69.0,0.0206
14/11/2025,06.00.00,1.04,898.0,135.2,3.17,985.8,70.2,1083.9,44.3,1096.5,845.3,-200.0,75.6,0.0203
14/11/2025,09.00.00,0.93,945.6,124.9,4.42,1006.1,62.4,962.6,44.3,1177.2,881.5,23.1,61.3,0.0179
14/11/2025,12.00.00,0.96,881.0,149.5,3.41,922.4,73.2,1040.9,39.9,1058.2,796.8,20.7,64.9,0.0189
14/11/2025,15.00.00,0.7,939.3,108.8,1.98,760.1,52.3,1150.6,29.4,1047.3,799.2,18.5,67.0,0.017
14/11/2025,18.00.00,1.32,1065.2,125.9,3.6,1043.9,93.5,941.6,70.8,1260.1,969.8,16.4,73.5,0.0183
14/11/2025,21.00.00,1.19,948.6,151.8,4.6,1038.6,77.7,1079.4,42.9,900.3,961.1,19.1,68.5,0.0193
15/11/2025,00.00.00,0.88,1060.5,137.3,3.02,1006.2,64.4,1135.7,63.3,1232.7,998.3,19.9,78.4,0.0208
15/11/2025,03.00.00,0.69,962.3,85.5,0.26,645.9,32.4,1416.0,20.3,945.7,763.7,21.3,86.9,0.0189
15/11/2025,06.00.00,1.2,1093.4,155.0,3.63,1001.8,65.1,1033.0,50.9,1138.5,897.9,22.5,82.5,0.0188
15/11/2025,09.00.00,1.04,920.8,185.9,5.52,1196.9,71.1,1067.1,46.3,1201.5,782.5,25.6,70.4,0.021
15/11/2025,12.00.00,0.81,780.8,92.4,1.67,719.5,54.7,1143.9,39.6,1037.1,887.4,17.1,68.7,0.0183
15/11/2025,15.00.00,1.28,904.8,92.4,3.15,960.6,89.4,966.3,56.5,1093.9,904.6,18.7,60.0,0.0196
15/11/2025,18.00.00,1.24,906.8,148.1,3.68,1019.0,84.4,876.8,68.9,1171.8,931.6,14.1,75.7,0.0191
15/11/2025,21.00.00,1.09,864.7,131.0,2.31,932.1,78.3,913.8,54.6,1016.6,968.2,17.7,74.8,0.019
16/11/2025,00.00.00,0.96,761.8,163.5,4.81,1054.2,53.4,1133.3,48.6,1248.5,896.6,19.3,82.0,0.019
16/11/2025,03.00.00,0.95,985.2,130.0,2.23,816.6,61.5,966.6,23.2,989.8,782.6,18.7,77.3,0.0201
16/11/2025,06.00.00,1.08,799.1,108.2,2.4,914.6,76.3,991.7,56.8,1242.4,985.1,23.7,72.1,0.0201
16/11/2025,09.00.00,1.12,999.0,113.9,2.17,934.1,60.5,1045.5,46.7,1063.6,878.9,21.6,69.3,0.017
16/11/2025,12.00.00,0.9,1060.4,104.7,2.14,820.7,57.9,1086.7,25.7,1005.2,962.4,16.5,68.7,0.0178
16/11/2025,15.00.00,1.06,873.1,139.4,2.72,840.4,79.0,1095.7,68.5,1240.0,1039.2,19.4,66.9,0.0191
16/11/2025,18.00.00,0.95,940.9,166.4,5.56,1160.6,67.4,976.8,68.3,1095.9,1014.6,19.5,65.2,0.0177
16/11/2025,21.00.00,0.7,855.6,132.4,1.19,707.7,42.1,1259.3,13.3,946.2,726.5,20.5,66.7,0.0174
17/11/2025,00.00.00,0.87,962.7,79.6,0.39,709.4,49.8,1105.3,32.6,1094.1,877.6,20.8,86.2,0.021
17/11/2025,03.00.00,0.67,797.1,133.8,2.32,811.1,36.9,1179.9,29.9,1004.7,700.2,22.4,90.1,0.0214
17/11/2025,06.00.00,0.31,828.0,83.6,0.61,761.1,16.3,1355.6,-200.0,924.3,840.1,25.4,73.9,0.0181
17/11/2025,09.00.00,1.0,998.5,149.9,2.77,924.8,49.7,1129.5,54.0,1194.0,950.2,25.2,59.2,0.0176
17/11/2025,12.00.00,0.65,874.5,149.3,2.76,967.9,46.5,1096.0,-200.0,1165.8,908.0,22.1,59.4,0.0159
17/11/2025,15.00.00,1.19,828.3,143.0,3.77,875.1,80.2,969.5,52.4,1218.7,910.8,16.4,69.2,0.0172
17/11/2025,18.00.00,1.31,1043.8,166.9,4.6,990.1,85.6,829.7,83.9,1188.2,995.0,17.5,76.3,0.019
17/11/2025,21.00.00,1.43,880.5,150.0,2.82,989.4,82.5,1018.1,68.5,1133.5,908.8,18.8,68.7,0.0182
18/11/2025,00.00.00,0.77,897.3,88.2,0.2,629.4,45.5,924.6,24.7,965.7,837.3,17.2,80.2,0.0181
18/11/2025,03.00.00,0.95,954.6,105.3,2.17,775.8,67.0,1136.2,36.0,1094.3,894.4,23.2,78.1,0.0182
18/11/2025,06.00.00,0.87,913.2,108.7,1.54,784.7,63.0,1134.0,51.5,1022.3,749.2,27.1,74.7,0.0174
18/11/2025,09.00.00,1.14,1114.0,149.8,4.5,1090.7,75.0,1153.0,46.6,1006.5,868.4,23.5,65.4,0.0184
18/11/2025,12.00.00,0.61,924.3,85.9,0.2,660.3,48.4,1332.4,25.9,953.7,1004.3,22.8,54.9,0.0146
18/11/2025,15.00.00,0.64,862.5,102.6,1.91,857.3,54.4,1202.9,31.3,959.6,857.1,18.4,68.3,0.0169
18/11/2025,18.00.00,1.36,1005.2,168.6,4.61,1106.2,89.3,903.4,66.9,1229.5,979.0,17.1,75.5,0.0166
18/11/2025,21.00.00,1.41,984.3,148.6,5.3,1169.1,101.1,1068.3,68.8,1232.2,1002.7,18.8,74.3,0.0192
19/11/2025,00.00.00,0.86,905.7,123.2,3.34,1041.2,63.5,986.9,26.2,971.1,861.8,19.0,81.5,0.0172
19/11/2025,03.00.00,0.61,890.3,93.5,1.41,783.5,40.1,1047.2,36.5,1032.4,822.9,20.8,76.5,0.0189
19/11/2025,06.00.00,0.64,846.0,97.6,1.11,753.3,42.5,1335.6,22.3,811.5,799.1,25.5,67.4,0.02
19/11/2025,09.00.00,0.94,927.7,145.3,4.89,1158.3,57.6,1160.1,63.9,1123.6,713.0,24.8,71.2,0.0204
19/11/2025,12.00.00,0.82,862.5,94.9,1.57,829.2,43.3,1033.2,29.9,1106.7,885.1,18.7,67.8,0.0159
19/11/2025,15.00.00,0.98,784.8,175.9,4.68,1044.8,66.1,960.9,53.7,1078.9,1011.3,19.9,66.6,0.0183
19/11/2025,18.00.00,1.29,1034.1,155.9,3.47,974.6,68.0,1104.1,56.5,1049.4,822.5,17.2,77.4,0.0178
19/11/2025,21.00.00,1.4,928.9,137.3,5.29,1176.9,100.3,829.1,83.3,1329.6,971.9,18.8,69.4,0.0168
20/11/2025,00.00.00,0.96,925.4,118.8,2.64,868.8,62.4,1029.7,44.4,999.6,992.3,21.2,75.0,0.0186
20/11/2025,03.00.00,0.56,814.0,135.1,2.0,810.4,38.3,1365.9,26.1,1112.6,760.9,24.3,77.1,0.0204
20/11/2025,06.00.00,0.41,797.8,99.5,0.76,645.8,28.1,1431.3,28.4,1215.6,811.5,23.6,70.2,0.019
20/11/2025,09.00.00,1.06,854.1,142.9,3.15,791.0,49.7,1163.1,63.7,1147.1,1152.1,25.0,69.9,0.0174
20/11/2025,12.00.00,0.74,955.2,169.0,4.48,1054.6,58.6,1094.8,33.7,1121.7,920.2,21.0,63.2,0.0185
20/11/2025,15.00.00,1.2,1027.8,177.4,6.21,1247.1,110.1,921.9,76.2,1087.9,1035.0,19.4,59.5,0.0147
20/11/2025,18.00.00,1.55,988.4,213.4,7.23,1276.9,114.8,781.1,79.1,1096.6,1106.1,16.0,71.1,0.0175
20/11/2025,21.00.00,1.11,895.2,143.8,3.15,1024.9,88.0,781.7,67.6,1114.7,1018.3,22.0,73.2,0.0176
21/11/2025,00.00.00,0.73,769.4,102.0,1.13,699.9,56.6,896.0,35.5,1099.7,823.5,21.3,82.4,0.0195
21/11/2025,03.00.00,0.31,892.6,95.8,1.21,814.8,21.0,1289.1,5.0,920.1,641.4,23.9,78.5,0.0188
21/11/2025,06.00.00,0.89,859.4,146.3,3.72,1026.9,62.2,1159.4,36.6,1033.3,928.2,20.8,77.5,0.0188
21/11/2025,09.00.00,0.64,798.4,106.3,2.41,999.0,49.7,1152.7,48.8,1004.9,901.2,21.3,70.3,0.0181
21/11/2025,12.00.00,1.01,923.6,126.9,2.1,878.8,65.2,1138.9,32.8,1022.1,874.7,22.6,61.9,0.0176
21/11/2025,15.00.00,0.2,800.6,106.2,2.65,822.5,21.8,1363.8,22.7,945.8,880.6,18.9,61.3,0.0182
21/11/2025,18.00.00,1.35,855.4,171.8,5.78,1256.9,92.3,1049.2,67.1,1103.7,1078.1,14.3,73.5,0.0188
21/11/2025,21.00.00,0.91,812.0,174.0,4.65,1185.2,57.4,1128.0,41.7,996.1,926.3,20.2,72.0,0.0181
22/11/2025,00.00.00,0.89,930.3,118.7,1.91,733.7,54.2,1151.3,42.6,1084.0,843.0,19.7,87.4,0.0203
22/11/2025,03.00.00,0.85,855.8,106.3,1.87,862.3,55.3,1120.5,41.1,1014.0,719.6,25.1,82.3,0.0204
22/11/2025,06.00.00,0.92,946.2,119.7,3.63,1042.3,55.4,1102.4,38.5,1053.7,854.0,23.5,76.3,0.0182
22/11/2025,09.00.00,0.94,923.0,137.4,3.23,944.7,60.9,969.7,55.9,999.8,754.2,23.1,69.3,0.0182
22/11/2025,12.00.00,0.74,962.3,102.9,1.8,687.8,56.3,1212.3,36.9,1082.9,703.8,22.6,62.4,0.019
22/11/2025,15.00.00,0.6,814.2,98.2,0.61,691.7,37.9,1179.8,7.1,945.1,859.0,17.0,60.0,0.0161
22/11/2025,18.00.00,1.28,969.6,138.3,3.67,966.6,77.4,977.7,52.2,1092.6,1014.3,15.9,69.7,0.0204
22/11/2025,21.00.00,1.32,1002.5,152.9,5.51,1257.7,81.4,949.9,40.4,1072.9,807.5,18.2,75.7,0.0172
23/11/2025,00.00.00,0.88,861.9,74.4,0.84,725.2,59.0,997.8,43.1,1138.0,859.0,22.1,78.2,0.0186
23/11/2025,03.00.00,0.76,969.8,126.8,2.96,908.4,49.0,1148.3,39.3,955.9,845.7,20.6,81.4,0.0182
23/11/2025,06.00.00,0.6,755.7,97.6,0.89,701.9,38.6,1248.4,33.3,1038.0,795.3,20.9,79.7,0.0218
23/11/2025,09.00.00,1.21,886.9,135.5,4.06,1053.2,77.9,953.8,61.2,1053.5,837.3,24.2,63.0,0.0171
23/11/2025,12.00.00,0.92,790.8,106.1,2.08,851.2,50.2,1231.9,40.8,1069.4,943.8,19.7,61.6,0.0169
23/11/2025,15.00.00,0.53,812.0,115.6,1.32,732.0,35.2,1194.4,6.1,906.2,711.1,17.9,72.8,0.0181
23/11/2025,18.00.00,1.32,947.0,178.8,4.56,1098.2,91.3,820.8,63.5,1152.4,837.5,14.6,75.7,0.0189
23/11/2025,21.00.00,1.04,982.8,145.0,3.38,940.3,69.1,1164.2,36.7,1106.2,811.2,17.4,73.8,0.0182
24/11/2025,00.00.00,0.63,865.0,94.0,1.02,603.9,37.8,1226.9,19.9,1036.7,847.1,20.8,77.5,0.0188
24/11/2025,03.00.00,0.75,848.1,154.8,4.68,1130.9,68.7,1125.5,58.8,1211.1,887.4,24.5,75.6,0.0146
24/11/2025,06.00.00,0.48,749.0,112.8,1.37,812.1,29.9,1321.5,29.5,990.1,735.7,22.5,74.0,0.0187
24/11/2025,09.00.00,1.05,841.0,135.5,3.35,979.1,60.0,1024.3,51.8,1156.5,916.9,25.8,67.7,0.0181
24/11/2025,12.00.00,0.63,896.9,116.3,1.25,744.3,44.9,1133.5,26.1,1039.7,858.1,19.7,77.8,0.0202
24/11/2025,15.00.00,0.76,952.9,127.7,-200.0,820.7,51.7,1224.0,22.1,962.6,693.7,17.5,66.8,0.0196
24/11/2025,18.00.00,1.03,894.8,125.6,2.19,903.2,48.0,1306.8,39.6,1066.7,880.2,20.4,70.7,0.0181
24/11/2025,21.00.00,1.38,1049.9,178.0,5.86,1171.7,92.0,945.1,76.1,1195.3,1058.6,19.1,66.1,0.0189
25/11/2025,00.00.00,0.66,812.8,107.9,1.9,877.8,62.3,1038.2,42.7,1168.6,878.3,20.0,76.3,0.0175
25/11/2025,03.00.00,0.69,855.1,58.9,0.2,587.9,56.4,1252.4,19.1,1033.3,852.9,22.8,83.5,0.0204
25/11/2025,06.00.00,0.5,838.3,106.9,1.54,805.2,32.6,1186.9,21.3,961.5,930.3,26.2,73.1,0.0179
25/11/2025,09.00.00,1.24,1055.6,162.7,4.66,1094.3,93.3,959.9,46.7,1058.4,930.2,25.5,43.6,0.0145
25/11/2025,12.00.00,0.34,850.2,62.9,0.2,724.1,17.2,1279.8,18.7,1041.9,740.0,19.5,68.5,0.0179
25/11/2025,15.00.00,0.32,712.9,149.9,1.91,781.3,18.2,1330.4,5.0,1013.8,777.8,18.7,74.6,0.0204
25/11/2025,18.00.00,1.49,1045.5,121.2,1.82,778.8,95.7,846.1,55.1,1142.4,990.4,18.1,59.2,0.0175
25/11/2025,21.00.00,1.12,1063.9,180.7,6.3,1171.4,80.1,969.6,65.8,1209.5,921.2,17.1,83.6,0.0213
26/11/2025,00.00.00,0.66,861.3,171.5,3.37,939.2,46.8,1115.8,34.6,1129.7,846.7,20.9,64.1,0.0169
26/11/2025,03.00.00,0.84,838.3,104.5,1.77,832.5,56.1,1172.2,37.1,1036.3,978.3,23.1,81.8,0.0206
26/11/2025,06.00.00,0.89,967.7,132.1,-200.0,760.2,60.9,1108.4,59.7,1144.6,939.3,25.9,71.2,0.0176
26/11/2025,09.00.00,1.12,1071.6,166.4,4.72,1074.5,73.8,1101.6,60.1,1174.4,916.1,25.2,54.0,0.0171
26/11/2025,12.00.00,0.32,898.3,114.6,2.31,902.7,37.1,1148.4,16.6,936.2,750.8,20.5,66.7,0.0183
26/11/2025,15.00.00,0.79,781.5,105.6,1.7,806.1,54.8,1109.6,39.1,1175.5,813.1,18.5,70.9,0.0192
26/11/2025,18.00.00,1.28,1006.4,151.8,2.79,919.3,87.4,1013.2,59.3,1106.5,1028.6,19.1,70.2,0.0186
26/11/2025,21.00.00,1.51,1009.3,231.6,7.69,1297.8,96.8,984.9,80.7,1226.9,878.7,17.9,78.3,0.0182
27/11/2025,00.00.00,1.16,872.4,163.1,4.72,1093.0,79.4,887.2,52.0,1242.3,1106.5,22.1,75.0,0.0198
27/11/2025,03.00.00,0.95,1004.3,106.9,3.2,956.0,67.0,1090.2,45.4,951.1,898.9,23.1,67.9,0.0202
27/11/2025,06.00.00,0.47,887.5,108.8,1.35,769.1,25.3,1208.6,5.0,935.1,679.3,22.5,77.4,0.0183
27/11/2025,09.00.00,1.3,1047.7,150.0,4.93,1126.7,75.2,1096.7,55.2,1074.7,938.4,21.6,77.2,0.0167
27/11/2025,12.00.00,0.54,790.4,124.5,2.02,825.0,25.1,1423.1,15.0,960.1,719.4,23.6,67.8,0.0187
27/11/2025,15.00.00,0.89,934.6,75.7,0.36,658.7,63.5,873.4,29.2,932.2,861.3,18.7,55.0,0.0166
27/11/2025,18.00.00,1.24,885.6,131.3,3.36,911.6,66.1,1016.8,46.8,1061.2,792.7,20.9,59.5,0.0172
27/11/2025,21.00.00,0.89,924.5,122.8,2.91,980.0,59.0,1126.1,48.9,1097.5,860.3,18.1,71.0,0.0191
28/11/2025,00.00.00,0.63,979.2,134.0,2.15,786.9,52.1,1139.1,32.3,1045.8,707.8,21.7,69.4,0.0177
28/11/2025,03.00.00,0.65,778.3,105.2,2.87,931.4,43.2,1259.0,12.7,1013.4,787.7,27.4,74.1,0.0184
28/11/2025,06.00.00,0.68,785.9,94.7,0.2,768.7,48.5,1163.8,27.3,846.7,787.6,22.4,75.9,0.0187
28/11/2025,09.00.00,0.73,955.0,120.9,1.99,899.5,62.4,1045.6,42.0,1059.2,852.0,20.1,62.4,0.0194
28/11/2025,12.00.00,0.56,866.8,98.7,1.1,782.2,42.6,1105.6,28.3,1001.1,774.2,23.4,66.2,0.018
28/11/2025,15.00.00,0.65,959.6,109.6,2.02,855.3,40.7,1101.5,26.1,999.8,824.5,17.7,68.8,0.0167
28/11/2025,18.00.00,1.02,866.0,172.8,4.75,1094.2,65.6,1012.6,44.6,1080.5,958.9,18.2,66.4,0.0165
28/11/2025,21.00.00,1.07,931.4,183.0,6.09,1179.0,74.1,984.4,49.4,1039.6,947.5,18.1,74.4,-200.0
29/11/2025,00.00.00,1.07,976.3,130.6,3.19,938.8,78.5,1038.4,49.3,989.0,1026.3,21.8,67.6,0.0167
29/11/2025,03.00.00,0.73,901.7,137.7,3.15,981.3,47.9,1147.7,39.4,1072.6,808.9,21.8,76.5,0.017
29/11/2025,06.00.00,0.4,722.9,134.5,1.6,823.0,16.5,1265.3,13.0,882.5,772.3,24.0,72.8,0.0193
29/11/2025,09.00.00,-200.0,1141.6,152.5,5.29,1195.7,85.3,892.9,75.1,1228.6,981.3,24.2,67.4,0.0189
29/11/2025,12.00.00,0.85,916.5,130.1,2.37,942.0,53.3,1077.5,44.4,1011.8,940.4,19.6,67.0,0.0176
29/11/2025,15.00.00,0.6,778.2,109.0,1.73,805.5,49.1,1109.5,45.4,1130.1,796.1,18.0,66.7,0.0184
29/11/2025,18.00.00,0.98,939.0,120.9,2.46,894.0,65.2,1013.9,62.1,1144.7,951.0,17.7,68.1,0.0184
29/11/2025,21.00.00,1.34,991.4,108.8,2.87,818.6,76.3,1072.6,70.9,1184.7,868.8,16.8,77.7,0.0197
30/11/2025,00.00.00,0.91,978.5,119.3,3.64,1120.3,71.7,1150.8,32.9,1014.5,875.3,20.7,83.2,0.0202
30/11/2025,03.00.00,0.62,938.8,120.7,1.98,815.1,45.4,1079.0,34.6,1010.0,811.1,23.7,76.2,0.0157
30/11/2025,06.00.00,0.27,818.0,69.9,0.5,733.2,22.2,1378.7,25.9,987.4,798.2,23.7,74.5,0.0184
30/11/2025,09.00.00,0.99,798.1,180.2,4.72,1075.4,69.3,1108.8,65.0,1242.6,831.9,23.1,66.4,0.0186
30/11/2025,12.00.00,1.04,957.5,122.5,3.21,930.9,76.7,1031.0,39.8,952.0,863.7,21.4,60.6,0.017
30/11/2025,15.00.00,0.87,788.9,114.0,1.43,772.6,56.1,1241.8,41.3,1020.0,823.0,18.2,68.0,0.0182
30/11/2025,18.00.00,0.91,994.8,125.8,3.03,869.1,56.6,1103.4,43.8,1149.3,873.2,19.6,65.3,0.0188
30/11/2025,21.00.00,0.93,860.8,150.9,4.46,937.0,59.4,1135.2,-200.0,1210.5,812.6,21.7,74.4,0.0188
01/12/2025,00.00.00,0.66,923.2,87.3,1.17,824.9,53.3,1143.5,19.2,1070.7,878.3,20.7,78.3,0.0209
01/12/2025,03.00.00,1.04,878.7,157.0,3.92,1052.0,81.4,996.8,42.8,1067.0,919.3,24.5,74.6,0.0201
01/12/2025,06.00.00,0.54,830.4,127.8,2.06,795.3,47.3,1200.4,11.2,852.5,887.8,24.1,71.0,0.0182
01/12/2025,09.00.00,0.81,840.8,106.9,1.76,841.7,41.5,1196.0,35.2,963.2,829.0,24.3,63.9,0.0175
01/12/2025,12.00.00,0.84,950.9,127.3,2.14,898.2,55.3,1160.9,56.9,1106.7,988.5,24.2,53.5,0.0134
01/12/2025,15.00.00,0.81,854.0,93.4,0.73,681.5,58.2,1055.4,35.6,1095.8,883.1,20.3,65.7,0.0175
01/12/2025,18.00.00,1.1,986.4,131.5,3.97,1049.9,67.5,1011.2,50.9,1085.7,817.3,15.5,72.3,0.0169
01/12/2025,21.00.00,1.12,892.9,122.8,2.06,901.3,64.5,1023.8,53.5,1090.6,878.5,20.2,77.9,0.0193
02/12/2025,00.00.00,0.57,851.8,127.3,2.88,844.3,35.4,1194.0,20.8,1010.8,807.6,23.7,73.2,0.0188
02/12/2025,03.00.00,1.09,933.5,92.6,2.88,952.7,66.4,1149.1,44.8,1081.2,835.6,23.4,86.4,0.0206
02/12/2025,06.00.00,0.51,872.2,94.8,1.15,779.3,40.8,1159.0,29.2,986.0,928.6,26.3,69.1,0.0199
02/12/2025,09.00.00,1.13,870.4,156.6,5.67,1291.8,77.2,1066.1,47.4,1019.6,909.9,22.6,63.4,0.0177
02/12/2025,12.00.00,0.63,924.7,77.5,0.89,764.9,47.2,1185.1,28.3,1079.6,796.6,19.1,60.5,0.0202
02/12/2025,15.00.00,0.84,882.4,106.0,1.65,784.5,56.7,1081.3,42.6,1143.6,882.8,19.7,55.5,0.0173
02/12/2025,18.00.00,0.95,951.7,109.7,1.71,796.3,69.0,1159.6,60.1,1066.3,843.7,15.6,78.7,0.0175
02/12/2025,21.00.00,1.3,954.4,169.9,5.69,1301.8,73.7,1090.2,66.7,1138.6,988.8,19.1,81.4,0.0186
03/12/2025,00.00.00,1.16,980.3,193.3,5.86,1186.9,80.2,999.1,53.1,1159.0,994.2,23.9,78.7,0.0186
03/12/2025,03.00.00,1.27,923.2,106.7,1.58,832.5,79.8,994.7,53.0,1032.4,948.5,20.6,74.5,0.0194
03/12/2025,06.00.00,0.67,824.7,91.2,0.98,729.6,43.4,1190.3,34.4,1063.3,871.7,22.6,82.9,0.0183
03/12/2025,09.00.00,1.04,955.3,154.6,4.11,1100.0,71.7,919.1,46.5,1063.2,880.1,22.1,66.3,0.0176
03/12/2025,12.00.00,1.06,892.6,146.5,2.69,967.6,73.5,966.6,39.2,971.6,815.3,21.6,62.3,0.0174
03/12/2025,15.00.00,1.41,1071.4,126.6,4.38,1065.0,98.2,946.0,59.6,1263.0,971.8,19.0,72.0,0.0179
03/12/2025,18.00.00,1.3,960.2,187.0,4.86,1089.5,93.4,806.4,53.2,1088.7,945.1,21.1,70.2,0.0193
03/12/2025,21.00.00,0.72,790.3,137.8,3.72,980.0,54.1,1069.7,45.6,1119.1,719.7,21.2,83.9,0.0203
04/12/2025,00.00.00,0.86,862.3,108.5,2.23,767.1,75.2,992.4,57.1,1050.1,851.7,22.7,77.9,0.0204
04/12/2025,03.00.00,0.76,821.2,118.6,2.48,891.2,50.0,1382.3,23.9,1104.3,763.9,24.2,74.3,0.0183
04/12/2025,06.00.00,1.05,1001.1,94.8,1.56,802.5,64.4,1131.9,44.3,1213.4,819.5,25.5,68.6,0.0196
04/12/2025,09.00.00,1.05,980.5,134.5,3.9,975.3,79.8,1088.8,51.2,999.6,1032.7,22.5,58.6,0.0156
04/12/2025,12.00.00,0.41,845.1,96.3,0.2,568.1,27.4,1198.7,6.8,915.7,818.0,23.3,61.0,0.0158
04/12/2025,15.00.00,1.03,944.3,137.1,3.04,950.0,78.3,1037.4,69.1,1269.4,1002.5,17.8,71.4,0.017
04/12/2025,18.00.00,1.4,962.4,118.4,3.73,1023.0,80.5,856.9,47.9,1058.7,977.0,20.3,70.6,0.0184
04/12/2025,21.00.00,1.38,1025.9,185.9,5.32,1177.4,75.4,996.8,41.9,1096.4,1001.9,21.7,72.6,0.02
05/12/2025,00.00.00,0.8,931.9,128.7,2.27,811.0,52.0,1180.6,34.4,919.9,857.8,22.3,72.0,0.0178
05/12/2025,03.00.00,0.41,898.4,72.7,0.83,750.7,15.2,1210.7,12.1,893.2,851.6,23.8,77.8,0.0184
05/12/2025,06.00.00,0.84,887.7,123.9,2.29,857.6,51.5,1174.2,38.6,1075.7,768.2,25.6,76.6,0.0186
05/12/2025,09.00.00,1.0,875.8,117.0,1.54,843.5,73.1,1072.4,73.4,1152.2,914.7,19.2,72.4,0.0192
05/12/2025,12.00.00,0.69,929.0,59.5,0.2,615.4,41.9,1142.4,18.2,947.6,753.9,22.5,63.8,0.0172
05/12/2025,15.00.00,0.59,979.3,116.7,1.8,884.5,48.6,1090.5,24.3,891.2,932.6,19.6,60.3,0.0168
05/12/2025,18.00.00,1.16,1016.2,152.6,4.59,1169.5,76.9,958.4,71.8,1232.8,960.0,18.9,72.9,0.017
05/12/2025,21.00.00,0.98,1028.0,140.7,2.92,933.6,53.3,1105.6,50.5,1008.1,943.1,21.0,57.4,0.0165
06/12/2025,00.00.00,0.98,928.6,103.1,2.06,868.2,68.9,1030.2,50.7,1210.7,808.4,21.9,79.1,0.0205
06/12/2025,03.00.00,0.59,802.9,111.8,0.9,778.4,26.3,1309.0,10.4,894.0,736.9,22.2,90.7,0.0203
06/12/2025,06.00.00,1.11,871.5,127.6,2.85,864.0,72.0,997.4,55.9,1179.6,791.0,24.8,64.6,0.0169
06/12/2025,09.00.00,0.82,995.4,153.4,4.59,1059.4,63.5,1210.8,55.4,1170.7,915.7,24.3,65.3,0.0194
06/12/2025,12.00.00,0.27,701.8,109.9,2.26,875.2,31.0,1372.5,21.1,915.6,763.1,22.2,63.1,0.017
06/12/2025,15.00.00,0.61,978.1,106.8,0.76,833.6,31.6,1260.7,13.8,914.8,847.8,20.2,61.6,0.0192
06/12/2025,18.00.00,1.26,896.2,142.6,4.08,971.9,74.2,1001.2,55.1,1088.4,924.9,-200.0,72.3,0.0202
06/12/2025,21.00.00,-200.0,1093.7,186.5,5.03,1218.0,86.6,924.1,78.2,1185.6,810.8,18.1,77.6,0.0191
07/12/2025,00.00.00,0.74,883.4,130.0,2.6,886.3,46.4,1193.1,17.9,880.6,723.1,22.5,77.6,0.0172
07/12/2025,03.00.00,0.9,958.7,140.2,4.5,1075.3,55.9,1160.0,26.6,1043.9,873.3,26.5,78.6,0.0218
07/12/2025,06.00.00,0.95,1080.7,128.9,2.69,972.8,60.6,1081.0,31.3,976.9,914.3,-200.0,74.2,0.0191
07/12/2025,09.00.00,0.99,895.5,171.0,5.02,1238.0,62.6,1055.6,42.7,1062.8,732.6,24.6,82.1,0.019
07/12/2025,12.00.00,0.81,873.4,74.3,0.86,755.3,50.1,1177.5,30.9,1094.2,844.6,21.2,64.7,0.019
07/12/2025,15.00.00,0.47,807.6,92.4,0.68,778.6,32.1,1245.0,29.5,1058.0,725.1,19.4,65.4,0.0187
07/12/2025,18.00.00,1.23,877.2,122.1,1.89,778.7,81.1,948.6,62.9,1108.2,865.7,17.6,61.0,0.0191
07/12/2025,21.00.00,1.4,944.7,190.9,5.22,1116.6,94.1,938.3,67.0,1240.8,936.6,19.8,71.3,0.0176
08/12/2025,00.00.00,0.49,820.5,139.6,2.41,804.6,36.3,1170.1,25.3,1047.7,817.5,25.4,80.4,0.0196
08/12/2025,03.00.00,1.07,841.1,129.3,0.75,693.0,84.8,915.7,58.8,1085.9,905.0,22.2,71.1,0.017
08/12/2025,06.00.00,0.96,900.4,126.2,2.56,924.7,52.0,1139.8,15.4,925.6,716.9,23.3,62.5,0.0184
08/12/2025,09.00.00,1.04,956.8,175.9,-200.0,1123.9,74.2,982.9,64.7,1229.0,930.8,22.2,68.2,0.0181
08/12/2025,12.00.00,1.11,870.9,147.2,4.24,1147.5,79.6,943.5,41.1,1118.8,914.2,25.2,67.8,0.0184
08/12/2025,15.00.00,1.14,925.7,147.7,2.19,971.4,80.6,1080.5,45.6,977.0,876.2,19.4,64.7,0.0176
08/12/2025,18.00.00,1.54,1083.5,186.0,6.63,1272.4,108.9,823.9,79.0,1145.4,1005.3,19.2,66.6,0.0177
08/12/2025,21.00.00,1.26,851.7,186.7,4.39,1030.0,79.6,1149.5,56.6,1175.1,914.5,19.5,64.9,0.0168
09/12/2025,00.00.00,1.29,1089.6,193.3,4.87,1176.1,92.4,988.2,62.1,1066.4,980.2,20.8,80.4,0.0202
09/12/2025,03.00.00,0.72,839.8,110.6,2.35,943.2,55.7,1056.0,35.9,1100.1,849.7,24.1,79.7,-200.0
09/12/2025,06.00.00,0.76,905.0,144.0,2.69,930.2,49.7,1244.2,27.9,1147.2,860.7,29.6,59.7,0.0167
09/12/2025,09.00.00,0.58,959.4,151.5,3.59,1030.2,32.5,1180.2,43.4,1099.9,794.1,26.9,70.2,0.019
09/12/2025,12.00.00,1.14,1047.2,126.1,2.9,955.9,69.9,1208.2,50.4,1037.2,967.2,20.9,67.9,0.0186
09/12/2025,15.00.00,0.68,914.4,118.7,2.26,810.6,42.7,1204.6,29.5,1030.3,939.0,21.4,68.7,0.0182
09/12/2025,18.00.00,1.18,893.4,193.1,6.06,1159.0,83.6,1025.3,66.8,1239.5,949.8,18.0,72.2,0.0167
09/12/2025,21.00.00,1.05,871.0,147.7,3.46,975.7,62.6,1089.4,39.8,1066.0,844.3,17.2,79.2,0.0176
10/12/2025,00.00.00,0.81,856.7,129.4,1.5,781.4,63.3,1104.6,61.0,1177.9,789.4,24.2,78.1,0.0181
10/12/2025,03.00.00,-200.0,1032.9,148.4,3.33,981.2,55.9,1102.2,23.8,939.1,912.9,26.6,78.9,0.0165
10/12/2025,06.00.00,0.9,881.5,154.5,4.78,1096.8,67.9,986.3,43.3,1022.3,840.6,27.3,61.2,0.0192
10/12/2025,09.00.00,0.64,899.0,166.6,4.19,954.5,41.0,1222.2,30.6,1085.7,987.3,23.8,59.3,0.0178
10/12/2025,12.00.00,0.94,840.2,131.4,4.31,943.3,76.7,1098.4,44.3,1027.5,1124.7,22.2,59.5,0.0173
10/12/2025,15.00.00,0.57,787.8,77.8,0.2,709.6,18.1,1214.0,6.7,745.8,739.5,21.7,62.1,0.015
10/12/2025,18.00.00,1.17,942.2,138.1,3.47,943.2,76.3,1141.8,47.6,1068.9,812.3,20.2,69.6,0.0161
10/12/2025,21.00.00,1.0,897.0,144.6,3.04,926.1,65.4,1121.1,60.4,1163.7,941.9,19.7,75.7,0.0188
11/12/2025,00.00.00,0.69,865.7,148.2,2.31,839.2,50.2,1113.9,19.1,1050.5,997.6,19.9,84.4,0.022
11/12/2025,03.00.00,0.6,768.7,147.3,3.56,937.6,34.0,1193.7,30.9,1138.8,710.1,24.9,81.5,0.0185
11/12/2025,06.00.00,0.5,854.5,81.1,0.36,632.7,36.9,1364.8,29.3,1023.3,943.4,27.4,65.8,0.019
11/12/2025,09.00.00,0.73,996.4,172.8,5.74,1251.0,49.9,1225.6,35.1,1086.6,720.2,22.7,68.9,0.0176
11/12/2025,12.00.00,0.66,819.1,121.8,1.63,791.5,46.4,1259.4,34.1,1044.7,737.3,23.7,57.8,0.0173
11/12/2025,15.00.00,0.68,943.8,98.8,1.21,799.4,47.2,1143.7,27.7,1035.6,863.4,21.1,62.3,0.0191
11/12/2025,18.00.00,1.26,708.9,176.7,5.79,1242.3,88.3,1002.8,51.8,1093.9,1036.2,20.9,68.7,0.0178
11/12/2025,21.00.00,1.12,878.4,195.5,5.63,1201.9,82.6,1014.9,48.3,1120.3,943.2,22.0,55.3,0.0161
12/12/2025,00.00.00,1.05,792.4,174.3,4.26,1099.2,77.4,998.9,54.6,1067.1,963.7,21.5,89.6,0.0218
12/12/2025,03.00.00,0.39,933.7,69.2,0.2,669.8,24.6,1286.0,21.3,1123.7,851.0,22.1,80.7,0.0193
12/12/2025,06.00.00,0.52,923.8,99.1,2.31,944.3,37.9,1299.2,25.9,836.3,899.2,24.8,69.2,0.0195
12/12/2025,09.00.00,1.09,858.9,125.4,2.6,942.7,67.7,1189.6,46.0,1124.1,859.4,26.4,74.5,0.0179
12/12/2025,12.00.00,0.97,937.1,88.9,1.44,839.6,53.3,1113.4,31.1,1046.9,799.5,21.8,61.7,0.0192
12/12/2025,15.00.00,0.65,962.6,86.0,1.4,731.3,33.6,1126.9,17.6,996.3,874.6,19.4,65.1,0.0182
12/12/2025,18.00.00,1.54,1079.2,135.2,3.94,1038.4,91.6,1073.7,47.3,1006.4,1006.5,16.6,67.8,0.0186
12/12/2025,21.00.00,0.98,889.3,185.1,4.97,1021.0,64.5,1209.8,48.6,977.1,934.8,23.6,79.4,0.0193
13/12/2025,00.00.00,0.69,727.7,103.1,0.74,797.7,31.9,1272.3,25.0,1042.5,749.5,24.2,75.0,0.0181
13/12/2025,03.00.00,0.79,832.1,154.8,2.11,816.0,52.7,1279.8,33.4,1127.3,902.8,26.3,75.5,0.0188
13/12/2025,06.00.00,0.75,943.5,86.0,0.87,705.9,42.8,1212.3,44.2,1092.3,751.7,27.5,76.2,0.0183
13/12/2025,09.00.00,1.06,1073.8,188.7,4.93,1043.1,64.1,1006.8,37.7,1107.1,909.6,25.9,68.2,0.0193
13/12/2025,12.00.00,0.55,862.1,104.8,0.96,739.6,39.2,1099.1,17.7,938.7,825.4,22.4,62.7,0.0174
13/12/2025,15.00.00,0.61,831.1,124.4,2.93,913.9,34.7,1120.6,22.9,1014.6,812.5,20.4,69.2,0.0164
13/12/2025,18.00.00,1.07,1096.3,166.3,4.91,1217.1,62.9,1085.7,49.5,1183.6,943.5,19.1,81.1,0.0173
13/12/2025,21.00.00,0.96,943.9,136.5,3.6,1039.6,74.2,991.7,35.0,1018.0,851.2,25.2,71.5,0.0164
14/12/2025,00.00.00,0.81,811.1,130.7,2.6,868.7,57.0,1068.8,41.4,1148.4,918.3,23.9,76.3,0.0196
14/12/2025,03.00.00,0.98,908.7,135.2,2.24,771.4,62.5,1079.1,41.2,950.4,888.8,24.3,77.1,0.0176
14/12/2025,06.00.00,0.81,967.0,129.6,3.06,815.2,53.5,1201.3,12.0,904.9,805.0,26.7,77.2,0.0193
14/12/2025,09.00.00,1.1,927.1,158.1,3.63,938.8,68.2,1015.4,49.1,1134.6,812.0,23.4,64.2,0.0179
14/12/2025,12.00.00,0.41,905.2,115.8,0.93,665.0,31.8,1183.9,11.6,1079.7,927.5,25.5,59.3,0.0173
14/12/2025,15.00.00,0.49,746.8,128.1,1.43,804.7,30.5,1209.2,14.4,958.4,786.5,19.7,56.6,0.0176
14/12/2025,18.00.00,1.02,822.1,96.7,1.9,822.9,66.7,1140.1,36.0,971.6,875.3,20.8,61.2,0.0177
14/12/2025,21.00.00,0.94,861.6,140.5,3.4,974.1,59.8,1095.2,49.3,1228.7,799.5,22.6,69.2,0.015
15/12/2025,00.00.00,0.8,876.8,154.4,3.54,934.2,61.4,1115.6,55.7,1113.8,960.3,23.7,75.6,0.0184
15/12/2025,03.00.00,1.01,945.1,118.8,3.06,948.9,64.3,1202.8,42.5,1116.6,963.6,25.4,84.3,0.0201
15/12/2025,06.00.00,0.98,961.8,135.5,4.18,968.6,67.4,1290.4,20.2,957.4,959.6,26.1,73.9,0.0206
15/12/2025,09.00.00,1.03,1096.2,138.2,3.25,954.3,64.6,1128.2,50.9,1113.6,889.5,25.1,-200.0,0.0195
15/12/2025,12.00.00,1.27,900.8,128.6,3.04,984.8,79.9,1043.9,47.6,1051.0,992.3,22.1,59.6,0.0157
15/12/2025,15.00.00,1.05,904.1,112.4,1.94,814.6,73.0,940.3,34.2,1195.0,861.3,20.2,70.8,0.0179
15/12/2025,18.00.00,1.11,883.8,128.8,3.1,969.2,62.0,1119.5,50.0,1183.3,901.2,22.6,71.4,0.0166
15/12/2025,21.00.00,1.09,1006.3,223.9,6.2,1129.9,67.5,1067.5,58.6,1258.3,898.7,20.8,73.4,0.0204
16/12/2025,00.00.00,0.93,990.9,135.0,3.44,863.7,69.1,1125.9,36.2,989.4,926.0,21.8,75.1,0.02
16/12/2025,03.00.00,0.58,837.8,112.2,1.3,791.7,44.6,1145.9,11.2,817.0,706.7,24.4,81.8,0.0198
16/12/2025,06.00.00,0.53,1007.6,92.0,0.23,729.9,-200.0,1255.8,5.0,899.5,927.0,28.1,64.7,0.018
16/12/2025,09.00.00,0.69,833.4,83.0,1.57,786.3,59.8,1149.4,38.4,1229.8,992.7,26.5,66.8,0.0197
16/12/2025,12.00.00,0.43,924.0,105.6,0.2,787.0,22.8,1437.9,12.6,927.8,687.9,24.1,73.1,-200.0
16/12/2025,15.00.00,0.81,999.3,150.6,3.4,893.9,55.4,1248.2,29.2,1090.3,906.6,20.6,64.6,0.0192
16/12/2025,18.00.00,0.92,814.9,135.3,2.94,891.8,58.9,1206.6,37.7,979.1,772.7,21.2,63.0,0.0182
16/12/2025,21.00.00,0.97,957.1,138.5,2.37,882.8,60.4,1156.1,51.1,1046.5,887.1,20.0,75.9,0.0184
17/12/2025,00.00.00,0.7,692.9,107.4,1.56,824.1,57.4,1078.7,40.2,1055.2,718.4,22.9,74.2,0.0196
17/12/2025,03.00.00,0.45,911.2,119.8,1.48,758.2,15.5,1380.6,11.6,1094.1,726.1,27.1,67.2,0.019
17/12/2025,06.00.00,0.71,808.6,91.7,2.21,801.8,51.3,1081.7,40.0,1136.9,819.7,27.8,73.4,0.0184
17/12/2025,09.00.00,1.03,963.2,152.2,3.33,1000.7,73.0,1018.5,46.7,943.1,1000.0,23.8,72.5,0.0181
17/12/2025,12.00.00,0.75,942.5,115.3,1.81,829.2,48.4,1300.2,19.1,1023.0,962.1,21.8,61.9,0.0189
17/12/2025,15.00.00,0.75,968.6,173.2,5.01,1107.1,52.5,1180.4,27.3,929.0,975.9,21.4,61.1,0.0195
17/12/2025,18.00.00,0.82,960.7,150.4,4.61,1115.7,52.2,1157.1,34.5,990.1,937.7,23.2,60.5,0.0165
17/12/2025,21.00.00,1.13,940.0,185.3,6.03,1215.7,77.2,1042.7,35.3,1077.0,937.2,17.9,74.6,0.0184
18/12/2025,00.00.00,0.82,871.3,84.7,0.47,686.6,57.1,1107.1,29.9,1117.6,898.4,23.9,72.9,0.019
18/12/2025,03.00.00,0.92,905.1,103.9,2.28,856.5,54.6,954.5,44.9,1174.1,890.7,23.2,72.0,0.0191
18/12/2025,06.00.00,1.07,849.9,130.5,2.5,842.7,72.8,934.6,53.2,1135.9,835.9,25.3,81.2,0.0187
18/12/2025,09.00.00,0.88,891.3,173.3,3.87,966.9,53.7,1180.7,46.6,1110.4,941.4,24.9,68.3,0.0204
18/12/2025,12.00.00,0.57,848.5,106.6,2.66,873.9,30.9,1172.0,20.5,1076.1,840.9,22.7,65.7,0.0184
18/12/2025,15.00.00,1.19,888.1,166.5,4.4,1069.6,89.0,946.2,69.7,1068.5,1018.7,20.4,68.1,0.0188
18/12/2025,18.00.00,1.3,834.4,137.7,3.56,884.9,84.5,879.3,49.8,1227.1,793.8,20.4,71.3,0.0205
18/12/2025,21.00.00,1.04,835.0,124.2,2.9,977.8,64.4,1020.6,38.3,1001.5,924.8,20.4,71.5,0.0179
19/12/2025,00.00.00,0.84,680.2,137.5,3.13,948.8,53.1,1134.1,44.2,1094.9,929.7,21.0,79.3,0.019
19/12/2025,03.00.00,0.98,896.2,157.3,4.22,992.2,74.5,1101.2,46.5,1051.2,922.6,27.0,72.9,0.0171
19/12/2025,06.00.00,0.65,903.0,128.5,2.54,980.3,52.7,1226.4,26.0,922.9,823.0,27.8,72.1,0.0183
19/12/2025,09.00.00,1.02,734.3,126.7,3.54,988.2,57.3,1054.5,49.1,1128.6,776.7,27.1,66.1,0.0162
19/12/2025,12.00.00,0.6,889.0,120.5,1.34,703.8,28.4,1282.4,13.2,969.5,684.9,20.9,62.2,0.0185
19/12/2025,15.00.00,0.37,835.7,112.5,1.74,901.7,31.5,1128.5,11.1,937.2,805.3,21.9,55.9,0.0175
19/12/2025,18.00.00,0.93,829.7,164.4,4.19,1122.8,56.3,1123.1,34.2,1026.3,852.4,21.7,67.2,0.0177
19/12/2025,21.00.00,1.47,946.2,211.5,6.29,1198.0,105.3,949.8,76.5,1312.8,998.5,19.7,73.1,0.0185
20/12/2025,00.00.00,0.65,951.9,81.7,1.7,793.4,37.1,1209.2,25.0,1153.7,918.3,23.7,66.5,0.0189
20/12/2025,03.00.00,0.52,794.3,112.4,1.27,745.9,29.6,1357.1,33.5,1121.9,701.0,25.6,77.8,0.0176
20/12/2025,06.00.00,0.95,919.3,108.3,1.71,708.4,40.3,1265.5,22.1,1007.7,796.7,29.8,73.2,0.0188
20/12/2025,09.00.00,0.81,921.0,132.0,2.04,861.7,48.4,1177.4,34.9,925.1,963.7,29.0,75.5,0.0196
20/12/2025,12.00.00,0.94,855.5,96.5,1.59,847.2,56.4,1098.1,49.4,1141.3,847.3,20.8,62.2,0.0155
20/12/2025,15.00.00,0.67,950.7,132.9,2.16,891.3,33.5,1189.8,30.6,1069.5,805.1,25.8,57.0,0.018
20/12/2025,18.00.00,1.42,998.6,139.6,4.19,1050.1,94.4,811.4,68.0,1225.9,970.9,19.1,62.9,0.0157
20/12/2025,21.00.00,0.87,886.5,159.4,4.08,1089.1,51.1,1040.8,24.1,916.4,902.7,23.2,72.5,0.0184
21/12/2025,00.00.00,1.22,1111.6,155.6,3.96,963.8,89.4,1032.7,47.3,1148.7,824.3,25.4,75.6,0.0174
21/12/2025,03.00.00,0.5,931.0,120.4,2.37,975.3,30.8,1366.9,8.6,1043.6,778.3,24.2,72.3,0.0202
21/12/2025,06.00.00,1.02,805.0,131.4,3.72,960.5,65.6,985.6,41.0,995.3,900.6,27.6,69.2,0.0168
21/12/2025,09.00.00,1.15,911.1,175.9,5.64,1149.1,85.0,980.5,55.6,1170.4,885.1,25.7,55.5,0.015
21/12/2025,12.00.00,0.47,1029.5,108.6,0.82,696.3,30.9,1119.3,35.2,984.0,816.9,24.7,65.9,0.0181
21/12/2025,15.00.00,0.65,809.4,149.9,2.64,865.4,47.8,1082.8,13.9,948.4,898.5,22.0,58.6,0.0168
21/12/2025,18.00.00,0.62,878.5,176.8,3.75,995.6,45.9,1191.4,24.8,932.9,869.3,22.8,65.5,0.0161
21/12/2025,21.00.00,0.99,1004.4,113.5,1.42,772.1,55.1,1082.8,44.6,1054.0,990.0,21.8,65.4,0.0185
22/12/2025,00.00.00,0.85,947.8,161.9,4.34,1069.7,51.1,991.0,36.9,1023.7,823.1,23.6,73.1,0.0162
22/12/2025,03.00.00,0.68,937.9,177.4,5.04,1083.3,51.5,1280.2,6.0,953.0,889.3,27.9,72.2,0.0173
22/12/2025,06.00.00,0.4,899.0,140.6,1.76,826.4,13.9,1326.7,5.0,982.3,774.9,27.9,69.8,0.0176
22/12/2025,09.00.00,1.37,965.8,206.4,6.59,1215.9,107.1,776.0,71.8,1272.3,1004.9,27.3,66.6,0.019
22/12/2025,12.00.00,0.78,837.8,137.8,3.14,988.5,54.0,1140.0,47.1,1042.6,941.5,22.8,69.9,0.0198
22/12/2025,15.00.00,0.75,920.5,112.2,2.02,881.2,53.4,1126.3,52.0,1133.2,880.5,20.0,67.7,0.0194
22/12/2025,18.00.00,0.94,884.2,135.3,3.21,954.3,56.4,1151.7,38.8,978.5,785.2,19.9,72.6,0.0184
22/12/2025,21.00.00,0.97,883.0,168.2,4.58,1049.3,58.3,1081.4,42.4,1061.9,927.4,20.7,80.5,0.0163
23/12/2025,00.00.00,0.66,982.9,83.3,0.81,744.1,44.0,1205.3,18.9,978.6,797.0,25.3,77.5,0.0194
23/12/2025,03.00.00,0.56,840.1,78.9,0.46,645.1,38.6,1282.7,30.2,956.4,793.1,27.8,73.5,0.0204
23/12/2025,06.00.00,0.77,1011.5,113.8,1.93,835.4,53.5,1027.0,48.5,1133.0,843.1,26.7,75.7,0.0203
23/12/2025,09.00.00,1.19,961.4,156.8,4.64,1082.8,67.9,1004.9,62.7,1139.8,955.3,28.6,68.6,0.0187
23/12/2025,12.00.00,0.57,857.6,105.1,0.9,880.0,43.1,1251.9,26.4,1016.4,904.7,26.3,63.3,0.0163
23/12/2025,15.00.00,1.09,804.2,137.2,2.62,831.3,64.2,1034.9,31.4,1111.4,881.4,22.3,55.0,0.0163
23/12/2025,18.00.00,1.0,1068.4,152.0,3.78,862.5,69.1,1048.0,50.9,1073.7,892.1,19.6,63.8,0.0201
23/12/2025,21.00.00,1.11,932.8,136.7,2.74,875.4,70.1,1011.7,65.3,1220.7,767.1,24.6,69.0,0.0165
24/12/2025,00.00.00,0.83,741.0,85.4,0.2,574.6,52.7,1103.9,28.7,1115.7,808.4,24.0,79.6,0.0178
24/12/2025,03.00.00,0.84,970.5,50.9,1.54,756.5,61.6,1052.4,20.1,1076.9,818.6,26.5,74.5,0.0198
24/12/2025,06.00.00,0.89,903.5,114.1,2.62,827.7,51.3,1042.7,28.2,999.7,875.7,26.6,76.5,0.0184
24/12/2025,09.00.00,1.09,865.6,168.5,4.33,1011.3,65.4,1109.7,45.8,1015.0,888.7,24.7,72.7,0.0171
24/12/2025,12.00.00,0.56,933.0,109.1,2.32,811.7,38.3,1293.3,5.6,872.5,751.4,21.6,69.6,0.0201
24/12/2025,15.00.00,0.88,727.5,148.1,3.07,994.5,51.9,1126.2,34.5,927.0,866.5,23.1,67.7,0.0186
24/12/2025,18.00.00,1.04,874.3,155.6,3.44,974.0,75.3,1099.3,59.8,1187.1,921.3,19.8,62.7,0.0172
24/12/2025,21.00.00,1.01,899.9,127.4,2.85,980.2,68.0,1020.5,68.8,1227.5,726.3,27.2,70.8,0.017
25/12/2025,00.00.00,0.76,951.1,117.9,2.6,898.9,47.7,1117.4,16.3,973.2,920.7,22.4,73.8,0.0211
25/12/2025,03.00.00,0.91,1066.3,123.5,2.41,929.9,59.2,1137.0,44.0,979.6,948.3,24.2,68.1,0.0181
25/12/2025,06.00.00,0.91,892.1,149.9,3.92,1005.8,62.9,1119.5,-200.0,1069.2,872.1,28.1,68.2,0.0198
25/12/2025,09.00.00,1.25,982.1,180.7,5.07,1219.3,84.7,967.4,65.7,1259.5,978.8,29.0,69.6,0.0193
25/12/2025,12.00.00,0.59,1063.1,106.3,3.41,1000.1,41.6,1246.2,15.7,1005.6,802.0,24.4,63.9,0.0171
25/12/2025,15.00.00,0.95,913.8,106.4,2.08,804.7,58.6,1003.9,25.7,1057.6,763.6,23.1,71.8,0.0178
25/12/2025,18.00.00,0.88,938.5,143.5,4.37,1099.3,50.9,1121.3,40.5,1293.6,1004.1,18.1,70.1,0.02
25/12/2025,21.00.00,1.17,853.5,166.8,6.92,1309.1,81.8,1068.2,59.6,1161.4,997.9,21.0,85.3,0.0214
26/12/2025,00.00.00,0.54,1002.3,107.2,1.92,821.7,41.3,1270.3,20.0,829.0,889.8,22.5,77.7,0.0167
26/12/2025,03.00.00,0.89,856.8,108.7,2.85,925.6,49.9,1217.3,43.9,998.4,829.8,23.3,77.1,0.0196
26/12/2025,06.00.00,0.71,903.4,98.8,1.37,821.2,55.2,1205.6,30.2,1042.3,944.4,27.6,63.7,0.0176
26/12/2025,09.00.00,1.13,952.4,163.8,5.06,1014.6,70.9,1015.7,33.0,1033.4,816.8,22.7,73.2,0.0174
26/12/2025,12.00.00,0.61,878.7,135.6,2.71,888.2,30.1,1113.0,16.4,953.7,773.2,22.1,60.7,0.0178
26/12/2025,15.00.00,0.6,841.2,94.9,1.04,786.1,36.2,1198.1,27.3,998.3,860.5,21.3,59.8,0.0158
26/12/2025,18.00.00,1.16,956.6,148.3,5.2,1157.9,82.2,1039.8,62.4,1094.7,902.8,20.0,74.2,0.0181
26/12/2025,21.00.00,0.82,1021.7,150.5,3.63,932.7,55.4,1187.1,45.7,1108.9,929.9,22.9,77.4,0.018
27/12/2025,00.00.00,0.88,1065.4,161.8,2.53,759.9,45.7,1129.2,43.3,1170.8,858.5,25.0,80.6,0.0187
27/12/2025,03.00.00,0.34,828.3,134.8,2.15,947.6,26.1,1192.1,5.0,1041.4,792.9,28.1,71.6,0.0184
27/12/2025,06.00.00,0.82,867.0,152.2,3.44,966.8,62.7,1017.2,34.6,1157.7,837.6,28.8,68.9,0.017
27/12/2025,09.00.00,1.33,903.2,160.1,4.61,1171.5,88.4,914.4,78.3,1146.2,993.6,28.5,63.0,0.0196
27/12/2025,12.00.00,0.46,1043.0,115.1,2.36,917.7,30.2,1097.4,5.0,918.6,925.8,24.5,65.4,0.0185
27/12/2025,15.00.00,1.08,938.1,155.9,4.68,1051.2,74.4,985.8,45.6,1060.4,935.5,22.9,69.6,0.0204
27/12/2025,18.00.00,0.84,979.3,136.5,2.94,791.7,62.3,1092.1,58.9,1177.2,925.9,22.4,-200.0,0.0179
27/12/2025,21.00.00,1.05,975.0,131.7,3.82,987.6,67.2,1056.2,-200.0,1141.4,950.8,22.6,81.7,0.0187
28/12/2025,00.00.00,0.64,1031.9,86.9,0.2,667.0,36.0,1193.7,28.9,999.8,727.8,23.9,80.2,0.0213
28/12/2025,03.00.00,1.0,902.5,136.5,3.69,1025.7,66.5,1012.3,48.1,1194.2,890.3,26.2,73.7,-200.0
28/12/2025,06.00.00,1.06,849.9,147.1,5.15,1078.6,81.9,944.5,40.4,1068.4,934.4,26.2,75.2,-200.0
28/12/2025,09.00.00,0.88,1035.8,128.1,3.24,967.3,61.0,1050.5,59.6,1146.9,734.3,27.4,72.6,0.0194
28/12/2025,12.00.00,0.75,952.7,141.9,2.39,887.2,49.6,1208.3,18.8,1004.0,904.1,24.4,71.5,0.0169
28/12/2025,15.00.00,0.69,914.8,124.4,2.35,927.7,58.1,1109.2,24.6,1045.9,809.2,21.4,68.9,0.0191
28/12/2025,18.00.00,0.91,1016.3,69.1,2.35,856.7,44.8,1429.5,39.6,1106.3,881.9,20.5,67.5,0.0188
28/12/2025,21.00.00,1.38,1001.4,164.4,5.25,1173.2,92.7,909.8,60.6,1250.9,925.1,20.4,72.4,0.02
29/12/2025,00.00.00,0.63,985.9,114.7,1.18,777.6,47.0,1199.8,31.2,934.9,984.1,26.4,76.8,0.02
29/12/2025,03.00.00,0.4,865.3,94.5,1.06,798.4,29.7,1226.5,22.7,1013.7,769.7,27.0,82.6,0.021
29/12/2025,06.00.00,0.53,926.9,99.5,0.65,666.6,-200.0,1180.5,41.7,1059.5,950.1,26.3,73.2,0.0185
29/12/2025,09.00.00,0.75,926.9,146.3,4.01,862.5,55.7,1246.4,-200.0,1066.5,855.1,28.2,65.8,0.0169
29/12/2025,12.00.00,1.02,899.4,145.8,3.5,969.5,71.4,1122.8,38.1,1105.4,910.5,23.8,62.2,0.0201
29/12/2025,15.00.00,0.49,845.0,102.5,1.22,753.1,38.6,1066.7,30.7,1113.5,925.4,20.2,62.2,0.0158
29/12/2025,18.00.00,1.49,951.4,167.5,5.4,1099.4,101.2,812.0,62.5,1108.4,939.5,23.5,64.3,0.0161
29/12/2025,21.00.00,1.17,958.6,156.3,3.76,924.7,-200.0,1030.2,61.6,1264.6,918.8,21.7,73.2,0.0193
30/12/2025,00.00.00,0.66,847.7,155.7,2.93,896.7,34.6,1185.7,22.1,888.2,841.5,24.2,84.2,0.0215
30/12/2025,03.00.00,0.66,909.6,110.2,1.36,772.5,41.9,1069.8,30.0,1061.3,854.0,27.0,73.0,0.0188
30/12/2025,06.00.00,1.01,949.5,147.6,3.67,1004.0,64.6,1086.1,22.3,926.7,896.9,29.8,68.7,0.0194
30/12/2025,09.00.00,0.72,900.9,90.5,1.28,646.3,29.6,1102.0,5.0,875.1,782.1,27.0,60.1,0.015
30/12/2025,12.00.00,0.61,888.5,142.9,2.71,811.3,38.6,1217.3,8.9,939.8,875.0,22.8,66.3,0.0174
30/12/2025,15.00.00,0.9,868.9,145.3,4.06,1097.4,62.5,1146.0,56.2,1096.8,899.8,23.7,68.1,0.0159
30/12/2025,18.00.00,0.97,896.4,178.1,4.98,1112.9,64.0,1149.7,36.2,844.4,959.7,21.0,75.1,0.0197
30/12/2025,21.00.00,0.77,775.9,179.9,4.91,1116.6,52.2,1127.6,47.7,1133.5,883.9,25.9,70.4,0.0165
31/12/2025,00.00.00,0.84,892.9,140.0,2.51,815.2,48.0,1280.8,23.3,1048.0,889.5,25.0,77.8,0.0175
31/12/2025,03.00.00,0.96,845.8,173.1,4.33,1061.4,63.3,1110.2,36.8,1036.0,969.2,23.3,76.2,0.0195
31/12/2025,06.00.00,0.79,901.7,169.5,4.17,1025.1,49.3,1221.3,30.1,1003.6,826.1,28.6,72.0,0.0198
31/12/2025,09.00.00,0.77,842.1,91.3,1.67,775.1,49.4,1094.3,55.0,1094.0,925.5,30.4,63.5,0.0175
31/12/2025,12.00.00,0.68,738.1,81.8,0.82,647.2,34.2,1350.6,27.1,888.5,791.7,27.6,59.4,0.018
31/12/2025,15.00.00,0.69,1040.2,67.8,0.46,646.3,50.2,1148.8,35.0,912.7,752.5,26.0,60.2,0.0181
31/12/2025,18.00.00,0.74,872.7,134.6,4.23,1160.3,47.9,1286.5,50.7,1159.0,820.8,20.2,69.8,0.018
31/12/2025,21.00.00,1.23,1048.8,155.0,2.9,906.1,86.8,1074.4,55.5,1196.6,910.0,24.4,69.1,0.0169
01/01/2026,00.00.00,1.21,908.0,88.6,1.3,817.0,76.4,1038.8,58.0,1173.9,955.4,23.9,74.5,0.0194
01/01/2026,03.00.00,0.46,973.7,67.8,0.26,663.8,35.0,1257.3,30.7,1049.5,785.1,27.6,82.3,0.0201
01/01/2026,06.00.00,0.73,807.3,85.8,0.37,668.0,54.6,1112.7,42.7,1125.7,872.7,26.0,84.8,0.0207
01/01/2026,09.00.00,1.53,996.2,157.7,4.94,1084.1,84.7,911.0,59.0,1186.0,1025.1,26.1,59.0,0.0177
01/01/2026,12.00.00,1.14,859.9,154.1,2.23,936.0,78.5,1055.0,44.3,1022.3,1039.5,24.0,55.5,0.0156
01/01/2026,15.00.00,1.1,1114.6,112.1,2.01,861.8,89.8,994.5,47.0,1103.5,989.9,24.5,55.8,0.0179
01/01/2026,18.00.00,0.63,858.5,134.2,2.64,857.6,42.1,1060.2,26.0,983.3,902.2,23.5,64.6,0.0178
01/01/2026,21.00.00,0.84,958.5,133.6,3.63,973.1,62.4,1081.3,37.5,1030.3,874.8,23.5,75.7,0.0182
02/01/2026,00.00.00,0.83,931.1,60.4,0.3,737.3,56.4,1187.3,38.7,1134.4,759.9,22.9,79.4,0.0188
02/01/2026,03.00.00,0.59,869.0,79.4,0.58,548.6,31.8,1358.1,17.5,1080.1,713.0,26.8,75.2,0.0179
02/01/2026,06.00.00,1.21,981.7,130.3,3.39,989.4,77.4,1071.1,52.3,944.9,918.5,27.0,73.2,0.0197
02/01/2026,09.00.00,1.01,1015.9,141.2,4.0,1059.8,80.7,875.2,62.9,1133.7,997.7,28.8,59.6,0.0157
02/01/2026,12.00.00,0.32,885.5,72.6,0.92,696.1,29.2,1169.5,7.5,908.6,774.2,27.2,58.2,0.016
02/01/2026,15.00.00,0.61,884.5,142.1,3.34,975.6,42.7,1158.7,15.6,1043.7,911.2,24.9,60.2,0.017
02/01/2026,18.00.00,-200.0,975.8,180.0,5.84,1232.3,54.7,1238.3,39.6,957.0,992.4,21.0,59.1,0.0193
02/01/2026,21.00.00,1.07,1062.5,114.3,3.19,885.2,61.4,1044.3,38.3,844.1,822.1,18.5,69.2,0.0195
03/01/2026,00.00.00,0.72,857.1,90.4,0.49,742.9,46.1,1254.0,19.8,1036.7,987.2,22.4,71.3,0.0164
03/01/2026,03.00.00,0.76,761.0,136.5,2.5,904.1,61.9,1040.8,55.3,1188.7,771.2,29.9,75.9,0.0205
03/01/2026,06.00.00,0.31,760.5,128.8,1.71,804.1,32.8,1278.4,5.0,795.2,927.9,27.7,71.2,0.02
03/01/2026,09.00.00,0.69,810.8,86.6,2.39,882.4,36.7,1141.5,51.0,1095.1,807.6,26.2,68.1,0.0167
03/01/2026,12.00.00,0.38,784.2,102.7,1.87,866.5,25.3,1258.2,18.5,1081.3,759.5,28.2,49.5,0.0134
03/01/2026,15.00.00,0.51,801.4,136.7,4.29,1185.4,36.5,1127.2,32.5,954.4,808.8,25.4,52.6,0.0166
03/01/2026,18.00.00,1.1,929.8,107.6,2.08,880.8,74.0,1145.3,62.6,1157.4,866.1,22.4,69.3,0.0196
03/01/2026,21.00.00,1.02,939.4,162.9,3.45,1021.9,72.3,982.8,59.0,1171.6,1022.1,22.7,57.9,0.0191
04/01/2026,00.00.00,0.44,869.3,128.8,3.32,976.0,32.7,1112.9,36.9,947.5,749.5,25.3,80.9,0.0182
04/01/2026,03.00.00,0.57,817.0,82.7,0.55,806.5,26.1,1139.5,5.3,881.9,738.7,28.0,64.4,0.0199
04/01/2026,06.00.00,0.48,926.8,114.1,2.58,814.8,36.4,1211.4,21.0,865.6,712.5,31.2,71.6,0.0158
04/01/2026,09.00.00,0.74,926.2,168.9,3.59,895.2,45.1,1137.8,27.4,998.2,784.2,28.3,59.0,0.0169
04/01/2026,12.00.00,0.51,972.3,99.3,2.99,942.1,33.4,1285.0,5.0,864.6,751.1,26.7,65.0,0.0174
04/01/2026,15.00.00,0.73,946.7,148.2,4.25,1090.1,43.4,1164.0,20.3,995.8,776.6,25.3,76.1,0.0202
04/01/2026,18.00.00,1.07,904.4,151.9,4.72,956.6,78.2,1102.4,75.2,1245.2,922.2,20.5,56.0,0.0186
04/01/2026,21.00.00,1.03,1014.4,76.4,1.24,767.2,56.2,1088.0,41.1,1161.7,790.6,24.6,73.8,0.0198
05/01/2026,00.00.00,0.61,892.9,118.8,1.24,757.7,46.2,1251.2,48.5,1257.1,950.2,25.1,65.8,0.0163
05/01/2026,03.00.00,0.63,930.9,133.9,4.5,1118.1,41.6,1115.6,46.7,1101.2,814.2,23.4,79.0,0.0201
05/01/2026,06.00.00,1.07,979.0,95.1,1.22,789.9,64.9,955.1,70.2,1158.6,920.9,25.0,71.0,0.019
05/01/2026,09.00.00,0.77,884.0,146.5,3.76,908.0,52.6,1071.2,59.7,1112.4,918.1,26.0,65.8,0.0159
05/01/2026,12.00.00,0.93,919.2,72.3,0.2,609.6,63.4,992.5,62.9,1084.1,1032.1,26.5,55.4,0.0145
05/01/2026,15.00.00,0.58,860.5,57.6,0.2,624.6,30.3,1149.4,22.0,1019.4,854.5,23.7,65.2,0.0191
05/01/2026,18.00.00,1.33,899.5,183.3,5.88,1249.2,89.2,987.0,65.6,1127.8,950.3,22.9,58.3,0.017
05/01/2026,21.00.00,0.92,760.5,129.6,3.39,992.5,56.6,1096.1,46.0,1120.3,794.6,26.8,74.9,0.0172
06/01/2026,00.00.00,0.69,833.8,107.0,0.83,694.3,28.4,1269.4,17.6,905.1,808.8,23.6,74.0,0.0184
06/01/2026,03.00.00,0.53,877.0,97.6,0.55,710.2,33.9,1272.5,22.5,957.5,876.2,27.8,66.6,0.0184
06/01/2026,06.00.00,1.09,1006.7,128.9,1.09,695.8,77.6,877.3,55.6,1152.7,942.7,29.2,76.8,0.0188
06/01/2026,09.00.00,0.79,950.8,150.9,3.84,1128.0,49.2,1199.7,33.8,1026.6,852.1,-200.0,64.4,0.0159
06/01/2026,12.00.00,0.62,855.2,115.3,1.47,821.1,40.2,1102.6,11.1,810.2,835.5,25.8,70.0,0.0206
06/01/2026,15.00.00,0.67,833.2,78.2,0.2,712.2,37.7,1165.6,27.0,1006.9,682.1,20.9,69.5,0.0195
06/01/2026,18.00.00,0.79,882.4,160.6,3.05,1015.8,49.3,1002.2,31.6,970.4,858.1,25.1,59.9,0.017
06/01/2026,21.00.00,0.8,827.4,158.4,4.34,1118.6,63.3,1136.0,41.3,1148.0,941.1,22.4,71.6,0.0181
07/01/2026,00.00.00,0.61,725.2,103.1,1.37,781.7,35.7,1086.1,20.7,1050.9,804.0,29.3,72.3,0.0189
07/01/2026,03.00.00,0.51,753.3,122.6,1.92,821.8,39.5,1106.6,20.8,823.2,897.1,27.9,81.2,0.018
07/01/2026,06.00.00,0.66,975.9,102.5,1.79,890.4,38.7,1116.5,35.1,1096.4,896.9,30.6,70.0,0.0187
07/01/2026,09.00.00,0.72,1016.1,104.1,1.76,818.4,40.1,1189.1,31.2,1052.1,785.1,27.9,64.7,0.0162
07/01/2026,12.00.00,0.7,936.3,122.6,1.92,791.1,41.2,1181.2,37.1,944.7,854.5,25.8,-200.0,0.0173
07/01/2026,15.00.00,0.83,894.9,161.5,3.92,1130.1,67.4,1128.0,43.8,1136.9,905.2,22.7,61.7,0.0162
07/01/2026,18.00.00,0.79,797.7,166.0,4.28,1005.2,49.8,1142.9,38.0,962.3,707.3,23.0,72.0,0.0171
07/01/2026,21.00.00,0.9,896.2,156.3,4.31,963.8,56.9,1192.9,44.8,1159.5,857.5,24.3,70.6,0.0203
08/01/2026,00.00.00,0.62,916.8,112.2,1.56,853.1,52.7,1166.6,19.8,933.9,786.1,24.6,73.2,0.0187
08/01/2026,03.00.00,0.69,941.5,139.0,2.48,844.9,38.0,1134.2,27.0,901.6,823.5,27.9,70.8,0.0186
08/01/2026,06.00.00,0.4,896.5,103.6,2.23,885.3,37.0,1161.5,31.5,1174.3,858.9,-200.0,67.0,0.0156
08/01/2026,09.00.00,0.58,954.1,96.1,0.89,834.9,21.0,1415.7,30.9,915.5,747.9,32.0,53.7,0.0161
08/01/2026,12.00.00,0.95,1050.3,80.8,2.47,809.3,67.3,1161.5,28.2,956.5,839.0,25.8,56.7,0.0177
08/01/2026,15.00.00,0.85,874.0,156.6,3.64,993.4,62.7,1152.3,23.7,952.1,904.6,26.5,66.7,0.0182
08/01/2026,18.00.00,1.02,1118.7,162.9,5.26,1231.0,62.3,1164.8,41.3,1033.2,1058.1,22.6,64.7,0.0152
08/01/2026,21.00.00,1.31,815.9,113.1,2.47,922.3,85.5,1009.9,74.8,1248.2,804.3,24.3,74.1,0.0189
09/01/2026,00.00.00,0.59,816.1,148.3,3.89,1010.1,42.8,1212.7,28.8,1019.1,844.7,23.8,63.4,0.0181
09/01/2026,03.00.00,0.58,883.2,142.0,2.93,1059.7,34.0,1233.8,13.4,1023.7,764.1,27.4,76.7,0.0204
09/01/2026,06.00.00,0.97,955.3,172.7,3.16,944.8,64.9,1211.6,25.7,1028.8,864.8,29.4,67.9,0.0173
09/01/2026,09.00.00,1.05,913.3,127.9,3.95,1047.5,76.5,980.2,48.6,977.3,922.2,30.9,59.1,0.0146
09/01/2026,12.00.00,0.49,823.6,98.7,1.75,906.9,28.5,1276.9,10.1,979.0,761.3,26.5,60.9,0.0163
09/01/2026,15.00.00,0.36,996.9,104.4,1.17,814.8,43.0,1048.2,36.0,1060.5,871.2,26.3,56.8,0.0158
09/01/2026,18.00.00,1.02,884.0,146.7,4.31,1132.0,82.7,872.0,69.4,1133.9,931.2,24.2,54.0,0.0177
09/01/2026,21.00.00,0.97,845.1,119.8,1.51,744.2,55.2,1269.4,31.7,1172.0,714.1,26.7,73.4,0.0153
10/01/2026,00.00.00,0.83,1018.3,89.8,0.68,782.4,61.6,1141.3,45.7,1125.5,974.4,26.1,75.3,0.0182
10/01/2026,03.00.00,0.6,931.0,181.3,4.89,1124.0,46.5,1150.4,35.3,1107.3,918.6,32.4,68.6,0.0199
10/01/2026,06.00.00,0.5,936.5,103.8,1.53,754.5,32.4,1244.5,8.3,1001.4,754.6,28.4,64.6,-200.0
10/01/2026,09.00.00,1.05,939.4,165.3,4.29,1069.4,72.0,931.1,51.8,1077.9,919.6,27.0,57.1,0.0182
10/01/2026,12.00.00,0.6,776.1,104.7,2.17,866.8,49.1,1120.3,33.8,1079.7,932.5,24.1,62.8,0.0157
10/01/2026,15.00.00,0.34,846.4,117.0,0.44,794.5,31.8,1124.1,21.4,1007.6,867.9,28.0,66.1,0.016
10/01/2026,18.00.00,0.59,765.2,99.6,2.5,908.8,46.0,1146.2,19.4,938.8,933.1,24.6,65.3,0.0196
10/01/2026,21.00.00,0.9,925.3,125.8,3.14,904.9,49.5,1207.1,40.0,974.4,874.6,23.5,-200.0,0.0179
